Index,Prompt_ID,Video_File,Tracking_JSON,Module,Metric,Evaluator,Measurement_Method,Tracking_Objects,Num_Objects,View,Motion_Axis,Scale_Mode,Calibration_Object,Calibration_Dimension,Calibration_Value_m,Target_Type,Target_Value,Target_Unit,Known_Parameters_JSON
1,V001,V001.mp4,tracking_json/V001.json,B1.1,velocity,eval_velocity,linear_fit,object_center,1,fixed_side,x,standard_object,standard_tennis_ball,diameter,0.067,target_speed,0.18,m/s,"{""motion_type"": ""constant_speed"", ""object"": ""standard_tennis_ball""}"
2,V002,V002.mp4,tracking_json/V002.json,B1.1,velocity,eval_velocity,linear_fit,object_center,1,fixed_side,x,standard_object,standard_basketball,diameter,0.24,target_speed,0.3,m/s,"{""motion_type"": ""constant_speed"", ""object"": ""standard_basketball""}"
3,V003,V003.mp4,tracking_json/V003.json,B1.1,velocity,eval_velocity,linear_fit,object_center,1,fixed_side,x,standard_object,standard_hockey_puck,diameter,0.0762,target_speed,0.2,m/s,"{""motion_type"": ""constant_speed"", ""object"": ""standard_hockey_puck""}"
4,V004,V004.mp4,tracking_json/V004.json,B1.1,velocity,eval_velocity,linear_fit,object_center,1,fixed_side,x,standard_object,standard_ping_pong_ball,diameter,0.04,target_speed,0.08,m/s,"{""motion_type"": ""constant_speed"", ""object"": ""standard_ping_pong_ball""}"
5,V005,V005.mp4,tracking_json/V005.json,B1.1,velocity,eval_velocity,linear_fit,object_center,1,fixed_top,x,standard_object,standard_golf_ball,diameter,0.0427,target_speed,0.15,m/s,"{""motion_type"": ""constant_speed"", ""object"": ""standard_golf_ball""}"
6,V006,V006.mp4,tracking_json/V006.json,B1.1,velocity,eval_velocity,linear_fit,object_center,1,fixed_side,x,standard_object,standard_baseball,diameter,0.073,target_speed,0.18,m/s,"{""motion_type"": ""constant_speed"", ""object"": ""standard_baseball""}"
7,V007,V007.mp4,tracking_json/V007.json,B1.1,velocity,eval_velocity,linear_fit,object_center,1,fixed_side,x,standard_object,standard_soccer_ball,diameter,0.22,target_speed,0.15,m/s,"{""motion_type"": ""constant_speed"", ""object"": ""standard_soccer_ball""}"
8,V008,V008.mp4,tracking_json/V008.json,B1.1,velocity,eval_velocity,linear_fit,object_center,1,fixed_side,x,standard_object,standard_volleyball,diameter,0.21,target_speed,0.22,m/s,"{""motion_type"": ""constant_speed"", ""object"": ""standard_volleyball""}"
9,V009,V009.mp4,tracking_json/V009.json,B1.1,velocity,eval_velocity,linear_fit,object_center,1,fixed_side,x,standard_object,standard_tennis_ball,diameter,0.067,target_speed,0.15,m/s,"{""motion_type"": ""constant_speed"", ""object"": ""standard_tennis_ball""}"
10,V010,V010.mp4,tracking_json/V010.json,B1.1,velocity,eval_velocity,linear_fit,object_center,1,fixed_top,x,standard_object,standard_basketball,diameter,0.24,target_speed,0.2,m/s,"{""motion_type"": ""constant_speed"", ""object"": ""standard_basketball""}"
11,V011,V011.mp4,tracking_json/V011.json,B1.1,velocity,eval_velocity,linear_fit,object_center,1,fixed_side,x,standard_object,standard_hockey_puck,diameter,0.0762,target_speed,0.18,m/s,"{""motion_type"": ""constant_speed"", ""object"": ""standard_hockey_puck""}"
12,V012,V012.mp4,tracking_json/V012.json,B1.1,velocity,eval_velocity,linear_fit,object_center,1,fixed_side,x,standard_object,standard_ping_pong_ball,diameter,0.04,target_speed,0.08,m/s,"{""motion_type"": ""constant_speed"", ""object"": ""standard_ping_pong_ball""}"
13,V013,V013.mp4,tracking_json/V013.json,B1.1,velocity,eval_velocity,linear_fit,object_center,1,fixed_side,x,standard_object,standard_golf_ball,diameter,0.0427,target_speed,0.15,m/s,"{""motion_type"": ""constant_speed"", ""object"": ""standard_golf_ball""}"
14,V014,V014.mp4,tracking_json/V014.json,B1.1,velocity,eval_velocity,linear_fit,object_center,1,fixed_side,x,standard_object,standard_baseball,diameter,0.073,target_speed,0.15,m/s,"{""motion_type"": ""constant_speed"", ""object"": ""standard_baseball""}"
15,V015,V015.mp4,tracking_json/V015.json,B1.1,velocity,eval_velocity,linear_fit,object_center,1,fixed_top,x,standard_object,standard_soccer_ball,diameter,0.22,target_speed,0.22,m/s,"{""motion_type"": ""constant_speed"", ""object"": ""standard_soccer_ball""}"
16,V016,V016.mp4,tracking_json/V016.json,B1.1,velocity,eval_velocity,linear_fit,object_center,1,fixed_side,x,standard_object,standard_volleyball,diameter,0.21,target_speed,0.3,m/s,"{""motion_type"": ""constant_speed"", ""object"": ""standard_volleyball""}"
17,V017,V017.mp4,tracking_json/V017.json,B1.1,velocity,eval_velocity,linear_fit,object_center,1,fixed_side,x,standard_object,standard_tennis_ball,diameter,0.067,target_speed,0.12,m/s,"{""motion_type"": ""constant_speed"", ""object"": ""standard_tennis_ball""}"
18,V018,V018.mp4,tracking_json/V018.json,B1.1,velocity,eval_velocity,linear_fit,object_center,1,fixed_side,x,standard_object,standard_basketball,diameter,0.24,target_speed,0.28,m/s,"{""motion_type"": ""constant_speed"", ""object"": ""standard_basketball""}"
19,V019,V019.mp4,tracking_json/V019.json,B1.1,velocity,eval_velocity,linear_fit,object_center,1,fixed_side,x,standard_object,standard_hockey_puck,diameter,0.0762,target_speed,0.15,m/s,"{""motion_type"": ""constant_speed"", ""object"": ""standard_hockey_puck""}"
20,V020,V020.mp4,tracking_json/V020.json,B1.1,velocity,eval_velocity,linear_fit,object_center,1,fixed_top,x,standard_object,standard_ping_pong_ball,diameter,0.04,target_speed,0.08,m/s,"{""motion_type"": ""constant_speed"", ""object"": ""standard_ping_pong_ball""}"
21,V021,V021.mp4,tracking_json/V021.json,B1.1,velocity,eval_velocity,linear_fit,object_center,1,fixed_side,x,standard_object,standard_golf_ball,diameter,0.0427,target_speed,0.15,m/s,"{""motion_type"": ""constant_speed"", ""object"": ""standard_golf_ball""}"
22,V022,V022.mp4,tracking_json/V022.json,B1.1,velocity,eval_velocity,linear_fit,object_center,1,fixed_side,x,standard_object,standard_baseball,diameter,0.073,target_speed,0.12,m/s,"{""motion_type"": ""constant_speed"", ""object"": ""standard_baseball""}"
23,V023,V023.mp4,tracking_json/V023.json,B1.1,velocity,eval_velocity,linear_fit,object_center,1,fixed_side,x,standard_object,standard_soccer_ball,diameter,0.22,target_speed,0.3,m/s,"{""motion_type"": ""constant_speed"", ""object"": ""standard_soccer_ball""}"
24,V024,V024.mp4,tracking_json/V024.json,B1.1,velocity,eval_velocity,linear_fit,object_center,1,fixed_side,x,standard_object,standard_volleyball,diameter,0.21,target_speed,0.2,m/s,"{""motion_type"": ""constant_speed"", ""object"": ""standard_volleyball""}"
25,V025,V025.mp4,tracking_json/V025.json,B1.1,velocity,eval_velocity,linear_fit,object_center,1,fixed_top,x,standard_object,standard_tennis_ball,diameter,0.067,target_speed,0.1,m/s,"{""motion_type"": ""constant_speed"", ""object"": ""standard_tennis_ball""}"
26,V026,V026.mp4,tracking_json/V026.json,B1.1,velocity,eval_velocity,linear_fit,object_center,1,fixed_side,x,standard_object,standard_basketball,diameter,0.24,target_speed,0.18,m/s,"{""motion_type"": ""constant_speed"", ""object"": ""standard_basketball""}"
27,V027,V027.mp4,tracking_json/V027.json,B1.1,velocity,eval_velocity,linear_fit,object_center,1,fixed_side,x,standard_object,standard_hockey_puck,diameter,0.0762,target_speed,0.12,m/s,"{""motion_type"": ""constant_speed"", ""object"": ""standard_hockey_puck""}"
28,V028,V028.mp4,tracking_json/V028.json,B1.1,velocity,eval_velocity,linear_fit,object_center,1,fixed_side,x,standard_object,standard_ping_pong_ball,diameter,0.04,target_speed,0.08,m/s,"{""motion_type"": ""constant_speed"", ""object"": ""standard_ping_pong_ball""}"
29,V029,V029.mp4,tracking_json/V029.json,B1.1,velocity,eval_velocity,linear_fit,object_center,1,fixed_side,x,standard_object,standard_golf_ball,diameter,0.0427,target_speed,0.15,m/s,"{""motion_type"": ""constant_speed"", ""object"": ""standard_golf_ball""}"
30,V030,V030.mp4,tracking_json/V030.json,B1.1,velocity,eval_velocity,linear_fit,object_center,1,fixed_top,x,standard_object,standard_baseball,diameter,0.073,target_speed,0.1,m/s,"{""motion_type"": ""constant_speed"", ""object"": ""standard_baseball""}"
31,V031,V031.mp4,tracking_json/V031.json,B1.1,velocity,eval_velocity,linear_fit,object_center,1,fixed_side,x,standard_object,standard_soccer_ball,diameter,0.22,target_speed,0.2,m/s,"{""motion_type"": ""constant_speed"", ""object"": ""standard_soccer_ball""}"
32,V032,V032.mp4,tracking_json/V032.json,B1.1,velocity,eval_velocity,linear_fit,object_center,1,fixed_side,x,standard_object,standard_volleyball,diameter,0.21,target_speed,0.28,m/s,"{""motion_type"": ""constant_speed"", ""object"": ""standard_volleyball""}"
33,V033,V033.mp4,tracking_json/V033.json,B1.1,velocity,eval_velocity,linear_fit,object_center,1,fixed_side,x,standard_object,standard_tennis_ball,diameter,0.067,target_speed,0.2,m/s,"{""motion_type"": ""constant_speed"", ""object"": ""standard_tennis_ball""}"
34,V034,V034.mp4,tracking_json/V034.json,B1.1,velocity,eval_velocity,linear_fit,object_center,1,fixed_side,x,standard_object,standard_basketball,diameter,0.24,target_speed,0.25,m/s,"{""motion_type"": ""constant_speed"", ""object"": ""standard_basketball""}"
35,V035,V035.mp4,tracking_json/V035.json,B1.1,velocity,eval_velocity,linear_fit,object_center,1,fixed_top,x,standard_object,standard_hockey_puck,diameter,0.0762,target_speed,0.1,m/s,"{""motion_type"": ""constant_speed"", ""object"": ""standard_hockey_puck""}"
36,V036,V036.mp4,tracking_json/V036.json,B1.1,velocity,eval_velocity,linear_fit,object_center,1,fixed_side,x,standard_object,standard_ping_pong_ball,diameter,0.04,target_speed,0.08,m/s,"{""motion_type"": ""constant_speed"", ""object"": ""standard_ping_pong_ball""}"
37,V037,V037.mp4,tracking_json/V037.json,B1.1,velocity,eval_velocity,linear_fit,object_center,1,fixed_side,x,standard_object,standard_golf_ball,diameter,0.0427,target_speed,0.15,m/s,"{""motion_type"": ""constant_speed"", ""object"": ""standard_golf_ball""}"
38,V038,V038.mp4,tracking_json/V038.json,B1.1,velocity,eval_velocity,linear_fit,object_center,1,fixed_side,x,standard_object,standard_baseball,diameter,0.073,target_speed,0.2,m/s,"{""motion_type"": ""constant_speed"", ""object"": ""standard_baseball""}"
39,V039,V039.mp4,tracking_json/V039.json,B1.1,velocity,eval_velocity,linear_fit,object_center,1,fixed_side,x,standard_object,standard_soccer_ball,diameter,0.22,target_speed,0.28,m/s,"{""motion_type"": ""constant_speed"", ""object"": ""standard_soccer_ball""}"
40,V040,V040.mp4,tracking_json/V040.json,B1.1,velocity,eval_velocity,linear_fit,object_center,1,fixed_top,x,standard_object,standard_volleyball,diameter,0.21,target_speed,0.18,m/s,"{""motion_type"": ""constant_speed"", ""object"": ""standard_volleyball""}"
41,V041,V041.mp4,tracking_json/V041.json,B1.1,velocity,eval_velocity,linear_fit,object_center,1,fixed_side,x,standard_object,standard_tennis_ball,diameter,0.067,target_speed,0.18,m/s,"{""motion_type"": ""constant_speed"", ""object"": ""standard_tennis_ball""}"
42,V042,V042.mp4,tracking_json/V042.json,B1.1,velocity,eval_velocity,linear_fit,object_center,1,fixed_side,x,standard_object,standard_basketball,diameter,0.24,target_speed,0.15,m/s,"{""motion_type"": ""constant_speed"", ""object"": ""standard_basketball""}"
43,V043,V043.mp4,tracking_json/V043.json,B1.1,velocity,eval_velocity,linear_fit,object_center,1,fixed_side,x,standard_object,standard_hockey_puck,diameter,0.0762,target_speed,0.2,m/s,"{""motion_type"": ""constant_speed"", ""object"": ""standard_hockey_puck""}"
44,V044,V044.mp4,tracking_json/V044.json,B1.1,velocity,eval_velocity,linear_fit,object_center,1,fixed_side,x,standard_object,standard_ping_pong_ball,diameter,0.04,target_speed,0.08,m/s,"{""motion_type"": ""constant_speed"", ""object"": ""standard_ping_pong_ball""}"
45,V045,V045.mp4,tracking_json/V045.json,B1.1,velocity,eval_velocity,linear_fit,object_center,1,fixed_top,x,standard_object,standard_golf_ball,diameter,0.0427,target_speed,0.15,m/s,"{""motion_type"": ""constant_speed"", ""object"": ""standard_golf_ball""}"
46,V046,V046.mp4,tracking_json/V046.json,B1.1,velocity,eval_velocity,linear_fit,object_center,1,fixed_side,x,standard_object,standard_baseball,diameter,0.073,target_speed,0.18,m/s,"{""motion_type"": ""constant_speed"", ""object"": ""standard_baseball""}"
47,V047,V047.mp4,tracking_json/V047.json,B1.1,velocity,eval_velocity,linear_fit,object_center,1,fixed_side,x,standard_object,standard_soccer_ball,diameter,0.22,target_speed,0.18,m/s,"{""motion_type"": ""constant_speed"", ""object"": ""standard_soccer_ball""}"
48,V048,V048.mp4,tracking_json/V048.json,B1.1,velocity,eval_velocity,linear_fit,object_center,1,fixed_side,x,standard_object,standard_volleyball,diameter,0.21,target_speed,0.25,m/s,"{""motion_type"": ""constant_speed"", ""object"": ""standard_volleyball""}"
49,V049,V049.mp4,tracking_json/V049.json,B1.1,velocity,eval_velocity,linear_fit,object_center,1,fixed_side,x,standard_object,standard_tennis_ball,diameter,0.067,target_speed,0.15,m/s,"{""motion_type"": ""constant_speed"", ""object"": ""standard_tennis_ball""}"
50,V050,V050.mp4,tracking_json/V050.json,B1.1,velocity,eval_velocity,linear_fit,object_center,1,fixed_top,x,standard_object,standard_basketball,diameter,0.24,target_speed,0.22,m/s,"{""motion_type"": ""constant_speed"", ""object"": ""standard_basketball""}"
51,A001,A001.mp4,tracking_json/A001.json,B1.2,acceleration,eval_acceleration,quadratic_fit,object_center,1,fixed_side,x,standard_object,standard_tennis_ball,diameter,0.067,target_acceleration,0.08,m/s^2,"{""initial_state"": ""from_rest"", ""object"": ""standard_tennis_ball""}"
52,A002,A002.mp4,tracking_json/A002.json,B1.2,acceleration,eval_acceleration,quadratic_fit,object_center,1,fixed_side,x,standard_object,standard_basketball,diameter,0.24,target_acceleration,0.15,m/s^2,"{""initial_state"": ""from_rest"", ""object"": ""standard_basketball""}"
53,A003,A003.mp4,tracking_json/A003.json,B1.2,acceleration,eval_acceleration,quadratic_fit,object_center,1,fixed_side,x,standard_object,standard_hockey_puck,diameter,0.0762,target_acceleration,0.06,m/s^2,"{""initial_state"": ""from_rest"", ""object"": ""standard_hockey_puck""}"
54,A004,A004.mp4,tracking_json/A004.json,B1.2,acceleration,eval_acceleration,quadratic_fit,object_center,1,fixed_side,x,standard_object,standard_ping_pong_ball,diameter,0.04,target_acceleration,-0.04,m/s^2,"{""initial_state"": ""already_moving"", ""object"": ""standard_ping_pong_ball""}"
55,A005,A005.mp4,tracking_json/A005.json,B1.2,acceleration,eval_acceleration,quadratic_fit,object_center,1,fixed_top,x,standard_object,standard_golf_ball,diameter,0.0427,target_acceleration,0.06,m/s^2,"{""initial_state"": ""from_rest"", ""object"": ""standard_golf_ball""}"
56,A006,A006.mp4,tracking_json/A006.json,B1.2,acceleration,eval_acceleration,quadratic_fit,object_center,1,fixed_side,x,standard_object,standard_soccer_ball,diameter,0.22,target_acceleration,0.1,m/s^2,"{""initial_state"": ""from_rest"", ""object"": ""standard_soccer_ball""}"
57,A007,A007.mp4,tracking_json/A007.json,B1.2,acceleration,eval_acceleration,quadratic_fit,object_center,1,fixed_side,x,standard_object,standard_tennis_ball,diameter,0.067,target_acceleration,0.12,m/s^2,"{""initial_state"": ""from_rest"", ""object"": ""standard_tennis_ball""}"
58,A008,A008.mp4,tracking_json/A008.json,B1.2,acceleration,eval_acceleration,quadratic_fit,object_center,1,fixed_side,x,standard_object,standard_basketball,diameter,0.24,target_acceleration,-0.08,m/s^2,"{""initial_state"": ""already_moving"", ""object"": ""standard_basketball""}"
59,A009,A009.mp4,tracking_json/A009.json,B1.2,acceleration,eval_acceleration,quadratic_fit,object_center,1,fixed_side,x,standard_object,standard_hockey_puck,diameter,0.0762,target_acceleration,0.1,m/s^2,"{""initial_state"": ""from_rest"", ""object"": ""standard_hockey_puck""}"
60,A010,A010.mp4,tracking_json/A010.json,B1.2,acceleration,eval_acceleration,quadratic_fit,object_center,1,fixed_top,x,standard_object,standard_ping_pong_ball,diameter,0.04,target_acceleration,0.04,m/s^2,"{""initial_state"": ""from_rest"", ""object"": ""standard_ping_pong_ball""}"
61,A011,A011.mp4,tracking_json/A011.json,B1.2,acceleration,eval_acceleration,quadratic_fit,object_center,1,fixed_side,x,standard_object,standard_golf_ball,diameter,0.0427,target_acceleration,0.06,m/s^2,"{""initial_state"": ""from_rest"", ""object"": ""standard_golf_ball""}"
62,A012,A012.mp4,tracking_json/A012.json,B1.2,acceleration,eval_acceleration,quadratic_fit,object_center,1,fixed_side,x,standard_object,standard_soccer_ball,diameter,0.22,target_acceleration,-0.15,m/s^2,"{""initial_state"": ""already_moving"", ""object"": ""standard_soccer_ball""}"
63,A013,A013.mp4,tracking_json/A013.json,B1.2,acceleration,eval_acceleration,quadratic_fit,object_center,1,fixed_side,x,standard_object,standard_tennis_ball,diameter,0.067,target_acceleration,0.06,m/s^2,"{""initial_state"": ""from_rest"", ""object"": ""standard_tennis_ball""}"
64,A014,A014.mp4,tracking_json/A014.json,B1.2,acceleration,eval_acceleration,quadratic_fit,object_center,1,fixed_side,x,standard_object,standard_basketball,diameter,0.24,target_acceleration,0.12,m/s^2,"{""initial_state"": ""from_rest"", ""object"": ""standard_basketball""}"
65,A015,A015.mp4,tracking_json/A015.json,B1.2,acceleration,eval_acceleration,quadratic_fit,object_center,1,fixed_top,x,standard_object,standard_hockey_puck,diameter,0.0762,target_acceleration,0.05,m/s^2,"{""initial_state"": ""from_rest"", ""object"": ""standard_hockey_puck""}"
66,A016,A016.mp4,tracking_json/A016.json,B1.2,acceleration,eval_acceleration,quadratic_fit,object_center,1,fixed_side,x,standard_object,standard_ping_pong_ball,diameter,0.04,target_acceleration,-0.04,m/s^2,"{""initial_state"": ""already_moving"", ""object"": ""standard_ping_pong_ball""}"
67,A017,A017.mp4,tracking_json/A017.json,B1.2,acceleration,eval_acceleration,quadratic_fit,object_center,1,fixed_side,x,standard_object,standard_golf_ball,diameter,0.0427,target_acceleration,0.06,m/s^2,"{""initial_state"": ""from_rest"", ""object"": ""standard_golf_ball""}"
68,A018,A018.mp4,tracking_json/A018.json,B1.2,acceleration,eval_acceleration,quadratic_fit,object_center,1,fixed_side,x,standard_object,standard_soccer_ball,diameter,0.22,target_acceleration,0.08,m/s^2,"{""initial_state"": ""from_rest"", ""object"": ""standard_soccer_ball""}"
69,A019,A019.mp4,tracking_json/A019.json,B1.2,acceleration,eval_acceleration,quadratic_fit,object_center,1,fixed_side,x,standard_object,standard_tennis_ball,diameter,0.067,target_acceleration,0.1,m/s^2,"{""initial_state"": ""from_rest"", ""object"": ""standard_tennis_ball""}"
70,A020,A020.mp4,tracking_json/A020.json,B1.2,acceleration,eval_acceleration,quadratic_fit,object_center,1,fixed_top,x,standard_object,standard_basketball,diameter,0.24,target_acceleration,-0.06,m/s^2,"{""initial_state"": ""already_moving"", ""object"": ""standard_basketball""}"
71,A021,A021.mp4,tracking_json/A021.json,B1.2,acceleration,eval_acceleration,quadratic_fit,object_center,1,fixed_side,x,standard_object,standard_hockey_puck,diameter,0.0762,target_acceleration,0.08,m/s^2,"{""initial_state"": ""from_rest"", ""object"": ""standard_hockey_puck""}"
72,A022,A022.mp4,tracking_json/A022.json,B1.2,acceleration,eval_acceleration,quadratic_fit,object_center,1,fixed_side,x,standard_object,standard_ping_pong_ball,diameter,0.04,target_acceleration,0.04,m/s^2,"{""initial_state"": ""from_rest"", ""object"": ""standard_ping_pong_ball""}"
73,A023,A023.mp4,tracking_json/A023.json,B1.2,acceleration,eval_acceleration,quadratic_fit,object_center,1,fixed_side,x,standard_object,standard_golf_ball,diameter,0.0427,target_acceleration,0.06,m/s^2,"{""initial_state"": ""from_rest"", ""object"": ""standard_golf_ball""}"
74,A024,A024.mp4,tracking_json/A024.json,B1.2,acceleration,eval_acceleration,quadratic_fit,object_center,1,fixed_side,x,standard_object,standard_soccer_ball,diameter,0.22,target_acceleration,-0.12,m/s^2,"{""initial_state"": ""already_moving"", ""object"": ""standard_soccer_ball""}"
75,A025,A025.mp4,tracking_json/A025.json,B1.2,acceleration,eval_acceleration,quadratic_fit,object_center,1,fixed_top,x,standard_object,standard_tennis_ball,diameter,0.067,target_acceleration,0.05,m/s^2,"{""initial_state"": ""from_rest"", ""object"": ""standard_tennis_ball""}"
76,A026,A026.mp4,tracking_json/A026.json,B1.2,acceleration,eval_acceleration,quadratic_fit,object_center,1,fixed_side,x,standard_object,standard_basketball,diameter,0.24,target_acceleration,0.1,m/s^2,"{""initial_state"": ""from_rest"", ""object"": ""standard_basketball""}"
77,A027,A027.mp4,tracking_json/A027.json,B1.2,acceleration,eval_acceleration,quadratic_fit,object_center,1,fixed_side,x,standard_object,standard_hockey_puck,diameter,0.0762,target_acceleration,0.12,m/s^2,"{""initial_state"": ""from_rest"", ""object"": ""standard_hockey_puck""}"
78,A028,A028.mp4,tracking_json/A028.json,B1.2,acceleration,eval_acceleration,quadratic_fit,object_center,1,fixed_side,x,standard_object,standard_ping_pong_ball,diameter,0.04,target_acceleration,-0.04,m/s^2,"{""initial_state"": ""already_moving"", ""object"": ""standard_ping_pong_ball""}"
79,A029,A029.mp4,tracking_json/A029.json,B1.2,acceleration,eval_acceleration,quadratic_fit,object_center,1,fixed_side,x,standard_object,standard_golf_ball,diameter,0.0427,target_acceleration,0.06,m/s^2,"{""initial_state"": ""from_rest"", ""object"": ""standard_golf_ball""}"
80,A030,A030.mp4,tracking_json/A030.json,B1.2,acceleration,eval_acceleration,quadratic_fit,object_center,1,fixed_top,x,standard_object,standard_soccer_ball,diameter,0.22,target_acceleration,0.06,m/s^2,"{""initial_state"": ""from_rest"", ""object"": ""standard_soccer_ball""}"
81,A031,A031.mp4,tracking_json/A031.json,B1.2,acceleration,eval_acceleration,quadratic_fit,object_center,1,fixed_side,x,standard_object,standard_tennis_ball,diameter,0.067,target_acceleration,0.08,m/s^2,"{""initial_state"": ""from_rest"", ""object"": ""standard_tennis_ball""}"
82,A032,A032.mp4,tracking_json/A032.json,B1.2,acceleration,eval_acceleration,quadratic_fit,object_center,1,fixed_side,x,standard_object,standard_basketball,diameter,0.24,target_acceleration,-0.15,m/s^2,"{""initial_state"": ""already_moving"", ""object"": ""standard_basketball""}"
83,A033,A033.mp4,tracking_json/A033.json,B1.2,acceleration,eval_acceleration,quadratic_fit,object_center,1,fixed_side,x,standard_object,standard_hockey_puck,diameter,0.0762,target_acceleration,0.06,m/s^2,"{""initial_state"": ""from_rest"", ""object"": ""standard_hockey_puck""}"
84,A034,A034.mp4,tracking_json/A034.json,B1.2,acceleration,eval_acceleration,quadratic_fit,object_center,1,fixed_side,x,standard_object,standard_ping_pong_ball,diameter,0.04,target_acceleration,0.04,m/s^2,"{""initial_state"": ""from_rest"", ""object"": ""standard_ping_pong_ball""}"
85,A035,A035.mp4,tracking_json/A035.json,B1.2,acceleration,eval_acceleration,quadratic_fit,object_center,1,fixed_top,x,standard_object,standard_golf_ball,diameter,0.0427,target_acceleration,0.06,m/s^2,"{""initial_state"": ""from_rest"", ""object"": ""standard_golf_ball""}"
86,A036,A036.mp4,tracking_json/A036.json,B1.2,acceleration,eval_acceleration,quadratic_fit,object_center,1,fixed_side,x,standard_object,standard_soccer_ball,diameter,0.22,target_acceleration,-0.1,m/s^2,"{""initial_state"": ""already_moving"", ""object"": ""standard_soccer_ball""}"
87,A037,A037.mp4,tracking_json/A037.json,B1.2,acceleration,eval_acceleration,quadratic_fit,object_center,1,fixed_side,x,standard_object,standard_tennis_ball,diameter,0.067,target_acceleration,0.12,m/s^2,"{""initial_state"": ""from_rest"", ""object"": ""standard_tennis_ball""}"
88,A038,A038.mp4,tracking_json/A038.json,B1.2,acceleration,eval_acceleration,quadratic_fit,object_center,1,fixed_side,x,standard_object,standard_basketball,diameter,0.24,target_acceleration,0.08,m/s^2,"{""initial_state"": ""from_rest"", ""object"": ""standard_basketball""}"
89,A039,A039.mp4,tracking_json/A039.json,B1.2,acceleration,eval_acceleration,quadratic_fit,object_center,1,fixed_side,x,standard_object,standard_hockey_puck,diameter,0.0762,target_acceleration,0.1,m/s^2,"{""initial_state"": ""from_rest"", ""object"": ""standard_hockey_puck""}"
90,A040,A040.mp4,tracking_json/A040.json,B1.2,acceleration,eval_acceleration,quadratic_fit,object_center,1,fixed_top,x,standard_object,standard_ping_pong_ball,diameter,0.04,target_acceleration,-0.04,m/s^2,"{""initial_state"": ""already_moving"", ""object"": ""standard_ping_pong_ball""}"
91,A041,A041.mp4,tracking_json/A041.json,B1.2,acceleration,eval_acceleration,quadratic_fit,object_center,1,fixed_side,x,standard_object,standard_golf_ball,diameter,0.0427,target_acceleration,0.06,m/s^2,"{""initial_state"": ""from_rest"", ""object"": ""standard_golf_ball""}"
92,A042,A042.mp4,tracking_json/A042.json,B1.2,acceleration,eval_acceleration,quadratic_fit,object_center,1,fixed_side,x,standard_object,standard_soccer_ball,diameter,0.22,target_acceleration,0.15,m/s^2,"{""initial_state"": ""from_rest"", ""object"": ""standard_soccer_ball""}"
93,A043,A043.mp4,tracking_json/A043.json,B1.2,acceleration,eval_acceleration,quadratic_fit,object_center,1,fixed_side,x,standard_object,standard_tennis_ball,diameter,0.067,target_acceleration,0.06,m/s^2,"{""initial_state"": ""from_rest"", ""object"": ""standard_tennis_ball""}"
94,A044,A044.mp4,tracking_json/A044.json,B1.2,acceleration,eval_acceleration,quadratic_fit,object_center,1,fixed_side,x,standard_object,standard_basketball,diameter,0.24,target_acceleration,-0.12,m/s^2,"{""initial_state"": ""already_moving"", ""object"": ""standard_basketball""}"
95,A045,A045.mp4,tracking_json/A045.json,B1.2,acceleration,eval_acceleration,quadratic_fit,object_center,1,fixed_top,x,standard_object,standard_hockey_puck,diameter,0.0762,target_acceleration,0.05,m/s^2,"{""initial_state"": ""from_rest"", ""object"": ""standard_hockey_puck""}"
96,A046,A046.mp4,tracking_json/A046.json,B1.2,acceleration,eval_acceleration,quadratic_fit,object_center,1,fixed_side,x,standard_object,standard_ping_pong_ball,diameter,0.04,target_acceleration,0.04,m/s^2,"{""initial_state"": ""from_rest"", ""object"": ""standard_ping_pong_ball""}"
97,A047,A047.mp4,tracking_json/A047.json,B1.2,acceleration,eval_acceleration,quadratic_fit,object_center,1,fixed_side,x,standard_object,standard_golf_ball,diameter,0.0427,target_acceleration,0.06,m/s^2,"{""initial_state"": ""from_rest"", ""object"": ""standard_golf_ball""}"
98,A048,A048.mp4,tracking_json/A048.json,B1.2,acceleration,eval_acceleration,quadratic_fit,object_center,1,fixed_side,x,standard_object,standard_soccer_ball,diameter,0.22,target_acceleration,-0.08,m/s^2,"{""initial_state"": ""already_moving"", ""object"": ""standard_soccer_ball""}"
99,A049,A049.mp4,tracking_json/A049.json,B1.2,acceleration,eval_acceleration,quadratic_fit,object_center,1,fixed_side,x,standard_object,standard_tennis_ball,diameter,0.067,target_acceleration,0.1,m/s^2,"{""initial_state"": ""from_rest"", ""object"": ""standard_tennis_ball""}"
100,A050,A050.mp4,tracking_json/A050.json,B1.2,acceleration,eval_acceleration,quadratic_fit,object_center,1,fixed_top,x,standard_object,standard_basketball,diameter,0.24,target_acceleration,0.06,m/s^2,"{""initial_state"": ""from_rest"", ""object"": ""standard_basketball""}"
101,G001,G001.mp4,tracking_json/G001.json,B2,gravity,eval_gravity,vertical_quadratic_fit,ball_center,1,fixed_side,y,standard_object,standard_tennis_ball,diameter,0.067,earth_gravity_acceleration,9.8,m/s^2,"{""gravity_environment"": ""earth"", ""do_not_include_numeric_g_in_prompt"": true}"
102,G002,G002.mp4,tracking_json/G002.json,B2,gravity,eval_gravity,vertical_quadratic_fit,ball_center,1,fixed_side,y,standard_object,standard_basketball,diameter,0.24,earth_gravity_acceleration,9.8,m/s^2,"{""gravity_environment"": ""earth"", ""do_not_include_numeric_g_in_prompt"": true}"
103,G003,G003.mp4,tracking_json/G003.json,B2,gravity,eval_gravity,vertical_quadratic_fit,ball_center,1,fixed_side,y,standard_object,standard_ping_pong_ball,diameter,0.04,earth_gravity_acceleration,9.8,m/s^2,"{""gravity_environment"": ""earth"", ""do_not_include_numeric_g_in_prompt"": true}"
104,G004,G004.mp4,tracking_json/G004.json,B2,gravity,eval_gravity,vertical_quadratic_fit,ball_center,1,fixed_side,y,standard_object,standard_golf_ball,diameter,0.0427,earth_gravity_acceleration,9.8,m/s^2,"{""gravity_environment"": ""earth"", ""do_not_include_numeric_g_in_prompt"": true}"
105,G005,G005.mp4,tracking_json/G005.json,B2,gravity,eval_gravity,vertical_quadratic_fit,ball_center,1,fixed_side,y,standard_object,standard_baseball,diameter,0.073,earth_gravity_acceleration,9.8,m/s^2,"{""gravity_environment"": ""earth"", ""do_not_include_numeric_g_in_prompt"": true}"
106,G006,G006.mp4,tracking_json/G006.json,B2,gravity,eval_gravity,vertical_quadratic_fit,ball_center,1,fixed_side,y,standard_object,standard_soccer_ball,diameter,0.22,earth_gravity_acceleration,9.8,m/s^2,"{""gravity_environment"": ""earth"", ""do_not_include_numeric_g_in_prompt"": true}"
107,G007,G007.mp4,tracking_json/G007.json,B2,gravity,eval_gravity,vertical_quadratic_fit,ball_center,1,fixed_side,y,standard_object,standard_volleyball,diameter,0.21,earth_gravity_acceleration,9.8,m/s^2,"{""gravity_environment"": ""earth"", ""do_not_include_numeric_g_in_prompt"": true}"
108,G008,G008.mp4,tracking_json/G008.json,B2,gravity,eval_gravity,vertical_quadratic_fit,ball_center,1,fixed_side,y,standard_object,standard_tennis_ball,diameter,0.067,earth_gravity_acceleration,9.8,m/s^2,"{""gravity_environment"": ""earth"", ""do_not_include_numeric_g_in_prompt"": true}"
109,G009,G009.mp4,tracking_json/G009.json,B2,gravity,eval_gravity,vertical_quadratic_fit,ball_center,1,fixed_side,y,standard_object,standard_basketball,diameter,0.24,earth_gravity_acceleration,9.8,m/s^2,"{""gravity_environment"": ""earth"", ""do_not_include_numeric_g_in_prompt"": true}"
110,G010,G010.mp4,tracking_json/G010.json,B2,gravity,eval_gravity,vertical_quadratic_fit,ball_center,1,fixed_side,y,standard_object,standard_ping_pong_ball,diameter,0.04,earth_gravity_acceleration,9.8,m/s^2,"{""gravity_environment"": ""earth"", ""do_not_include_numeric_g_in_prompt"": true}"
111,G011,G011.mp4,tracking_json/G011.json,B2,gravity,eval_gravity,vertical_quadratic_fit,ball_center,1,fixed_side,y,standard_object,standard_golf_ball,diameter,0.0427,earth_gravity_acceleration,9.8,m/s^2,"{""gravity_environment"": ""earth"", ""do_not_include_numeric_g_in_prompt"": true}"
112,G012,G012.mp4,tracking_json/G012.json,B2,gravity,eval_gravity,vertical_quadratic_fit,ball_center,1,fixed_side,y,standard_object,standard_baseball,diameter,0.073,earth_gravity_acceleration,9.8,m/s^2,"{""gravity_environment"": ""earth"", ""do_not_include_numeric_g_in_prompt"": true}"
113,G013,G013.mp4,tracking_json/G013.json,B2,gravity,eval_gravity,vertical_quadratic_fit,ball_center,1,fixed_side,y,standard_object,standard_soccer_ball,diameter,0.22,earth_gravity_acceleration,9.8,m/s^2,"{""gravity_environment"": ""earth"", ""do_not_include_numeric_g_in_prompt"": true}"
114,G014,G014.mp4,tracking_json/G014.json,B2,gravity,eval_gravity,vertical_quadratic_fit,ball_center,1,fixed_side,y,standard_object,standard_volleyball,diameter,0.21,earth_gravity_acceleration,9.8,m/s^2,"{""gravity_environment"": ""earth"", ""do_not_include_numeric_g_in_prompt"": true}"
115,G015,G015.mp4,tracking_json/G015.json,B2,gravity,eval_gravity,vertical_quadratic_fit,ball_center,1,fixed_side,y,standard_object,standard_tennis_ball,diameter,0.067,earth_gravity_acceleration,9.8,m/s^2,"{""gravity_environment"": ""earth"", ""do_not_include_numeric_g_in_prompt"": true}"
116,G016,G016.mp4,tracking_json/G016.json,B2,gravity,eval_gravity,vertical_quadratic_fit,ball_center,1,fixed_side,y,standard_object,standard_basketball,diameter,0.24,earth_gravity_acceleration,9.8,m/s^2,"{""gravity_environment"": ""earth"", ""do_not_include_numeric_g_in_prompt"": true}"
117,G017,G017.mp4,tracking_json/G017.json,B2,gravity,eval_gravity,vertical_quadratic_fit,ball_center,1,fixed_side,y,standard_object,standard_ping_pong_ball,diameter,0.04,earth_gravity_acceleration,9.8,m/s^2,"{""gravity_environment"": ""earth"", ""do_not_include_numeric_g_in_prompt"": true}"
118,G018,G018.mp4,tracking_json/G018.json,B2,gravity,eval_gravity,vertical_quadratic_fit,ball_center,1,fixed_side,y,standard_object,standard_golf_ball,diameter,0.0427,earth_gravity_acceleration,9.8,m/s^2,"{""gravity_environment"": ""earth"", ""do_not_include_numeric_g_in_prompt"": true}"
119,G019,G019.mp4,tracking_json/G019.json,B2,gravity,eval_gravity,vertical_quadratic_fit,ball_center,1,fixed_side,y,standard_object,standard_baseball,diameter,0.073,earth_gravity_acceleration,9.8,m/s^2,"{""gravity_environment"": ""earth"", ""do_not_include_numeric_g_in_prompt"": true}"
120,G020,G020.mp4,tracking_json/G020.json,B2,gravity,eval_gravity,vertical_quadratic_fit,ball_center,1,fixed_side,y,standard_object,standard_soccer_ball,diameter,0.22,earth_gravity_acceleration,9.8,m/s^2,"{""gravity_environment"": ""earth"", ""do_not_include_numeric_g_in_prompt"": true}"
121,G021,G021.mp4,tracking_json/G021.json,B2,gravity,eval_gravity,vertical_quadratic_fit,ball_center,1,fixed_side,y,standard_object,standard_volleyball,diameter,0.21,earth_gravity_acceleration,9.8,m/s^2,"{""gravity_environment"": ""earth"", ""do_not_include_numeric_g_in_prompt"": true}"
122,G022,G022.mp4,tracking_json/G022.json,B2,gravity,eval_gravity,vertical_quadratic_fit,ball_center,1,fixed_side,y,standard_object,standard_tennis_ball,diameter,0.067,earth_gravity_acceleration,9.8,m/s^2,"{""gravity_environment"": ""earth"", ""do_not_include_numeric_g_in_prompt"": true}"
123,G023,G023.mp4,tracking_json/G023.json,B2,gravity,eval_gravity,vertical_quadratic_fit,ball_center,1,fixed_side,y,standard_object,standard_basketball,diameter,0.24,earth_gravity_acceleration,9.8,m/s^2,"{""gravity_environment"": ""earth"", ""do_not_include_numeric_g_in_prompt"": true}"
124,G024,G024.mp4,tracking_json/G024.json,B2,gravity,eval_gravity,vertical_quadratic_fit,ball_center,1,fixed_side,y,standard_object,standard_ping_pong_ball,diameter,0.04,earth_gravity_acceleration,9.8,m/s^2,"{""gravity_environment"": ""earth"", ""do_not_include_numeric_g_in_prompt"": true}"
125,G025,G025.mp4,tracking_json/G025.json,B2,gravity,eval_gravity,vertical_quadratic_fit,ball_center,1,fixed_side,y,standard_object,standard_golf_ball,diameter,0.0427,earth_gravity_acceleration,9.8,m/s^2,"{""gravity_environment"": ""earth"", ""do_not_include_numeric_g_in_prompt"": true}"
126,G026,G026.mp4,tracking_json/G026.json,B2,gravity,eval_gravity,vertical_quadratic_fit,ball_center,1,fixed_side,y,standard_object,standard_baseball,diameter,0.073,earth_gravity_acceleration,9.8,m/s^2,"{""gravity_environment"": ""earth"", ""do_not_include_numeric_g_in_prompt"": true}"
127,G027,G027.mp4,tracking_json/G027.json,B2,gravity,eval_gravity,vertical_quadratic_fit,ball_center,1,fixed_side,y,standard_object,standard_soccer_ball,diameter,0.22,earth_gravity_acceleration,9.8,m/s^2,"{""gravity_environment"": ""earth"", ""do_not_include_numeric_g_in_prompt"": true}"
128,G028,G028.mp4,tracking_json/G028.json,B2,gravity,eval_gravity,vertical_quadratic_fit,ball_center,1,fixed_side,y,standard_object,standard_volleyball,diameter,0.21,earth_gravity_acceleration,9.8,m/s^2,"{""gravity_environment"": ""earth"", ""do_not_include_numeric_g_in_prompt"": true}"
129,G029,G029.mp4,tracking_json/G029.json,B2,gravity,eval_gravity,vertical_quadratic_fit,ball_center,1,fixed_side,y,standard_object,standard_tennis_ball,diameter,0.067,earth_gravity_acceleration,9.8,m/s^2,"{""gravity_environment"": ""earth"", ""do_not_include_numeric_g_in_prompt"": true}"
130,G030,G030.mp4,tracking_json/G030.json,B2,gravity,eval_gravity,vertical_quadratic_fit,ball_center,1,fixed_side,y,standard_object,standard_basketball,diameter,0.24,earth_gravity_acceleration,9.8,m/s^2,"{""gravity_environment"": ""earth"", ""do_not_include_numeric_g_in_prompt"": true}"
131,G031,G031.mp4,tracking_json/G031.json,B2,gravity,eval_gravity,vertical_quadratic_fit,ball_center,1,fixed_side,y,standard_object,standard_ping_pong_ball,diameter,0.04,earth_gravity_acceleration,9.8,m/s^2,"{""gravity_environment"": ""earth"", ""do_not_include_numeric_g_in_prompt"": true}"
132,G032,G032.mp4,tracking_json/G032.json,B2,gravity,eval_gravity,vertical_quadratic_fit,ball_center,1,fixed_side,y,standard_object,standard_golf_ball,diameter,0.0427,earth_gravity_acceleration,9.8,m/s^2,"{""gravity_environment"": ""earth"", ""do_not_include_numeric_g_in_prompt"": true}"
133,G033,G033.mp4,tracking_json/G033.json,B2,gravity,eval_gravity,vertical_quadratic_fit,ball_center,1,fixed_side,y,standard_object,standard_baseball,diameter,0.073,earth_gravity_acceleration,9.8,m/s^2,"{""gravity_environment"": ""earth"", ""do_not_include_numeric_g_in_prompt"": true}"
134,G034,G034.mp4,tracking_json/G034.json,B2,gravity,eval_gravity,vertical_quadratic_fit,ball_center,1,fixed_side,y,standard_object,standard_soccer_ball,diameter,0.22,earth_gravity_acceleration,9.8,m/s^2,"{""gravity_environment"": ""earth"", ""do_not_include_numeric_g_in_prompt"": true}"
135,G035,G035.mp4,tracking_json/G035.json,B2,gravity,eval_gravity,vertical_quadratic_fit,ball_center,1,fixed_side,y,standard_object,standard_volleyball,diameter,0.21,earth_gravity_acceleration,9.8,m/s^2,"{""gravity_environment"": ""earth"", ""do_not_include_numeric_g_in_prompt"": true}"
136,G036,G036.mp4,tracking_json/G036.json,B2,gravity,eval_gravity,vertical_quadratic_fit,ball_center,1,fixed_side,y,standard_object,standard_tennis_ball,diameter,0.067,earth_gravity_acceleration,9.8,m/s^2,"{""gravity_environment"": ""earth"", ""do_not_include_numeric_g_in_prompt"": true}"
137,G037,G037.mp4,tracking_json/G037.json,B2,gravity,eval_gravity,vertical_quadratic_fit,ball_center,1,fixed_side,y,standard_object,standard_basketball,diameter,0.24,earth_gravity_acceleration,9.8,m/s^2,"{""gravity_environment"": ""earth"", ""do_not_include_numeric_g_in_prompt"": true}"
138,G038,G038.mp4,tracking_json/G038.json,B2,gravity,eval_gravity,vertical_quadratic_fit,ball_center,1,fixed_side,y,standard_object,standard_ping_pong_ball,diameter,0.04,earth_gravity_acceleration,9.8,m/s^2,"{""gravity_environment"": ""earth"", ""do_not_include_numeric_g_in_prompt"": true}"
139,G039,G039.mp4,tracking_json/G039.json,B2,gravity,eval_gravity,vertical_quadratic_fit,ball_center,1,fixed_side,y,standard_object,standard_golf_ball,diameter,0.0427,earth_gravity_acceleration,9.8,m/s^2,"{""gravity_environment"": ""earth"", ""do_not_include_numeric_g_in_prompt"": true}"
140,G040,G040.mp4,tracking_json/G040.json,B2,gravity,eval_gravity,vertical_quadratic_fit,ball_center,1,fixed_side,y,standard_object,standard_baseball,diameter,0.073,earth_gravity_acceleration,9.8,m/s^2,"{""gravity_environment"": ""earth"", ""do_not_include_numeric_g_in_prompt"": true}"
141,G041,G041.mp4,tracking_json/G041.json,B2,gravity,eval_gravity,vertical_quadratic_fit,ball_center,1,fixed_side,y,standard_object,standard_soccer_ball,diameter,0.22,earth_gravity_acceleration,9.8,m/s^2,"{""gravity_environment"": ""earth"", ""do_not_include_numeric_g_in_prompt"": true}"
142,G042,G042.mp4,tracking_json/G042.json,B2,gravity,eval_gravity,vertical_quadratic_fit,ball_center,1,fixed_side,y,standard_object,standard_volleyball,diameter,0.21,earth_gravity_acceleration,9.8,m/s^2,"{""gravity_environment"": ""earth"", ""do_not_include_numeric_g_in_prompt"": true}"
143,G043,G043.mp4,tracking_json/G043.json,B2,gravity,eval_gravity,vertical_quadratic_fit,ball_center,1,fixed_side,y,standard_object,standard_tennis_ball,diameter,0.067,earth_gravity_acceleration,9.8,m/s^2,"{""gravity_environment"": ""earth"", ""do_not_include_numeric_g_in_prompt"": true}"
144,G044,G044.mp4,tracking_json/G044.json,B2,gravity,eval_gravity,vertical_quadratic_fit,ball_center,1,fixed_side,y,standard_object,standard_basketball,diameter,0.24,earth_gravity_acceleration,9.8,m/s^2,"{""gravity_environment"": ""earth"", ""do_not_include_numeric_g_in_prompt"": true}"
145,G045,G045.mp4,tracking_json/G045.json,B2,gravity,eval_gravity,vertical_quadratic_fit,ball_center,1,fixed_side,y,standard_object,standard_ping_pong_ball,diameter,0.04,earth_gravity_acceleration,9.8,m/s^2,"{""gravity_environment"": ""earth"", ""do_not_include_numeric_g_in_prompt"": true}"
146,G046,G046.mp4,tracking_json/G046.json,B2,gravity,eval_gravity,vertical_quadratic_fit,ball_center,1,fixed_side,y,standard_object,standard_golf_ball,diameter,0.0427,earth_gravity_acceleration,9.8,m/s^2,"{""gravity_environment"": ""earth"", ""do_not_include_numeric_g_in_prompt"": true}"
147,G047,G047.mp4,tracking_json/G047.json,B2,gravity,eval_gravity,vertical_quadratic_fit,ball_center,1,fixed_side,y,standard_object,standard_baseball,diameter,0.073,earth_gravity_acceleration,9.8,m/s^2,"{""gravity_environment"": ""earth"", ""do_not_include_numeric_g_in_prompt"": true}"
148,G048,G048.mp4,tracking_json/G048.json,B2,gravity,eval_gravity,vertical_quadratic_fit,ball_center,1,fixed_side,y,standard_object,standard_soccer_ball,diameter,0.22,earth_gravity_acceleration,9.8,m/s^2,"{""gravity_environment"": ""earth"", ""do_not_include_numeric_g_in_prompt"": true}"
149,G049,G049.mp4,tracking_json/G049.json,B2,gravity,eval_gravity,vertical_quadratic_fit,ball_center,1,fixed_side,y,standard_object,standard_volleyball,diameter,0.21,earth_gravity_acceleration,9.8,m/s^2,"{""gravity_environment"": ""earth"", ""do_not_include_numeric_g_in_prompt"": true}"
150,G050,G050.mp4,tracking_json/G050.json,B2,gravity,eval_gravity,vertical_quadratic_fit,ball_center,1,fixed_side,y,standard_object,standard_tennis_ball,diameter,0.067,earth_gravity_acceleration,9.8,m/s^2,"{""gravity_environment"": ""earth"", ""do_not_include_numeric_g_in_prompt"": true}"
151,F001,F001.mp4,tracking_json/F001.json,B3.1,friction_coefficient,eval_friction,deceleration_fit,slider_center,1,fixed_side,x,explicit_object_size,square_slider,side_length,0.08,kinetic_friction_coefficient,0.15,none,"{""gravity_environment"": ""earth"", ""surface"": ""horizontal_wooden_tabletop""}"
152,F002,F002.mp4,tracking_json/F002.json,B3.1,friction_coefficient,eval_friction,deceleration_fit,slider_center,1,fixed_side,x,explicit_object_size,square_slider,side_length,0.1,kinetic_friction_coefficient,0.22,none,"{""gravity_environment"": ""earth"", ""surface"": ""horizontal_rubber-mat_surface""}"
153,F003,F003.mp4,tracking_json/F003.json,B3.1,friction_coefficient,eval_friction,deceleration_fit,slider_center,1,fixed_side,x,explicit_object_size,square_slider,side_length,0.06,kinetic_friction_coefficient,0.3,none,"{""gravity_environment"": ""earth"", ""surface"": ""horizontal_plastic_board""}"
154,F004,F004.mp4,tracking_json/F004.json,B3.1,friction_coefficient,eval_friction,deceleration_fit,slider_center,1,fixed_side,x,explicit_object_size,square_slider,side_length,0.08,kinetic_friction_coefficient,0.08,none,"{""gravity_environment"": ""earth"", ""surface"": ""horizontal_tile_floor""}"
155,F005,F005.mp4,tracking_json/F005.json,B3.1,friction_coefficient,eval_friction,deceleration_fit,slider_center,1,fixed_top,x,explicit_object_size,square_slider,side_length,0.1,kinetic_friction_coefficient,0.15,none,"{""gravity_environment"": ""earth"", ""surface"": ""horizontal_composite-board_surface""}"
156,F006,F006.mp4,tracking_json/F006.json,B3.1,friction_coefficient,eval_friction,deceleration_fit,slider_center,1,fixed_side,x,explicit_object_size,square_slider,side_length,0.06,kinetic_friction_coefficient,0.22,none,"{""gravity_environment"": ""earth"", ""surface"": ""horizontal_lab_bench""}"
157,F007,F007.mp4,tracking_json/F007.json,B3.1,friction_coefficient,eval_friction,deceleration_fit,slider_center,1,fixed_side,x,explicit_object_size,square_slider,side_length,0.08,kinetic_friction_coefficient,0.3,none,"{""gravity_environment"": ""earth"", ""surface"": ""horizontal_wooden_tabletop""}"
158,F008,F008.mp4,tracking_json/F008.json,B3.1,friction_coefficient,eval_friction,deceleration_fit,slider_center,1,fixed_side,x,explicit_object_size,square_slider,side_length,0.1,kinetic_friction_coefficient,0.08,none,"{""gravity_environment"": ""earth"", ""surface"": ""horizontal_rubber-mat_surface""}"
159,F009,F009.mp4,tracking_json/F009.json,B3.1,friction_coefficient,eval_friction,deceleration_fit,slider_center,1,fixed_side,x,explicit_object_size,square_slider,side_length,0.06,kinetic_friction_coefficient,0.15,none,"{""gravity_environment"": ""earth"", ""surface"": ""horizontal_plastic_board""}"
160,F010,F010.mp4,tracking_json/F010.json,B3.1,friction_coefficient,eval_friction,deceleration_fit,slider_center,1,fixed_top,x,explicit_object_size,square_slider,side_length,0.08,kinetic_friction_coefficient,0.22,none,"{""gravity_environment"": ""earth"", ""surface"": ""horizontal_tile_floor""}"
161,F011,F011.mp4,tracking_json/F011.json,B3.1,friction_coefficient,eval_friction,deceleration_fit,slider_center,1,fixed_side,x,explicit_object_size,square_slider,side_length,0.1,kinetic_friction_coefficient,0.3,none,"{""gravity_environment"": ""earth"", ""surface"": ""horizontal_composite-board_surface""}"
162,F012,F012.mp4,tracking_json/F012.json,B3.1,friction_coefficient,eval_friction,deceleration_fit,slider_center,1,fixed_side,x,explicit_object_size,square_slider,side_length,0.06,kinetic_friction_coefficient,0.08,none,"{""gravity_environment"": ""earth"", ""surface"": ""horizontal_lab_bench""}"
163,F013,F013.mp4,tracking_json/F013.json,B3.1,friction_coefficient,eval_friction,deceleration_fit,slider_center,1,fixed_side,x,explicit_object_size,square_slider,side_length,0.08,kinetic_friction_coefficient,0.15,none,"{""gravity_environment"": ""earth"", ""surface"": ""horizontal_wooden_tabletop""}"
164,F014,F014.mp4,tracking_json/F014.json,B3.1,friction_coefficient,eval_friction,deceleration_fit,slider_center,1,fixed_side,x,explicit_object_size,square_slider,side_length,0.1,kinetic_friction_coefficient,0.22,none,"{""gravity_environment"": ""earth"", ""surface"": ""horizontal_rubber-mat_surface""}"
165,F015,F015.mp4,tracking_json/F015.json,B3.1,friction_coefficient,eval_friction,deceleration_fit,slider_center,1,fixed_top,x,explicit_object_size,square_slider,side_length,0.06,kinetic_friction_coefficient,0.3,none,"{""gravity_environment"": ""earth"", ""surface"": ""horizontal_plastic_board""}"
166,F016,F016.mp4,tracking_json/F016.json,B3.1,friction_coefficient,eval_friction,deceleration_fit,slider_center,1,fixed_side,x,explicit_object_size,square_slider,side_length,0.08,kinetic_friction_coefficient,0.08,none,"{""gravity_environment"": ""earth"", ""surface"": ""horizontal_tile_floor""}"
167,F017,F017.mp4,tracking_json/F017.json,B3.1,friction_coefficient,eval_friction,deceleration_fit,slider_center,1,fixed_side,x,explicit_object_size,square_slider,side_length,0.1,kinetic_friction_coefficient,0.15,none,"{""gravity_environment"": ""earth"", ""surface"": ""horizontal_composite-board_surface""}"
168,F018,F018.mp4,tracking_json/F018.json,B3.1,friction_coefficient,eval_friction,deceleration_fit,slider_center,1,fixed_side,x,explicit_object_size,square_slider,side_length,0.06,kinetic_friction_coefficient,0.22,none,"{""gravity_environment"": ""earth"", ""surface"": ""horizontal_lab_bench""}"
169,F019,F019.mp4,tracking_json/F019.json,B3.1,friction_coefficient,eval_friction,deceleration_fit,slider_center,1,fixed_side,x,explicit_object_size,square_slider,side_length,0.08,kinetic_friction_coefficient,0.3,none,"{""gravity_environment"": ""earth"", ""surface"": ""horizontal_wooden_tabletop""}"
170,F020,F020.mp4,tracking_json/F020.json,B3.1,friction_coefficient,eval_friction,deceleration_fit,slider_center,1,fixed_top,x,explicit_object_size,square_slider,side_length,0.1,kinetic_friction_coefficient,0.08,none,"{""gravity_environment"": ""earth"", ""surface"": ""horizontal_rubber-mat_surface""}"
171,F021,F021.mp4,tracking_json/F021.json,B3.1,friction_coefficient,eval_friction,deceleration_fit,slider_center,1,fixed_side,x,explicit_object_size,square_slider,side_length,0.06,kinetic_friction_coefficient,0.15,none,"{""gravity_environment"": ""earth"", ""surface"": ""horizontal_plastic_board""}"
172,F022,F022.mp4,tracking_json/F022.json,B3.1,friction_coefficient,eval_friction,deceleration_fit,slider_center,1,fixed_side,x,explicit_object_size,square_slider,side_length,0.08,kinetic_friction_coefficient,0.22,none,"{""gravity_environment"": ""earth"", ""surface"": ""horizontal_tile_floor""}"
173,F023,F023.mp4,tracking_json/F023.json,B3.1,friction_coefficient,eval_friction,deceleration_fit,slider_center,1,fixed_side,x,explicit_object_size,square_slider,side_length,0.1,kinetic_friction_coefficient,0.3,none,"{""gravity_environment"": ""earth"", ""surface"": ""horizontal_composite-board_surface""}"
174,F024,F024.mp4,tracking_json/F024.json,B3.1,friction_coefficient,eval_friction,deceleration_fit,slider_center,1,fixed_side,x,explicit_object_size,square_slider,side_length,0.06,kinetic_friction_coefficient,0.08,none,"{""gravity_environment"": ""earth"", ""surface"": ""horizontal_lab_bench""}"
175,F025,F025.mp4,tracking_json/F025.json,B3.1,friction_coefficient,eval_friction,deceleration_fit,slider_center,1,fixed_top,x,explicit_object_size,square_slider,side_length,0.08,kinetic_friction_coefficient,0.15,none,"{""gravity_environment"": ""earth"", ""surface"": ""horizontal_wooden_tabletop""}"
176,F026,F026.mp4,tracking_json/F026.json,B3.1,friction_coefficient,eval_friction,deceleration_fit,slider_center,1,fixed_side,x,explicit_object_size,square_slider,side_length,0.1,kinetic_friction_coefficient,0.22,none,"{""gravity_environment"": ""earth"", ""surface"": ""horizontal_rubber-mat_surface""}"
177,F027,F027.mp4,tracking_json/F027.json,B3.1,friction_coefficient,eval_friction,deceleration_fit,slider_center,1,fixed_side,x,explicit_object_size,square_slider,side_length,0.06,kinetic_friction_coefficient,0.3,none,"{""gravity_environment"": ""earth"", ""surface"": ""horizontal_plastic_board""}"
178,F028,F028.mp4,tracking_json/F028.json,B3.1,friction_coefficient,eval_friction,deceleration_fit,slider_center,1,fixed_side,x,explicit_object_size,square_slider,side_length,0.08,kinetic_friction_coefficient,0.08,none,"{""gravity_environment"": ""earth"", ""surface"": ""horizontal_tile_floor""}"
179,F029,F029.mp4,tracking_json/F029.json,B3.1,friction_coefficient,eval_friction,deceleration_fit,slider_center,1,fixed_side,x,explicit_object_size,square_slider,side_length,0.1,kinetic_friction_coefficient,0.15,none,"{""gravity_environment"": ""earth"", ""surface"": ""horizontal_composite-board_surface""}"
180,F030,F030.mp4,tracking_json/F030.json,B3.1,friction_coefficient,eval_friction,deceleration_fit,slider_center,1,fixed_top,x,explicit_object_size,square_slider,side_length,0.06,kinetic_friction_coefficient,0.22,none,"{""gravity_environment"": ""earth"", ""surface"": ""horizontal_lab_bench""}"
181,F031,F031.mp4,tracking_json/F031.json,B3.1,friction_coefficient,eval_friction,deceleration_fit,slider_center,1,fixed_side,x,explicit_object_size,square_slider,side_length,0.08,kinetic_friction_coefficient,0.3,none,"{""gravity_environment"": ""earth"", ""surface"": ""horizontal_wooden_tabletop""}"
182,F032,F032.mp4,tracking_json/F032.json,B3.1,friction_coefficient,eval_friction,deceleration_fit,slider_center,1,fixed_side,x,explicit_object_size,square_slider,side_length,0.1,kinetic_friction_coefficient,0.08,none,"{""gravity_environment"": ""earth"", ""surface"": ""horizontal_rubber-mat_surface""}"
183,F033,F033.mp4,tracking_json/F033.json,B3.1,friction_coefficient,eval_friction,deceleration_fit,slider_center,1,fixed_side,x,explicit_object_size,square_slider,side_length,0.06,kinetic_friction_coefficient,0.15,none,"{""gravity_environment"": ""earth"", ""surface"": ""horizontal_plastic_board""}"
184,F034,F034.mp4,tracking_json/F034.json,B3.1,friction_coefficient,eval_friction,deceleration_fit,slider_center,1,fixed_side,x,explicit_object_size,square_slider,side_length,0.08,kinetic_friction_coefficient,0.22,none,"{""gravity_environment"": ""earth"", ""surface"": ""horizontal_tile_floor""}"
185,F035,F035.mp4,tracking_json/F035.json,B3.1,friction_coefficient,eval_friction,deceleration_fit,slider_center,1,fixed_top,x,explicit_object_size,square_slider,side_length,0.1,kinetic_friction_coefficient,0.3,none,"{""gravity_environment"": ""earth"", ""surface"": ""horizontal_composite-board_surface""}"
186,F036,F036.mp4,tracking_json/F036.json,B3.1,friction_coefficient,eval_friction,deceleration_fit,slider_center,1,fixed_side,x,explicit_object_size,square_slider,side_length,0.06,kinetic_friction_coefficient,0.08,none,"{""gravity_environment"": ""earth"", ""surface"": ""horizontal_lab_bench""}"
187,F037,F037.mp4,tracking_json/F037.json,B3.1,friction_coefficient,eval_friction,deceleration_fit,slider_center,1,fixed_side,x,explicit_object_size,square_slider,side_length,0.08,kinetic_friction_coefficient,0.15,none,"{""gravity_environment"": ""earth"", ""surface"": ""horizontal_wooden_tabletop""}"
188,F038,F038.mp4,tracking_json/F038.json,B3.1,friction_coefficient,eval_friction,deceleration_fit,slider_center,1,fixed_side,x,explicit_object_size,square_slider,side_length,0.1,kinetic_friction_coefficient,0.22,none,"{""gravity_environment"": ""earth"", ""surface"": ""horizontal_rubber-mat_surface""}"
189,F039,F039.mp4,tracking_json/F039.json,B3.1,friction_coefficient,eval_friction,deceleration_fit,slider_center,1,fixed_side,x,explicit_object_size,square_slider,side_length,0.06,kinetic_friction_coefficient,0.3,none,"{""gravity_environment"": ""earth"", ""surface"": ""horizontal_plastic_board""}"
190,F040,F040.mp4,tracking_json/F040.json,B3.1,friction_coefficient,eval_friction,deceleration_fit,slider_center,1,fixed_top,x,explicit_object_size,square_slider,side_length,0.08,kinetic_friction_coefficient,0.08,none,"{""gravity_environment"": ""earth"", ""surface"": ""horizontal_tile_floor""}"
191,F041,F041.mp4,tracking_json/F041.json,B3.1,friction_coefficient,eval_friction,deceleration_fit,slider_center,1,fixed_side,x,explicit_object_size,square_slider,side_length,0.1,kinetic_friction_coefficient,0.15,none,"{""gravity_environment"": ""earth"", ""surface"": ""horizontal_composite-board_surface""}"
192,F042,F042.mp4,tracking_json/F042.json,B3.1,friction_coefficient,eval_friction,deceleration_fit,slider_center,1,fixed_side,x,explicit_object_size,square_slider,side_length,0.06,kinetic_friction_coefficient,0.22,none,"{""gravity_environment"": ""earth"", ""surface"": ""horizontal_lab_bench""}"
193,F043,F043.mp4,tracking_json/F043.json,B3.1,friction_coefficient,eval_friction,deceleration_fit,slider_center,1,fixed_side,x,explicit_object_size,square_slider,side_length,0.08,kinetic_friction_coefficient,0.3,none,"{""gravity_environment"": ""earth"", ""surface"": ""horizontal_wooden_tabletop""}"
194,F044,F044.mp4,tracking_json/F044.json,B3.1,friction_coefficient,eval_friction,deceleration_fit,slider_center,1,fixed_side,x,explicit_object_size,square_slider,side_length,0.1,kinetic_friction_coefficient,0.08,none,"{""gravity_environment"": ""earth"", ""surface"": ""horizontal_rubber-mat_surface""}"
195,F045,F045.mp4,tracking_json/F045.json,B3.1,friction_coefficient,eval_friction,deceleration_fit,slider_center,1,fixed_top,x,explicit_object_size,square_slider,side_length,0.06,kinetic_friction_coefficient,0.15,none,"{""gravity_environment"": ""earth"", ""surface"": ""horizontal_plastic_board""}"
196,F046,F046.mp4,tracking_json/F046.json,B3.1,friction_coefficient,eval_friction,deceleration_fit,slider_center,1,fixed_side,x,explicit_object_size,square_slider,side_length,0.08,kinetic_friction_coefficient,0.22,none,"{""gravity_environment"": ""earth"", ""surface"": ""horizontal_tile_floor""}"
197,F047,F047.mp4,tracking_json/F047.json,B3.1,friction_coefficient,eval_friction,deceleration_fit,slider_center,1,fixed_side,x,explicit_object_size,square_slider,side_length,0.1,kinetic_friction_coefficient,0.3,none,"{""gravity_environment"": ""earth"", ""surface"": ""horizontal_composite-board_surface""}"
198,F048,F048.mp4,tracking_json/F048.json,B3.1,friction_coefficient,eval_friction,deceleration_fit,slider_center,1,fixed_side,x,explicit_object_size,square_slider,side_length,0.06,kinetic_friction_coefficient,0.08,none,"{""gravity_environment"": ""earth"", ""surface"": ""horizontal_lab_bench""}"
199,F049,F049.mp4,tracking_json/F049.json,B3.1,friction_coefficient,eval_friction,deceleration_fit,slider_center,1,fixed_side,x,explicit_object_size,square_slider,side_length,0.08,kinetic_friction_coefficient,0.15,none,"{""gravity_environment"": ""earth"", ""surface"": ""horizontal_wooden_tabletop""}"
200,F050,F050.mp4,tracking_json/F050.json,B3.1,friction_coefficient,eval_friction,deceleration_fit,slider_center,1,fixed_top,x,explicit_object_size,square_slider,side_length,0.1,kinetic_friction_coefficient,0.22,none,"{""gravity_environment"": ""earth"", ""surface"": ""horizontal_rubber-mat_surface""}"
201,R001,R001.mp4,tracking_json/R001.json,B3.2,restitution_coefficient,eval_restitution,horizontal_velocity_ratio,ball_center,1,fixed_side,x,ratio_only,none,none,,restitution_coefficient,0.55,none,"{""collision_type"": ""horizontal_wall_collision"", ""scale_required"": false}"
202,R002,R002.mp4,tracking_json/R002.json,B3.2,restitution_coefficient,eval_restitution,horizontal_velocity_ratio,ball_center,1,fixed_side,x,ratio_only,none,none,,restitution_coefficient,0.75,none,"{""collision_type"": ""horizontal_wall_collision"", ""scale_required"": false}"
203,R003,R003.mp4,tracking_json/R003.json,B3.2,restitution_coefficient,eval_restitution,horizontal_velocity_ratio,ball_center,1,fixed_side,x,ratio_only,none,none,,restitution_coefficient,0.85,none,"{""collision_type"": ""horizontal_wall_collision"", ""scale_required"": false}"
204,R004,R004.mp4,tracking_json/R004.json,B3.2,restitution_coefficient,eval_restitution,horizontal_velocity_ratio,ball_center,1,fixed_side,x,ratio_only,none,none,,restitution_coefficient,0.35,none,"{""collision_type"": ""horizontal_wall_collision"", ""scale_required"": false}"
205,R005,R005.mp4,tracking_json/R005.json,B3.2,restitution_coefficient,eval_restitution,horizontal_velocity_ratio,ball_center,1,fixed_side,x,ratio_only,none,none,,restitution_coefficient,0.55,none,"{""collision_type"": ""horizontal_wall_collision"", ""scale_required"": false}"
206,R006,R006.mp4,tracking_json/R006.json,B3.2,restitution_coefficient,eval_restitution,horizontal_velocity_ratio,ball_center,1,fixed_side,x,ratio_only,none,none,,restitution_coefficient,0.75,none,"{""collision_type"": ""horizontal_wall_collision"", ""scale_required"": false}"
207,R007,R007.mp4,tracking_json/R007.json,B3.2,restitution_coefficient,eval_restitution,horizontal_velocity_ratio,ball_center,1,fixed_side,x,ratio_only,none,none,,restitution_coefficient,0.85,none,"{""collision_type"": ""horizontal_wall_collision"", ""scale_required"": false}"
208,R008,R008.mp4,tracking_json/R008.json,B3.2,restitution_coefficient,eval_restitution,horizontal_velocity_ratio,ball_center,1,fixed_side,x,ratio_only,none,none,,restitution_coefficient,0.35,none,"{""collision_type"": ""horizontal_wall_collision"", ""scale_required"": false}"
209,R009,R009.mp4,tracking_json/R009.json,B3.2,restitution_coefficient,eval_restitution,horizontal_velocity_ratio,ball_center,1,fixed_side,x,ratio_only,none,none,,restitution_coefficient,0.55,none,"{""collision_type"": ""horizontal_wall_collision"", ""scale_required"": false}"
210,R010,R010.mp4,tracking_json/R010.json,B3.2,restitution_coefficient,eval_restitution,horizontal_velocity_ratio,ball_center,1,fixed_side,x,ratio_only,none,none,,restitution_coefficient,0.75,none,"{""collision_type"": ""horizontal_wall_collision"", ""scale_required"": false}"
211,R011,R011.mp4,tracking_json/R011.json,B3.2,restitution_coefficient,eval_restitution,horizontal_velocity_ratio,ball_center,1,fixed_side,x,ratio_only,none,none,,restitution_coefficient,0.85,none,"{""collision_type"": ""horizontal_wall_collision"", ""scale_required"": false}"
212,R012,R012.mp4,tracking_json/R012.json,B3.2,restitution_coefficient,eval_restitution,horizontal_velocity_ratio,ball_center,1,fixed_side,x,ratio_only,none,none,,restitution_coefficient,0.35,none,"{""collision_type"": ""horizontal_wall_collision"", ""scale_required"": false}"
213,R013,R013.mp4,tracking_json/R013.json,B3.2,restitution_coefficient,eval_restitution,horizontal_velocity_ratio,ball_center,1,fixed_side,x,ratio_only,none,none,,restitution_coefficient,0.55,none,"{""collision_type"": ""horizontal_wall_collision"", ""scale_required"": false}"
214,R014,R014.mp4,tracking_json/R014.json,B3.2,restitution_coefficient,eval_restitution,horizontal_velocity_ratio,ball_center,1,fixed_side,x,ratio_only,none,none,,restitution_coefficient,0.75,none,"{""collision_type"": ""horizontal_wall_collision"", ""scale_required"": false}"
215,R015,R015.mp4,tracking_json/R015.json,B3.2,restitution_coefficient,eval_restitution,horizontal_velocity_ratio,ball_center,1,fixed_side,x,ratio_only,none,none,,restitution_coefficient,0.85,none,"{""collision_type"": ""horizontal_wall_collision"", ""scale_required"": false}"
216,R016,R016.mp4,tracking_json/R016.json,B3.2,restitution_coefficient,eval_restitution,horizontal_velocity_ratio,ball_center,1,fixed_side,x,ratio_only,none,none,,restitution_coefficient,0.35,none,"{""collision_type"": ""horizontal_wall_collision"", ""scale_required"": false}"
217,R017,R017.mp4,tracking_json/R017.json,B3.2,restitution_coefficient,eval_restitution,horizontal_velocity_ratio,ball_center,1,fixed_side,x,ratio_only,none,none,,restitution_coefficient,0.55,none,"{""collision_type"": ""horizontal_wall_collision"", ""scale_required"": false}"
218,R018,R018.mp4,tracking_json/R018.json,B3.2,restitution_coefficient,eval_restitution,horizontal_velocity_ratio,ball_center,1,fixed_side,x,ratio_only,none,none,,restitution_coefficient,0.75,none,"{""collision_type"": ""horizontal_wall_collision"", ""scale_required"": false}"
219,R019,R019.mp4,tracking_json/R019.json,B3.2,restitution_coefficient,eval_restitution,horizontal_velocity_ratio,ball_center,1,fixed_side,x,ratio_only,none,none,,restitution_coefficient,0.85,none,"{""collision_type"": ""horizontal_wall_collision"", ""scale_required"": false}"
220,R020,R020.mp4,tracking_json/R020.json,B3.2,restitution_coefficient,eval_restitution,horizontal_velocity_ratio,ball_center,1,fixed_side,x,ratio_only,none,none,,restitution_coefficient,0.35,none,"{""collision_type"": ""horizontal_wall_collision"", ""scale_required"": false}"
221,R021,R021.mp4,tracking_json/R021.json,B3.2,restitution_coefficient,eval_restitution,horizontal_velocity_ratio,ball_center,1,fixed_side,x,ratio_only,none,none,,restitution_coefficient,0.55,none,"{""collision_type"": ""horizontal_wall_collision"", ""scale_required"": false}"
222,R022,R022.mp4,tracking_json/R022.json,B3.2,restitution_coefficient,eval_restitution,horizontal_velocity_ratio,ball_center,1,fixed_side,x,ratio_only,none,none,,restitution_coefficient,0.75,none,"{""collision_type"": ""horizontal_wall_collision"", ""scale_required"": false}"
223,R023,R023.mp4,tracking_json/R023.json,B3.2,restitution_coefficient,eval_restitution,horizontal_velocity_ratio,ball_center,1,fixed_side,x,ratio_only,none,none,,restitution_coefficient,0.85,none,"{""collision_type"": ""horizontal_wall_collision"", ""scale_required"": false}"
224,R024,R024.mp4,tracking_json/R024.json,B3.2,restitution_coefficient,eval_restitution,horizontal_velocity_ratio,ball_center,1,fixed_side,x,ratio_only,none,none,,restitution_coefficient,0.35,none,"{""collision_type"": ""horizontal_wall_collision"", ""scale_required"": false}"
225,R025,R025.mp4,tracking_json/R025.json,B3.2,restitution_coefficient,eval_restitution,horizontal_velocity_ratio,ball_center,1,fixed_side,x,ratio_only,none,none,,restitution_coefficient,0.55,none,"{""collision_type"": ""horizontal_wall_collision"", ""scale_required"": false}"
226,R026,R026.mp4,tracking_json/R026.json,B3.2,restitution_coefficient,eval_restitution,horizontal_velocity_ratio,ball_center,1,fixed_side,x,ratio_only,none,none,,restitution_coefficient,0.75,none,"{""collision_type"": ""horizontal_wall_collision"", ""scale_required"": false}"
227,R027,R027.mp4,tracking_json/R027.json,B3.2,restitution_coefficient,eval_restitution,horizontal_velocity_ratio,ball_center,1,fixed_side,x,ratio_only,none,none,,restitution_coefficient,0.85,none,"{""collision_type"": ""horizontal_wall_collision"", ""scale_required"": false}"
228,R028,R028.mp4,tracking_json/R028.json,B3.2,restitution_coefficient,eval_restitution,horizontal_velocity_ratio,ball_center,1,fixed_side,x,ratio_only,none,none,,restitution_coefficient,0.35,none,"{""collision_type"": ""horizontal_wall_collision"", ""scale_required"": false}"
229,R029,R029.mp4,tracking_json/R029.json,B3.2,restitution_coefficient,eval_restitution,horizontal_velocity_ratio,ball_center,1,fixed_side,x,ratio_only,none,none,,restitution_coefficient,0.55,none,"{""collision_type"": ""horizontal_wall_collision"", ""scale_required"": false}"
230,R030,R030.mp4,tracking_json/R030.json,B3.2,restitution_coefficient,eval_restitution,horizontal_velocity_ratio,ball_center,1,fixed_side,x,ratio_only,none,none,,restitution_coefficient,0.75,none,"{""collision_type"": ""horizontal_wall_collision"", ""scale_required"": false}"
231,R031,R031.mp4,tracking_json/R031.json,B3.2,restitution_coefficient,eval_restitution,horizontal_velocity_ratio,ball_center,1,fixed_side,x,ratio_only,none,none,,restitution_coefficient,0.85,none,"{""collision_type"": ""horizontal_wall_collision"", ""scale_required"": false}"
232,R032,R032.mp4,tracking_json/R032.json,B3.2,restitution_coefficient,eval_restitution,horizontal_velocity_ratio,ball_center,1,fixed_side,x,ratio_only,none,none,,restitution_coefficient,0.35,none,"{""collision_type"": ""horizontal_wall_collision"", ""scale_required"": false}"
233,R033,R033.mp4,tracking_json/R033.json,B3.2,restitution_coefficient,eval_restitution,horizontal_velocity_ratio,ball_center,1,fixed_side,x,ratio_only,none,none,,restitution_coefficient,0.55,none,"{""collision_type"": ""horizontal_wall_collision"", ""scale_required"": false}"
234,R034,R034.mp4,tracking_json/R034.json,B3.2,restitution_coefficient,eval_restitution,horizontal_velocity_ratio,ball_center,1,fixed_side,x,ratio_only,none,none,,restitution_coefficient,0.75,none,"{""collision_type"": ""horizontal_wall_collision"", ""scale_required"": false}"
235,R035,R035.mp4,tracking_json/R035.json,B3.2,restitution_coefficient,eval_restitution,horizontal_velocity_ratio,ball_center,1,fixed_side,x,ratio_only,none,none,,restitution_coefficient,0.85,none,"{""collision_type"": ""horizontal_wall_collision"", ""scale_required"": false}"
236,R036,R036.mp4,tracking_json/R036.json,B3.2,restitution_coefficient,eval_restitution,horizontal_velocity_ratio,ball_center,1,fixed_side,x,ratio_only,none,none,,restitution_coefficient,0.35,none,"{""collision_type"": ""horizontal_wall_collision"", ""scale_required"": false}"
237,R037,R037.mp4,tracking_json/R037.json,B3.2,restitution_coefficient,eval_restitution,horizontal_velocity_ratio,ball_center,1,fixed_side,x,ratio_only,none,none,,restitution_coefficient,0.55,none,"{""collision_type"": ""horizontal_wall_collision"", ""scale_required"": false}"
238,R038,R038.mp4,tracking_json/R038.json,B3.2,restitution_coefficient,eval_restitution,horizontal_velocity_ratio,ball_center,1,fixed_side,x,ratio_only,none,none,,restitution_coefficient,0.75,none,"{""collision_type"": ""horizontal_wall_collision"", ""scale_required"": false}"
239,R039,R039.mp4,tracking_json/R039.json,B3.2,restitution_coefficient,eval_restitution,horizontal_velocity_ratio,ball_center,1,fixed_side,x,ratio_only,none,none,,restitution_coefficient,0.85,none,"{""collision_type"": ""horizontal_wall_collision"", ""scale_required"": false}"
240,R040,R040.mp4,tracking_json/R040.json,B3.2,restitution_coefficient,eval_restitution,horizontal_velocity_ratio,ball_center,1,fixed_side,x,ratio_only,none,none,,restitution_coefficient,0.35,none,"{""collision_type"": ""horizontal_wall_collision"", ""scale_required"": false}"
241,R041,R041.mp4,tracking_json/R041.json,B3.2,restitution_coefficient,eval_restitution,horizontal_velocity_ratio,ball_center,1,fixed_side,x,ratio_only,none,none,,restitution_coefficient,0.55,none,"{""collision_type"": ""horizontal_wall_collision"", ""scale_required"": false}"
242,R042,R042.mp4,tracking_json/R042.json,B3.2,restitution_coefficient,eval_restitution,horizontal_velocity_ratio,ball_center,1,fixed_side,x,ratio_only,none,none,,restitution_coefficient,0.75,none,"{""collision_type"": ""horizontal_wall_collision"", ""scale_required"": false}"
243,R043,R043.mp4,tracking_json/R043.json,B3.2,restitution_coefficient,eval_restitution,horizontal_velocity_ratio,ball_center,1,fixed_side,x,ratio_only,none,none,,restitution_coefficient,0.85,none,"{""collision_type"": ""horizontal_wall_collision"", ""scale_required"": false}"
244,R044,R044.mp4,tracking_json/R044.json,B3.2,restitution_coefficient,eval_restitution,horizontal_velocity_ratio,ball_center,1,fixed_side,x,ratio_only,none,none,,restitution_coefficient,0.35,none,"{""collision_type"": ""horizontal_wall_collision"", ""scale_required"": false}"
245,R045,R045.mp4,tracking_json/R045.json,B3.2,restitution_coefficient,eval_restitution,horizontal_velocity_ratio,ball_center,1,fixed_side,x,ratio_only,none,none,,restitution_coefficient,0.55,none,"{""collision_type"": ""horizontal_wall_collision"", ""scale_required"": false}"
246,R046,R046.mp4,tracking_json/R046.json,B3.2,restitution_coefficient,eval_restitution,horizontal_velocity_ratio,ball_center,1,fixed_side,x,ratio_only,none,none,,restitution_coefficient,0.75,none,"{""collision_type"": ""horizontal_wall_collision"", ""scale_required"": false}"
247,R047,R047.mp4,tracking_json/R047.json,B3.2,restitution_coefficient,eval_restitution,horizontal_velocity_ratio,ball_center,1,fixed_side,x,ratio_only,none,none,,restitution_coefficient,0.85,none,"{""collision_type"": ""horizontal_wall_collision"", ""scale_required"": false}"
248,R048,R048.mp4,tracking_json/R048.json,B3.2,restitution_coefficient,eval_restitution,horizontal_velocity_ratio,ball_center,1,fixed_side,x,ratio_only,none,none,,restitution_coefficient,0.35,none,"{""collision_type"": ""horizontal_wall_collision"", ""scale_required"": false}"
249,R049,R049.mp4,tracking_json/R049.json,B3.2,restitution_coefficient,eval_restitution,horizontal_velocity_ratio,ball_center,1,fixed_side,x,ratio_only,none,none,,restitution_coefficient,0.55,none,"{""collision_type"": ""horizontal_wall_collision"", ""scale_required"": false}"
250,R050,R050.mp4,tracking_json/R050.json,B3.2,restitution_coefficient,eval_restitution,horizontal_velocity_ratio,ball_center,1,fixed_side,x,ratio_only,none,none,,restitution_coefficient,0.75,none,"{""collision_type"": ""horizontal_wall_collision"", ""scale_required"": false}"
251,D001,D001.mp4,tracking_json/D001.json,B3.3,density_from_initial_acceleration,eval_density_acceleration,initial_acceleration_fit,object_center,1,fixed_side,y,object_diameter,solid_sphere,diameter,0.03,solid_density,1100.0,kg/m^3,"{""liquid"": ""still_clear_water"", ""liquid_density_kg_m3"": 1000, ""initial_state"": ""fully_submerged_release_from_rest""}"
252,D002,D002.mp4,tracking_json/D002.json,B3.3,density_from_initial_acceleration,eval_density_acceleration,initial_acceleration_fit,object_center,1,fixed_side,y,object_diameter,solid_sphere,diameter,0.04,solid_density,1400.0,kg/m^3,"{""liquid"": ""still_low-viscosity_transparent_silicone_oil"", ""liquid_density_kg_m3"": 970, ""initial_state"": ""fully_submerged_release_from_rest""}"
253,D003,D003.mp4,tracking_json/D003.json,B3.3,density_from_initial_acceleration,eval_density_acceleration,initial_acceleration_fit,object_center,1,fixed_side,y,object_diameter,solid_sphere,diameter,0.025,solid_density,850.0,kg/m^3,"{""liquid"": ""still_low-viscosity_clear_oil"", ""liquid_density_kg_m3"": 850, ""initial_state"": ""fully_submerged_release_from_rest""}"
254,D004,D004.mp4,tracking_json/D004.json,B3.3,density_from_initial_acceleration,eval_density_acceleration,initial_acceleration_fit,object_center,1,fixed_side,y,object_diameter,solid_sphere,diameter,0.035,solid_density,1100.0,kg/m^3,"{""liquid"": ""still_clear_water"", ""liquid_density_kg_m3"": 1000, ""initial_state"": ""fully_submerged_release_from_rest""}"
255,D005,D005.mp4,tracking_json/D005.json,B3.3,density_from_initial_acceleration,eval_density_acceleration,initial_acceleration_fit,object_center,1,fixed_side,y,object_diameter,solid_sphere,diameter,0.02,solid_density,1400.0,kg/m^3,"{""liquid"": ""still_low-viscosity_transparent_silicone_oil"", ""liquid_density_kg_m3"": 970, ""initial_state"": ""fully_submerged_release_from_rest""}"
256,D006,D006.mp4,tracking_json/D006.json,B3.3,density_from_initial_acceleration,eval_density_acceleration,initial_acceleration_fit,object_center,1,fixed_side,y,object_diameter,solid_sphere,diameter,0.03,solid_density,850.0,kg/m^3,"{""liquid"": ""still_low-viscosity_clear_oil"", ""liquid_density_kg_m3"": 850, ""initial_state"": ""fully_submerged_release_from_rest""}"
257,D007,D007.mp4,tracking_json/D007.json,B3.3,density_from_initial_acceleration,eval_density_acceleration,initial_acceleration_fit,object_center,1,fixed_side,y,object_diameter,solid_sphere,diameter,0.04,solid_density,1100.0,kg/m^3,"{""liquid"": ""still_clear_water"", ""liquid_density_kg_m3"": 1000, ""initial_state"": ""fully_submerged_release_from_rest""}"
258,D008,D008.mp4,tracking_json/D008.json,B3.3,density_from_initial_acceleration,eval_density_acceleration,initial_acceleration_fit,object_center,1,fixed_side,y,object_diameter,solid_sphere,diameter,0.025,solid_density,1400.0,kg/m^3,"{""liquid"": ""still_low-viscosity_transparent_silicone_oil"", ""liquid_density_kg_m3"": 970, ""initial_state"": ""fully_submerged_release_from_rest""}"
259,D009,D009.mp4,tracking_json/D009.json,B3.3,density_from_initial_acceleration,eval_density_acceleration,initial_acceleration_fit,object_center,1,fixed_side,y,object_diameter,solid_sphere,diameter,0.035,solid_density,850.0,kg/m^3,"{""liquid"": ""still_low-viscosity_clear_oil"", ""liquid_density_kg_m3"": 850, ""initial_state"": ""fully_submerged_release_from_rest""}"
260,D010,D010.mp4,tracking_json/D010.json,B3.3,density_from_initial_acceleration,eval_density_acceleration,initial_acceleration_fit,object_center,1,fixed_side,y,object_diameter,solid_sphere,diameter,0.02,solid_density,1100.0,kg/m^3,"{""liquid"": ""still_clear_water"", ""liquid_density_kg_m3"": 1000, ""initial_state"": ""fully_submerged_release_from_rest""}"
261,D011,D011.mp4,tracking_json/D011.json,B3.3,density_from_initial_acceleration,eval_density_acceleration,initial_acceleration_fit,object_center,1,fixed_side,y,object_diameter,solid_sphere,diameter,0.03,solid_density,1400.0,kg/m^3,"{""liquid"": ""still_low-viscosity_transparent_silicone_oil"", ""liquid_density_kg_m3"": 970, ""initial_state"": ""fully_submerged_release_from_rest""}"
262,D012,D012.mp4,tracking_json/D012.json,B3.3,density_from_initial_acceleration,eval_density_acceleration,initial_acceleration_fit,object_center,1,fixed_side,y,object_diameter,solid_sphere,diameter,0.04,solid_density,850.0,kg/m^3,"{""liquid"": ""still_low-viscosity_clear_oil"", ""liquid_density_kg_m3"": 850, ""initial_state"": ""fully_submerged_release_from_rest""}"
263,D013,D013.mp4,tracking_json/D013.json,B3.3,density_from_initial_acceleration,eval_density_acceleration,initial_acceleration_fit,object_center,1,fixed_side,y,object_diameter,solid_sphere,diameter,0.025,solid_density,1100.0,kg/m^3,"{""liquid"": ""still_clear_water"", ""liquid_density_kg_m3"": 1000, ""initial_state"": ""fully_submerged_release_from_rest""}"
264,D014,D014.mp4,tracking_json/D014.json,B3.3,density_from_initial_acceleration,eval_density_acceleration,initial_acceleration_fit,object_center,1,fixed_side,y,object_diameter,solid_sphere,diameter,0.035,solid_density,1400.0,kg/m^3,"{""liquid"": ""still_low-viscosity_transparent_silicone_oil"", ""liquid_density_kg_m3"": 970, ""initial_state"": ""fully_submerged_release_from_rest""}"
265,D015,D015.mp4,tracking_json/D015.json,B3.3,density_from_initial_acceleration,eval_density_acceleration,initial_acceleration_fit,object_center,1,fixed_side,y,object_diameter,solid_sphere,diameter,0.02,solid_density,850.0,kg/m^3,"{""liquid"": ""still_low-viscosity_clear_oil"", ""liquid_density_kg_m3"": 850, ""initial_state"": ""fully_submerged_release_from_rest""}"
266,D016,D016.mp4,tracking_json/D016.json,B3.3,density_from_initial_acceleration,eval_density_acceleration,initial_acceleration_fit,object_center,1,fixed_side,y,object_diameter,solid_sphere,diameter,0.03,solid_density,1100.0,kg/m^3,"{""liquid"": ""still_clear_water"", ""liquid_density_kg_m3"": 1000, ""initial_state"": ""fully_submerged_release_from_rest""}"
267,D017,D017.mp4,tracking_json/D017.json,B3.3,density_from_initial_acceleration,eval_density_acceleration,initial_acceleration_fit,object_center,1,fixed_side,y,object_diameter,solid_sphere,diameter,0.04,solid_density,1400.0,kg/m^3,"{""liquid"": ""still_low-viscosity_transparent_silicone_oil"", ""liquid_density_kg_m3"": 970, ""initial_state"": ""fully_submerged_release_from_rest""}"
268,D018,D018.mp4,tracking_json/D018.json,B3.3,density_from_initial_acceleration,eval_density_acceleration,initial_acceleration_fit,object_center,1,fixed_side,y,object_diameter,solid_sphere,diameter,0.025,solid_density,850.0,kg/m^3,"{""liquid"": ""still_low-viscosity_clear_oil"", ""liquid_density_kg_m3"": 850, ""initial_state"": ""fully_submerged_release_from_rest""}"
269,D019,D019.mp4,tracking_json/D019.json,B3.3,density_from_initial_acceleration,eval_density_acceleration,initial_acceleration_fit,object_center,1,fixed_side,y,object_diameter,solid_sphere,diameter,0.035,solid_density,1100.0,kg/m^3,"{""liquid"": ""still_clear_water"", ""liquid_density_kg_m3"": 1000, ""initial_state"": ""fully_submerged_release_from_rest""}"
270,D020,D020.mp4,tracking_json/D020.json,B3.3,density_from_initial_acceleration,eval_density_acceleration,initial_acceleration_fit,object_center,1,fixed_side,y,object_diameter,solid_sphere,diameter,0.02,solid_density,1400.0,kg/m^3,"{""liquid"": ""still_low-viscosity_transparent_silicone_oil"", ""liquid_density_kg_m3"": 970, ""initial_state"": ""fully_submerged_release_from_rest""}"
271,D021,D021.mp4,tracking_json/D021.json,B3.3,density_from_initial_acceleration,eval_density_acceleration,initial_acceleration_fit,object_center,1,fixed_side,y,object_diameter,solid_sphere,diameter,0.03,solid_density,850.0,kg/m^3,"{""liquid"": ""still_low-viscosity_clear_oil"", ""liquid_density_kg_m3"": 850, ""initial_state"": ""fully_submerged_release_from_rest""}"
272,D022,D022.mp4,tracking_json/D022.json,B3.3,density_from_initial_acceleration,eval_density_acceleration,initial_acceleration_fit,object_center,1,fixed_side,y,object_diameter,solid_sphere,diameter,0.04,solid_density,1100.0,kg/m^3,"{""liquid"": ""still_clear_water"", ""liquid_density_kg_m3"": 1000, ""initial_state"": ""fully_submerged_release_from_rest""}"
273,D023,D023.mp4,tracking_json/D023.json,B3.3,density_from_initial_acceleration,eval_density_acceleration,initial_acceleration_fit,object_center,1,fixed_side,y,object_diameter,solid_sphere,diameter,0.025,solid_density,1400.0,kg/m^3,"{""liquid"": ""still_low-viscosity_transparent_silicone_oil"", ""liquid_density_kg_m3"": 970, ""initial_state"": ""fully_submerged_release_from_rest""}"
274,D024,D024.mp4,tracking_json/D024.json,B3.3,density_from_initial_acceleration,eval_density_acceleration,initial_acceleration_fit,object_center,1,fixed_side,y,object_diameter,solid_sphere,diameter,0.035,solid_density,850.0,kg/m^3,"{""liquid"": ""still_low-viscosity_clear_oil"", ""liquid_density_kg_m3"": 850, ""initial_state"": ""fully_submerged_release_from_rest""}"
275,D025,D025.mp4,tracking_json/D025.json,B3.3,density_from_initial_acceleration,eval_density_acceleration,initial_acceleration_fit,object_center,1,fixed_side,y,object_diameter,solid_sphere,diameter,0.02,solid_density,1100.0,kg/m^3,"{""liquid"": ""still_clear_water"", ""liquid_density_kg_m3"": 1000, ""initial_state"": ""fully_submerged_release_from_rest""}"
276,D026,D026.mp4,tracking_json/D026.json,B3.3,density_from_initial_acceleration,eval_density_acceleration,initial_acceleration_fit,object_center,1,fixed_side,y,object_diameter,solid_sphere,diameter,0.03,solid_density,1400.0,kg/m^3,"{""liquid"": ""still_low-viscosity_transparent_silicone_oil"", ""liquid_density_kg_m3"": 970, ""initial_state"": ""fully_submerged_release_from_rest""}"
277,D027,D027.mp4,tracking_json/D027.json,B3.3,density_from_initial_acceleration,eval_density_acceleration,initial_acceleration_fit,object_center,1,fixed_side,y,object_diameter,solid_sphere,diameter,0.04,solid_density,850.0,kg/m^3,"{""liquid"": ""still_low-viscosity_clear_oil"", ""liquid_density_kg_m3"": 850, ""initial_state"": ""fully_submerged_release_from_rest""}"
278,D028,D028.mp4,tracking_json/D028.json,B3.3,density_from_initial_acceleration,eval_density_acceleration,initial_acceleration_fit,object_center,1,fixed_side,y,object_diameter,solid_sphere,diameter,0.025,solid_density,1100.0,kg/m^3,"{""liquid"": ""still_clear_water"", ""liquid_density_kg_m3"": 1000, ""initial_state"": ""fully_submerged_release_from_rest""}"
279,D029,D029.mp4,tracking_json/D029.json,B3.3,density_from_initial_acceleration,eval_density_acceleration,initial_acceleration_fit,object_center,1,fixed_side,y,object_diameter,solid_sphere,diameter,0.035,solid_density,1400.0,kg/m^3,"{""liquid"": ""still_low-viscosity_transparent_silicone_oil"", ""liquid_density_kg_m3"": 970, ""initial_state"": ""fully_submerged_release_from_rest""}"
280,D030,D030.mp4,tracking_json/D030.json,B3.3,density_from_initial_acceleration,eval_density_acceleration,initial_acceleration_fit,object_center,1,fixed_side,y,object_diameter,solid_sphere,diameter,0.02,solid_density,850.0,kg/m^3,"{""liquid"": ""still_low-viscosity_clear_oil"", ""liquid_density_kg_m3"": 850, ""initial_state"": ""fully_submerged_release_from_rest""}"
281,D031,D031.mp4,tracking_json/D031.json,B3.3,density_from_initial_acceleration,eval_density_acceleration,initial_acceleration_fit,object_center,1,fixed_side,y,object_diameter,solid_sphere,diameter,0.03,solid_density,1100.0,kg/m^3,"{""liquid"": ""still_clear_water"", ""liquid_density_kg_m3"": 1000, ""initial_state"": ""fully_submerged_release_from_rest""}"
282,D032,D032.mp4,tracking_json/D032.json,B3.3,density_from_initial_acceleration,eval_density_acceleration,initial_acceleration_fit,object_center,1,fixed_side,y,object_diameter,solid_sphere,diameter,0.04,solid_density,1400.0,kg/m^3,"{""liquid"": ""still_low-viscosity_transparent_silicone_oil"", ""liquid_density_kg_m3"": 970, ""initial_state"": ""fully_submerged_release_from_rest""}"
283,D033,D033.mp4,tracking_json/D033.json,B3.3,density_from_initial_acceleration,eval_density_acceleration,initial_acceleration_fit,object_center,1,fixed_side,y,object_diameter,solid_sphere,diameter,0.025,solid_density,850.0,kg/m^3,"{""liquid"": ""still_low-viscosity_clear_oil"", ""liquid_density_kg_m3"": 850, ""initial_state"": ""fully_submerged_release_from_rest""}"
284,D034,D034.mp4,tracking_json/D034.json,B3.3,density_from_initial_acceleration,eval_density_acceleration,initial_acceleration_fit,object_center,1,fixed_side,y,object_diameter,solid_sphere,diameter,0.035,solid_density,1100.0,kg/m^3,"{""liquid"": ""still_clear_water"", ""liquid_density_kg_m3"": 1000, ""initial_state"": ""fully_submerged_release_from_rest""}"
285,D035,D035.mp4,tracking_json/D035.json,B3.3,density_from_initial_acceleration,eval_density_acceleration,initial_acceleration_fit,object_center,1,fixed_side,y,object_diameter,solid_sphere,diameter,0.02,solid_density,1400.0,kg/m^3,"{""liquid"": ""still_low-viscosity_transparent_silicone_oil"", ""liquid_density_kg_m3"": 970, ""initial_state"": ""fully_submerged_release_from_rest""}"
286,D036,D036.mp4,tracking_json/D036.json,B3.3,density_from_initial_acceleration,eval_density_acceleration,initial_acceleration_fit,object_center,1,fixed_side,y,object_diameter,solid_sphere,diameter,0.03,solid_density,850.0,kg/m^3,"{""liquid"": ""still_low-viscosity_clear_oil"", ""liquid_density_kg_m3"": 850, ""initial_state"": ""fully_submerged_release_from_rest""}"
287,D037,D037.mp4,tracking_json/D037.json,B3.3,density_from_initial_acceleration,eval_density_acceleration,initial_acceleration_fit,object_center,1,fixed_side,y,object_diameter,solid_sphere,diameter,0.04,solid_density,1100.0,kg/m^3,"{""liquid"": ""still_clear_water"", ""liquid_density_kg_m3"": 1000, ""initial_state"": ""fully_submerged_release_from_rest""}"
288,D038,D038.mp4,tracking_json/D038.json,B3.3,density_from_initial_acceleration,eval_density_acceleration,initial_acceleration_fit,object_center,1,fixed_side,y,object_diameter,solid_sphere,diameter,0.025,solid_density,1400.0,kg/m^3,"{""liquid"": ""still_low-viscosity_transparent_silicone_oil"", ""liquid_density_kg_m3"": 970, ""initial_state"": ""fully_submerged_release_from_rest""}"
289,D039,D039.mp4,tracking_json/D039.json,B3.3,density_from_initial_acceleration,eval_density_acceleration,initial_acceleration_fit,object_center,1,fixed_side,y,object_diameter,solid_sphere,diameter,0.035,solid_density,850.0,kg/m^3,"{""liquid"": ""still_low-viscosity_clear_oil"", ""liquid_density_kg_m3"": 850, ""initial_state"": ""fully_submerged_release_from_rest""}"
290,D040,D040.mp4,tracking_json/D040.json,B3.3,density_from_initial_acceleration,eval_density_acceleration,initial_acceleration_fit,object_center,1,fixed_side,y,object_diameter,solid_sphere,diameter,0.02,solid_density,1100.0,kg/m^3,"{""liquid"": ""still_clear_water"", ""liquid_density_kg_m3"": 1000, ""initial_state"": ""fully_submerged_release_from_rest""}"
291,D041,D041.mp4,tracking_json/D041.json,B3.3,density_from_initial_acceleration,eval_density_acceleration,initial_acceleration_fit,object_center,1,fixed_side,y,object_diameter,solid_sphere,diameter,0.03,solid_density,1400.0,kg/m^3,"{""liquid"": ""still_low-viscosity_transparent_silicone_oil"", ""liquid_density_kg_m3"": 970, ""initial_state"": ""fully_submerged_release_from_rest""}"
292,D042,D042.mp4,tracking_json/D042.json,B3.3,density_from_initial_acceleration,eval_density_acceleration,initial_acceleration_fit,object_center,1,fixed_side,y,object_diameter,solid_sphere,diameter,0.04,solid_density,850.0,kg/m^3,"{""liquid"": ""still_low-viscosity_clear_oil"", ""liquid_density_kg_m3"": 850, ""initial_state"": ""fully_submerged_release_from_rest""}"
293,D043,D043.mp4,tracking_json/D043.json,B3.3,density_from_initial_acceleration,eval_density_acceleration,initial_acceleration_fit,object_center,1,fixed_side,y,object_diameter,solid_sphere,diameter,0.025,solid_density,1100.0,kg/m^3,"{""liquid"": ""still_clear_water"", ""liquid_density_kg_m3"": 1000, ""initial_state"": ""fully_submerged_release_from_rest""}"
294,D044,D044.mp4,tracking_json/D044.json,B3.3,density_from_initial_acceleration,eval_density_acceleration,initial_acceleration_fit,object_center,1,fixed_side,y,object_diameter,solid_sphere,diameter,0.035,solid_density,1400.0,kg/m^3,"{""liquid"": ""still_low-viscosity_transparent_silicone_oil"", ""liquid_density_kg_m3"": 970, ""initial_state"": ""fully_submerged_release_from_rest""}"
295,D045,D045.mp4,tracking_json/D045.json,B3.3,density_from_initial_acceleration,eval_density_acceleration,initial_acceleration_fit,object_center,1,fixed_side,y,object_diameter,solid_sphere,diameter,0.02,solid_density,850.0,kg/m^3,"{""liquid"": ""still_low-viscosity_clear_oil"", ""liquid_density_kg_m3"": 850, ""initial_state"": ""fully_submerged_release_from_rest""}"
296,D046,D046.mp4,tracking_json/D046.json,B3.3,density_from_initial_acceleration,eval_density_acceleration,initial_acceleration_fit,object_center,1,fixed_side,y,object_diameter,solid_sphere,diameter,0.03,solid_density,1100.0,kg/m^3,"{""liquid"": ""still_clear_water"", ""liquid_density_kg_m3"": 1000, ""initial_state"": ""fully_submerged_release_from_rest""}"
297,D047,D047.mp4,tracking_json/D047.json,B3.3,density_from_initial_acceleration,eval_density_acceleration,initial_acceleration_fit,object_center,1,fixed_side,y,object_diameter,solid_sphere,diameter,0.04,solid_density,1400.0,kg/m^3,"{""liquid"": ""still_low-viscosity_transparent_silicone_oil"", ""liquid_density_kg_m3"": 970, ""initial_state"": ""fully_submerged_release_from_rest""}"
298,D048,D048.mp4,tracking_json/D048.json,B3.3,density_from_initial_acceleration,eval_density_acceleration,initial_acceleration_fit,object_center,1,fixed_side,y,object_diameter,solid_sphere,diameter,0.025,solid_density,850.0,kg/m^3,"{""liquid"": ""still_low-viscosity_clear_oil"", ""liquid_density_kg_m3"": 850, ""initial_state"": ""fully_submerged_release_from_rest""}"
299,D049,D049.mp4,tracking_json/D049.json,B3.3,density_from_initial_acceleration,eval_density_acceleration,initial_acceleration_fit,object_center,1,fixed_side,y,object_diameter,solid_sphere,diameter,0.035,solid_density,1100.0,kg/m^3,"{""liquid"": ""still_clear_water"", ""liquid_density_kg_m3"": 1000, ""initial_state"": ""fully_submerged_release_from_rest""}"
300,D050,D050.mp4,tracking_json/D050.json,B3.3,density_from_initial_acceleration,eval_density_acceleration,initial_acceleration_fit,object_center,1,fixed_side,y,object_diameter,solid_sphere,diameter,0.02,solid_density,1400.0,kg/m^3,"{""liquid"": ""still_low-viscosity_transparent_silicone_oil"", ""liquid_density_kg_m3"": 970, ""initial_state"": ""fully_submerged_release_from_rest""}"
301,ETA001,ETA001.mp4,tracking_json/ETA001.json,B3.4,fluid_viscosity,eval_viscosity,terminal_velocity,steel_ball_center,1,fixed_side,y,object_diameter,steel_bearing_ball,diameter,0.003,viscosity,0.4,Pa*s,"{""liquid"": ""silicone_oil"", ""solid_density_kg_m3"": 7800, ""liquid_density_kg_m3"": 970}"
302,ETA002,ETA002.mp4,tracking_json/ETA002.json,B3.4,fluid_viscosity,eval_viscosity,terminal_velocity,steel_ball_center,1,fixed_side,y,object_diameter,steel_bearing_ball,diameter,0.004,viscosity,0.6,Pa*s,"{""liquid"": ""silicone_oil"", ""solid_density_kg_m3"": 7800, ""liquid_density_kg_m3"": 970}"
303,ETA003,ETA003.mp4,tracking_json/ETA003.json,B3.4,fluid_viscosity,eval_viscosity,terminal_velocity,steel_ball_center,1,fixed_side,y,object_diameter,steel_bearing_ball,diameter,0.005,viscosity,1.0,Pa*s,"{""liquid"": ""silicone_oil"", ""solid_density_kg_m3"": 7800, ""liquid_density_kg_m3"": 970}"
304,ETA004,ETA004.mp4,tracking_json/ETA004.json,B3.4,fluid_viscosity,eval_viscosity,terminal_velocity,steel_ball_center,1,fixed_side,y,object_diameter,steel_bearing_ball,diameter,0.006,viscosity,0.2,Pa*s,"{""liquid"": ""silicone_oil"", ""solid_density_kg_m3"": 7800, ""liquid_density_kg_m3"": 970}"
305,ETA005,ETA005.mp4,tracking_json/ETA005.json,B3.4,fluid_viscosity,eval_viscosity,terminal_velocity,steel_ball_center,1,fixed_side,y,object_diameter,steel_bearing_ball,diameter,0.003,viscosity,0.4,Pa*s,"{""liquid"": ""silicone_oil"", ""solid_density_kg_m3"": 7800, ""liquid_density_kg_m3"": 970}"
306,ETA006,ETA006.mp4,tracking_json/ETA006.json,B3.4,fluid_viscosity,eval_viscosity,terminal_velocity,steel_ball_center,1,fixed_side,y,object_diameter,steel_bearing_ball,diameter,0.004,viscosity,0.6,Pa*s,"{""liquid"": ""silicone_oil"", ""solid_density_kg_m3"": 7800, ""liquid_density_kg_m3"": 970}"
307,ETA007,ETA007.mp4,tracking_json/ETA007.json,B3.4,fluid_viscosity,eval_viscosity,terminal_velocity,steel_ball_center,1,fixed_side,y,object_diameter,steel_bearing_ball,diameter,0.005,viscosity,1.0,Pa*s,"{""liquid"": ""silicone_oil"", ""solid_density_kg_m3"": 7800, ""liquid_density_kg_m3"": 970}"
308,ETA008,ETA008.mp4,tracking_json/ETA008.json,B3.4,fluid_viscosity,eval_viscosity,terminal_velocity,steel_ball_center,1,fixed_side,y,object_diameter,steel_bearing_ball,diameter,0.006,viscosity,0.2,Pa*s,"{""liquid"": ""silicone_oil"", ""solid_density_kg_m3"": 7800, ""liquid_density_kg_m3"": 970}"
309,ETA009,ETA009.mp4,tracking_json/ETA009.json,B3.4,fluid_viscosity,eval_viscosity,terminal_velocity,steel_ball_center,1,fixed_side,y,object_diameter,steel_bearing_ball,diameter,0.003,viscosity,0.4,Pa*s,"{""liquid"": ""silicone_oil"", ""solid_density_kg_m3"": 7800, ""liquid_density_kg_m3"": 970}"
310,ETA010,ETA010.mp4,tracking_json/ETA010.json,B3.4,fluid_viscosity,eval_viscosity,terminal_velocity,steel_ball_center,1,fixed_side,y,object_diameter,steel_bearing_ball,diameter,0.004,viscosity,0.6,Pa*s,"{""liquid"": ""silicone_oil"", ""solid_density_kg_m3"": 7800, ""liquid_density_kg_m3"": 970}"
311,ETA011,ETA011.mp4,tracking_json/ETA011.json,B3.4,fluid_viscosity,eval_viscosity,terminal_velocity,steel_ball_center,1,fixed_side,y,object_diameter,steel_bearing_ball,diameter,0.005,viscosity,1.0,Pa*s,"{""liquid"": ""silicone_oil"", ""solid_density_kg_m3"": 7800, ""liquid_density_kg_m3"": 970}"
312,ETA012,ETA012.mp4,tracking_json/ETA012.json,B3.4,fluid_viscosity,eval_viscosity,terminal_velocity,steel_ball_center,1,fixed_side,y,object_diameter,steel_bearing_ball,diameter,0.006,viscosity,0.2,Pa*s,"{""liquid"": ""silicone_oil"", ""solid_density_kg_m3"": 7800, ""liquid_density_kg_m3"": 970}"
313,ETA013,ETA013.mp4,tracking_json/ETA013.json,B3.4,fluid_viscosity,eval_viscosity,terminal_velocity,steel_ball_center,1,fixed_side,y,object_diameter,steel_bearing_ball,diameter,0.003,viscosity,0.4,Pa*s,"{""liquid"": ""silicone_oil"", ""solid_density_kg_m3"": 7800, ""liquid_density_kg_m3"": 970}"
314,ETA014,ETA014.mp4,tracking_json/ETA014.json,B3.4,fluid_viscosity,eval_viscosity,terminal_velocity,steel_ball_center,1,fixed_side,y,object_diameter,steel_bearing_ball,diameter,0.004,viscosity,0.6,Pa*s,"{""liquid"": ""silicone_oil"", ""solid_density_kg_m3"": 7800, ""liquid_density_kg_m3"": 970}"
315,ETA015,ETA015.mp4,tracking_json/ETA015.json,B3.4,fluid_viscosity,eval_viscosity,terminal_velocity,steel_ball_center,1,fixed_side,y,object_diameter,steel_bearing_ball,diameter,0.005,viscosity,1.0,Pa*s,"{""liquid"": ""silicone_oil"", ""solid_density_kg_m3"": 7800, ""liquid_density_kg_m3"": 970}"
316,ETA016,ETA016.mp4,tracking_json/ETA016.json,B3.4,fluid_viscosity,eval_viscosity,terminal_velocity,steel_ball_center,1,fixed_side,y,object_diameter,steel_bearing_ball,diameter,0.006,viscosity,0.2,Pa*s,"{""liquid"": ""silicone_oil"", ""solid_density_kg_m3"": 7800, ""liquid_density_kg_m3"": 970}"
317,ETA017,ETA017.mp4,tracking_json/ETA017.json,B3.4,fluid_viscosity,eval_viscosity,terminal_velocity,steel_ball_center,1,fixed_side,y,object_diameter,steel_bearing_ball,diameter,0.003,viscosity,0.4,Pa*s,"{""liquid"": ""silicone_oil"", ""solid_density_kg_m3"": 7800, ""liquid_density_kg_m3"": 970}"
318,ETA018,ETA018.mp4,tracking_json/ETA018.json,B3.4,fluid_viscosity,eval_viscosity,terminal_velocity,steel_ball_center,1,fixed_side,y,object_diameter,steel_bearing_ball,diameter,0.004,viscosity,0.6,Pa*s,"{""liquid"": ""silicone_oil"", ""solid_density_kg_m3"": 7800, ""liquid_density_kg_m3"": 970}"
319,ETA019,ETA019.mp4,tracking_json/ETA019.json,B3.4,fluid_viscosity,eval_viscosity,terminal_velocity,steel_ball_center,1,fixed_side,y,object_diameter,steel_bearing_ball,diameter,0.005,viscosity,1.0,Pa*s,"{""liquid"": ""silicone_oil"", ""solid_density_kg_m3"": 7800, ""liquid_density_kg_m3"": 970}"
320,ETA020,ETA020.mp4,tracking_json/ETA020.json,B3.4,fluid_viscosity,eval_viscosity,terminal_velocity,steel_ball_center,1,fixed_side,y,object_diameter,steel_bearing_ball,diameter,0.006,viscosity,0.2,Pa*s,"{""liquid"": ""silicone_oil"", ""solid_density_kg_m3"": 7800, ""liquid_density_kg_m3"": 970}"
321,ETA021,ETA021.mp4,tracking_json/ETA021.json,B3.4,fluid_viscosity,eval_viscosity,terminal_velocity,steel_ball_center,1,fixed_side,y,object_diameter,steel_bearing_ball,diameter,0.003,viscosity,0.4,Pa*s,"{""liquid"": ""silicone_oil"", ""solid_density_kg_m3"": 7800, ""liquid_density_kg_m3"": 970}"
322,ETA022,ETA022.mp4,tracking_json/ETA022.json,B3.4,fluid_viscosity,eval_viscosity,terminal_velocity,steel_ball_center,1,fixed_side,y,object_diameter,steel_bearing_ball,diameter,0.004,viscosity,0.6,Pa*s,"{""liquid"": ""silicone_oil"", ""solid_density_kg_m3"": 7800, ""liquid_density_kg_m3"": 970}"
323,ETA023,ETA023.mp4,tracking_json/ETA023.json,B3.4,fluid_viscosity,eval_viscosity,terminal_velocity,steel_ball_center,1,fixed_side,y,object_diameter,steel_bearing_ball,diameter,0.005,viscosity,1.0,Pa*s,"{""liquid"": ""silicone_oil"", ""solid_density_kg_m3"": 7800, ""liquid_density_kg_m3"": 970}"
324,ETA024,ETA024.mp4,tracking_json/ETA024.json,B3.4,fluid_viscosity,eval_viscosity,terminal_velocity,steel_ball_center,1,fixed_side,y,object_diameter,steel_bearing_ball,diameter,0.006,viscosity,0.2,Pa*s,"{""liquid"": ""silicone_oil"", ""solid_density_kg_m3"": 7800, ""liquid_density_kg_m3"": 970}"
325,ETA025,ETA025.mp4,tracking_json/ETA025.json,B3.4,fluid_viscosity,eval_viscosity,terminal_velocity,steel_ball_center,1,fixed_side,y,object_diameter,steel_bearing_ball,diameter,0.003,viscosity,0.4,Pa*s,"{""liquid"": ""silicone_oil"", ""solid_density_kg_m3"": 7800, ""liquid_density_kg_m3"": 970}"
326,ETA026,ETA026.mp4,tracking_json/ETA026.json,B3.4,fluid_viscosity,eval_viscosity,terminal_velocity,steel_ball_center,1,fixed_side,y,object_diameter,steel_bearing_ball,diameter,0.004,viscosity,0.6,Pa*s,"{""liquid"": ""silicone_oil"", ""solid_density_kg_m3"": 7800, ""liquid_density_kg_m3"": 970}"
327,ETA027,ETA027.mp4,tracking_json/ETA027.json,B3.4,fluid_viscosity,eval_viscosity,terminal_velocity,steel_ball_center,1,fixed_side,y,object_diameter,steel_bearing_ball,diameter,0.005,viscosity,1.0,Pa*s,"{""liquid"": ""silicone_oil"", ""solid_density_kg_m3"": 7800, ""liquid_density_kg_m3"": 970}"
328,ETA028,ETA028.mp4,tracking_json/ETA028.json,B3.4,fluid_viscosity,eval_viscosity,terminal_velocity,steel_ball_center,1,fixed_side,y,object_diameter,steel_bearing_ball,diameter,0.006,viscosity,0.2,Pa*s,"{""liquid"": ""silicone_oil"", ""solid_density_kg_m3"": 7800, ""liquid_density_kg_m3"": 970}"
329,ETA029,ETA029.mp4,tracking_json/ETA029.json,B3.4,fluid_viscosity,eval_viscosity,terminal_velocity,steel_ball_center,1,fixed_side,y,object_diameter,steel_bearing_ball,diameter,0.003,viscosity,0.4,Pa*s,"{""liquid"": ""silicone_oil"", ""solid_density_kg_m3"": 7800, ""liquid_density_kg_m3"": 970}"
330,ETA030,ETA030.mp4,tracking_json/ETA030.json,B3.4,fluid_viscosity,eval_viscosity,terminal_velocity,steel_ball_center,1,fixed_side,y,object_diameter,steel_bearing_ball,diameter,0.004,viscosity,0.6,Pa*s,"{""liquid"": ""silicone_oil"", ""solid_density_kg_m3"": 7800, ""liquid_density_kg_m3"": 970}"
331,ETA031,ETA031.mp4,tracking_json/ETA031.json,B3.4,fluid_viscosity,eval_viscosity,terminal_velocity,steel_ball_center,1,fixed_side,y,object_diameter,steel_bearing_ball,diameter,0.005,viscosity,1.0,Pa*s,"{""liquid"": ""silicone_oil"", ""solid_density_kg_m3"": 7800, ""liquid_density_kg_m3"": 970}"
332,ETA032,ETA032.mp4,tracking_json/ETA032.json,B3.4,fluid_viscosity,eval_viscosity,terminal_velocity,steel_ball_center,1,fixed_side,y,object_diameter,steel_bearing_ball,diameter,0.006,viscosity,0.2,Pa*s,"{""liquid"": ""silicone_oil"", ""solid_density_kg_m3"": 7800, ""liquid_density_kg_m3"": 970}"
333,ETA033,ETA033.mp4,tracking_json/ETA033.json,B3.4,fluid_viscosity,eval_viscosity,terminal_velocity,steel_ball_center,1,fixed_side,y,object_diameter,steel_bearing_ball,diameter,0.003,viscosity,0.4,Pa*s,"{""liquid"": ""silicone_oil"", ""solid_density_kg_m3"": 7800, ""liquid_density_kg_m3"": 970}"
334,ETA034,ETA034.mp4,tracking_json/ETA034.json,B3.4,fluid_viscosity,eval_viscosity,terminal_velocity,steel_ball_center,1,fixed_side,y,object_diameter,steel_bearing_ball,diameter,0.004,viscosity,0.6,Pa*s,"{""liquid"": ""silicone_oil"", ""solid_density_kg_m3"": 7800, ""liquid_density_kg_m3"": 970}"
335,ETA035,ETA035.mp4,tracking_json/ETA035.json,B3.4,fluid_viscosity,eval_viscosity,terminal_velocity,steel_ball_center,1,fixed_side,y,object_diameter,steel_bearing_ball,diameter,0.005,viscosity,1.0,Pa*s,"{""liquid"": ""silicone_oil"", ""solid_density_kg_m3"": 7800, ""liquid_density_kg_m3"": 970}"
336,ETA036,ETA036.mp4,tracking_json/ETA036.json,B3.4,fluid_viscosity,eval_viscosity,terminal_velocity,steel_ball_center,1,fixed_side,y,object_diameter,steel_bearing_ball,diameter,0.006,viscosity,0.2,Pa*s,"{""liquid"": ""silicone_oil"", ""solid_density_kg_m3"": 7800, ""liquid_density_kg_m3"": 970}"
337,ETA037,ETA037.mp4,tracking_json/ETA037.json,B3.4,fluid_viscosity,eval_viscosity,terminal_velocity,steel_ball_center,1,fixed_side,y,object_diameter,steel_bearing_ball,diameter,0.003,viscosity,0.4,Pa*s,"{""liquid"": ""silicone_oil"", ""solid_density_kg_m3"": 7800, ""liquid_density_kg_m3"": 970}"
338,ETA038,ETA038.mp4,tracking_json/ETA038.json,B3.4,fluid_viscosity,eval_viscosity,terminal_velocity,steel_ball_center,1,fixed_side,y,object_diameter,steel_bearing_ball,diameter,0.004,viscosity,0.6,Pa*s,"{""liquid"": ""silicone_oil"", ""solid_density_kg_m3"": 7800, ""liquid_density_kg_m3"": 970}"
339,ETA039,ETA039.mp4,tracking_json/ETA039.json,B3.4,fluid_viscosity,eval_viscosity,terminal_velocity,steel_ball_center,1,fixed_side,y,object_diameter,steel_bearing_ball,diameter,0.005,viscosity,1.0,Pa*s,"{""liquid"": ""silicone_oil"", ""solid_density_kg_m3"": 7800, ""liquid_density_kg_m3"": 970}"
340,ETA040,ETA040.mp4,tracking_json/ETA040.json,B3.4,fluid_viscosity,eval_viscosity,terminal_velocity,steel_ball_center,1,fixed_side,y,object_diameter,steel_bearing_ball,diameter,0.006,viscosity,0.2,Pa*s,"{""liquid"": ""silicone_oil"", ""solid_density_kg_m3"": 7800, ""liquid_density_kg_m3"": 970}"
341,ETA041,ETA041.mp4,tracking_json/ETA041.json,B3.4,fluid_viscosity,eval_viscosity,terminal_velocity,steel_ball_center,1,fixed_side,y,object_diameter,steel_bearing_ball,diameter,0.003,viscosity,0.4,Pa*s,"{""liquid"": ""silicone_oil"", ""solid_density_kg_m3"": 7800, ""liquid_density_kg_m3"": 970}"
342,ETA042,ETA042.mp4,tracking_json/ETA042.json,B3.4,fluid_viscosity,eval_viscosity,terminal_velocity,steel_ball_center,1,fixed_side,y,object_diameter,steel_bearing_ball,diameter,0.004,viscosity,0.6,Pa*s,"{""liquid"": ""silicone_oil"", ""solid_density_kg_m3"": 7800, ""liquid_density_kg_m3"": 970}"
343,ETA043,ETA043.mp4,tracking_json/ETA043.json,B3.4,fluid_viscosity,eval_viscosity,terminal_velocity,steel_ball_center,1,fixed_side,y,object_diameter,steel_bearing_ball,diameter,0.005,viscosity,1.0,Pa*s,"{""liquid"": ""silicone_oil"", ""solid_density_kg_m3"": 7800, ""liquid_density_kg_m3"": 970}"
344,ETA044,ETA044.mp4,tracking_json/ETA044.json,B3.4,fluid_viscosity,eval_viscosity,terminal_velocity,steel_ball_center,1,fixed_side,y,object_diameter,steel_bearing_ball,diameter,0.006,viscosity,0.2,Pa*s,"{""liquid"": ""silicone_oil"", ""solid_density_kg_m3"": 7800, ""liquid_density_kg_m3"": 970}"
345,ETA045,ETA045.mp4,tracking_json/ETA045.json,B3.4,fluid_viscosity,eval_viscosity,terminal_velocity,steel_ball_center,1,fixed_side,y,object_diameter,steel_bearing_ball,diameter,0.003,viscosity,0.4,Pa*s,"{""liquid"": ""silicone_oil"", ""solid_density_kg_m3"": 7800, ""liquid_density_kg_m3"": 970}"
346,ETA046,ETA046.mp4,tracking_json/ETA046.json,B3.4,fluid_viscosity,eval_viscosity,terminal_velocity,steel_ball_center,1,fixed_side,y,object_diameter,steel_bearing_ball,diameter,0.004,viscosity,0.6,Pa*s,"{""liquid"": ""silicone_oil"", ""solid_density_kg_m3"": 7800, ""liquid_density_kg_m3"": 970}"
347,ETA047,ETA047.mp4,tracking_json/ETA047.json,B3.4,fluid_viscosity,eval_viscosity,terminal_velocity,steel_ball_center,1,fixed_side,y,object_diameter,steel_bearing_ball,diameter,0.005,viscosity,1.0,Pa*s,"{""liquid"": ""silicone_oil"", ""solid_density_kg_m3"": 7800, ""liquid_density_kg_m3"": 970}"
348,ETA048,ETA048.mp4,tracking_json/ETA048.json,B3.4,fluid_viscosity,eval_viscosity,terminal_velocity,steel_ball_center,1,fixed_side,y,object_diameter,steel_bearing_ball,diameter,0.006,viscosity,0.2,Pa*s,"{""liquid"": ""silicone_oil"", ""solid_density_kg_m3"": 7800, ""liquid_density_kg_m3"": 970}"
349,ETA049,ETA049.mp4,tracking_json/ETA049.json,B3.4,fluid_viscosity,eval_viscosity,terminal_velocity,steel_ball_center,1,fixed_side,y,object_diameter,steel_bearing_ball,diameter,0.003,viscosity,0.4,Pa*s,"{""liquid"": ""silicone_oil"", ""solid_density_kg_m3"": 7800, ""liquid_density_kg_m3"": 970}"
350,ETA050,ETA050.mp4,tracking_json/ETA050.json,B3.4,fluid_viscosity,eval_viscosity,terminal_velocity,steel_ball_center,1,fixed_side,y,object_diameter,steel_bearing_ball,diameter,0.004,viscosity,0.6,Pa*s,"{""liquid"": ""silicone_oil"", ""solid_density_kg_m3"": 7800, ""liquid_density_kg_m3"": 970}"
351,K001,K001.mp4,tracking_json/K001.json,B3.5,spring_constant,eval_spring,period_detection,cart_center,1,fixed_side,spring_axis,none,none,none,,spring_constant,6.0,N/m,"{""mass_kg"": 0.25, ""oscillator"": ""small_cart""}"
352,K002,K002.mp4,tracking_json/K002.json,B3.5,spring_constant,eval_spring,period_detection,slider_center,1,fixed_side,spring_axis,none,none,none,,spring_constant,12.0,N/m,"{""mass_kg"": 0.35, ""oscillator"": ""square_slider""}"
353,K003,K003.mp4,tracking_json/K003.json,B3.5,spring_constant,eval_spring,period_detection,cart_center,1,fixed_side,spring_axis,none,none,none,,spring_constant,4.0,N/m,"{""mass_kg"": 0.15, ""oscillator"": ""low-friction_glider_cart""}"
354,K004,K004.mp4,tracking_json/K004.json,B3.5,spring_constant,eval_spring,period_detection,cart_center,1,fixed_side,spring_axis,none,none,none,,spring_constant,8.0,N/m,"{""mass_kg"": 0.25, ""oscillator"": ""small_cart""}"
355,K005,K005.mp4,tracking_json/K005.json,B3.5,spring_constant,eval_spring,period_detection,slider_center,1,fixed_top,spring_axis,none,none,none,,spring_constant,15.0,N/m,"{""mass_kg"": 0.35, ""oscillator"": ""square_slider""}"
356,K006,K006.mp4,tracking_json/K006.json,B3.5,spring_constant,eval_spring,period_detection,cart_center,1,fixed_side,spring_axis,none,none,none,,spring_constant,5.0,N/m,"{""mass_kg"": 0.15, ""oscillator"": ""low-friction_glider_cart""}"
357,K007,K007.mp4,tracking_json/K007.json,B3.5,spring_constant,eval_spring,period_detection,cart_center,1,fixed_side,spring_axis,none,none,none,,spring_constant,10.0,N/m,"{""mass_kg"": 0.25, ""oscillator"": ""small_cart""}"
358,K008,K008.mp4,tracking_json/K008.json,B3.5,spring_constant,eval_spring,period_detection,slider_center,1,fixed_side,spring_axis,none,none,none,,spring_constant,3.0,N/m,"{""mass_kg"": 0.35, ""oscillator"": ""square_slider""}"
359,K009,K009.mp4,tracking_json/K009.json,B3.5,spring_constant,eval_spring,period_detection,cart_center,1,fixed_side,spring_axis,none,none,none,,spring_constant,6.0,N/m,"{""mass_kg"": 0.15, ""oscillator"": ""low-friction_glider_cart""}"
360,K010,K010.mp4,tracking_json/K010.json,B3.5,spring_constant,eval_spring,period_detection,cart_center,1,fixed_top,spring_axis,none,none,none,,spring_constant,12.0,N/m,"{""mass_kg"": 0.25, ""oscillator"": ""small_cart""}"
361,K011,K011.mp4,tracking_json/K011.json,B3.5,spring_constant,eval_spring,period_detection,slider_center,1,fixed_side,spring_axis,none,none,none,,spring_constant,4.0,N/m,"{""mass_kg"": 0.35, ""oscillator"": ""square_slider""}"
362,K012,K012.mp4,tracking_json/K012.json,B3.5,spring_constant,eval_spring,period_detection,cart_center,1,fixed_side,spring_axis,none,none,none,,spring_constant,8.0,N/m,"{""mass_kg"": 0.15, ""oscillator"": ""low-friction_glider_cart""}"
363,K013,K013.mp4,tracking_json/K013.json,B3.5,spring_constant,eval_spring,period_detection,cart_center,1,fixed_side,spring_axis,none,none,none,,spring_constant,15.0,N/m,"{""mass_kg"": 0.25, ""oscillator"": ""small_cart""}"
364,K014,K014.mp4,tracking_json/K014.json,B3.5,spring_constant,eval_spring,period_detection,slider_center,1,fixed_side,spring_axis,none,none,none,,spring_constant,5.0,N/m,"{""mass_kg"": 0.35, ""oscillator"": ""square_slider""}"
365,K015,K015.mp4,tracking_json/K015.json,B3.5,spring_constant,eval_spring,period_detection,cart_center,1,fixed_top,spring_axis,none,none,none,,spring_constant,10.0,N/m,"{""mass_kg"": 0.15, ""oscillator"": ""low-friction_glider_cart""}"
366,K016,K016.mp4,tracking_json/K016.json,B3.5,spring_constant,eval_spring,period_detection,cart_center,1,fixed_side,spring_axis,none,none,none,,spring_constant,3.0,N/m,"{""mass_kg"": 0.25, ""oscillator"": ""small_cart""}"
367,K017,K017.mp4,tracking_json/K017.json,B3.5,spring_constant,eval_spring,period_detection,slider_center,1,fixed_side,spring_axis,none,none,none,,spring_constant,6.0,N/m,"{""mass_kg"": 0.35, ""oscillator"": ""square_slider""}"
368,K018,K018.mp4,tracking_json/K018.json,B3.5,spring_constant,eval_spring,period_detection,cart_center,1,fixed_side,spring_axis,none,none,none,,spring_constant,12.0,N/m,"{""mass_kg"": 0.15, ""oscillator"": ""low-friction_glider_cart""}"
369,K019,K019.mp4,tracking_json/K019.json,B3.5,spring_constant,eval_spring,period_detection,cart_center,1,fixed_side,spring_axis,none,none,none,,spring_constant,4.0,N/m,"{""mass_kg"": 0.25, ""oscillator"": ""small_cart""}"
370,K020,K020.mp4,tracking_json/K020.json,B3.5,spring_constant,eval_spring,period_detection,slider_center,1,fixed_top,spring_axis,none,none,none,,spring_constant,8.0,N/m,"{""mass_kg"": 0.35, ""oscillator"": ""square_slider""}"
371,K021,K021.mp4,tracking_json/K021.json,B3.5,spring_constant,eval_spring,period_detection,cart_center,1,fixed_side,spring_axis,none,none,none,,spring_constant,15.0,N/m,"{""mass_kg"": 0.15, ""oscillator"": ""low-friction_glider_cart""}"
372,K022,K022.mp4,tracking_json/K022.json,B3.5,spring_constant,eval_spring,period_detection,cart_center,1,fixed_side,spring_axis,none,none,none,,spring_constant,5.0,N/m,"{""mass_kg"": 0.25, ""oscillator"": ""small_cart""}"
373,K023,K023.mp4,tracking_json/K023.json,B3.5,spring_constant,eval_spring,period_detection,slider_center,1,fixed_side,spring_axis,none,none,none,,spring_constant,10.0,N/m,"{""mass_kg"": 0.35, ""oscillator"": ""square_slider""}"
374,K024,K024.mp4,tracking_json/K024.json,B3.5,spring_constant,eval_spring,period_detection,cart_center,1,fixed_side,spring_axis,none,none,none,,spring_constant,3.0,N/m,"{""mass_kg"": 0.15, ""oscillator"": ""low-friction_glider_cart""}"
375,K025,K025.mp4,tracking_json/K025.json,B3.5,spring_constant,eval_spring,period_detection,cart_center,1,fixed_top,spring_axis,none,none,none,,spring_constant,6.0,N/m,"{""mass_kg"": 0.25, ""oscillator"": ""small_cart""}"
376,K026,K026.mp4,tracking_json/K026.json,B3.5,spring_constant,eval_spring,period_detection,slider_center,1,fixed_side,spring_axis,none,none,none,,spring_constant,12.0,N/m,"{""mass_kg"": 0.35, ""oscillator"": ""square_slider""}"
377,K027,K027.mp4,tracking_json/K027.json,B3.5,spring_constant,eval_spring,period_detection,cart_center,1,fixed_side,spring_axis,none,none,none,,spring_constant,4.0,N/m,"{""mass_kg"": 0.15, ""oscillator"": ""low-friction_glider_cart""}"
378,K028,K028.mp4,tracking_json/K028.json,B3.5,spring_constant,eval_spring,period_detection,cart_center,1,fixed_side,spring_axis,none,none,none,,spring_constant,8.0,N/m,"{""mass_kg"": 0.25, ""oscillator"": ""small_cart""}"
379,K029,K029.mp4,tracking_json/K029.json,B3.5,spring_constant,eval_spring,period_detection,slider_center,1,fixed_side,spring_axis,none,none,none,,spring_constant,15.0,N/m,"{""mass_kg"": 0.35, ""oscillator"": ""square_slider""}"
380,K030,K030.mp4,tracking_json/K030.json,B3.5,spring_constant,eval_spring,period_detection,cart_center,1,fixed_top,spring_axis,none,none,none,,spring_constant,5.0,N/m,"{""mass_kg"": 0.15, ""oscillator"": ""low-friction_glider_cart""}"
381,K031,K031.mp4,tracking_json/K031.json,B3.5,spring_constant,eval_spring,period_detection,cart_center,1,fixed_side,spring_axis,none,none,none,,spring_constant,10.0,N/m,"{""mass_kg"": 0.25, ""oscillator"": ""small_cart""}"
382,K032,K032.mp4,tracking_json/K032.json,B3.5,spring_constant,eval_spring,period_detection,slider_center,1,fixed_side,spring_axis,none,none,none,,spring_constant,3.0,N/m,"{""mass_kg"": 0.35, ""oscillator"": ""square_slider""}"
383,K033,K033.mp4,tracking_json/K033.json,B3.5,spring_constant,eval_spring,period_detection,cart_center,1,fixed_side,spring_axis,none,none,none,,spring_constant,6.0,N/m,"{""mass_kg"": 0.15, ""oscillator"": ""low-friction_glider_cart""}"
384,K034,K034.mp4,tracking_json/K034.json,B3.5,spring_constant,eval_spring,period_detection,cart_center,1,fixed_side,spring_axis,none,none,none,,spring_constant,12.0,N/m,"{""mass_kg"": 0.25, ""oscillator"": ""small_cart""}"
385,K035,K035.mp4,tracking_json/K035.json,B3.5,spring_constant,eval_spring,period_detection,slider_center,1,fixed_top,spring_axis,none,none,none,,spring_constant,4.0,N/m,"{""mass_kg"": 0.35, ""oscillator"": ""square_slider""}"
386,K036,K036.mp4,tracking_json/K036.json,B3.5,spring_constant,eval_spring,period_detection,cart_center,1,fixed_side,spring_axis,none,none,none,,spring_constant,8.0,N/m,"{""mass_kg"": 0.15, ""oscillator"": ""low-friction_glider_cart""}"
387,K037,K037.mp4,tracking_json/K037.json,B3.5,spring_constant,eval_spring,period_detection,cart_center,1,fixed_side,spring_axis,none,none,none,,spring_constant,15.0,N/m,"{""mass_kg"": 0.25, ""oscillator"": ""small_cart""}"
388,K038,K038.mp4,tracking_json/K038.json,B3.5,spring_constant,eval_spring,period_detection,slider_center,1,fixed_side,spring_axis,none,none,none,,spring_constant,5.0,N/m,"{""mass_kg"": 0.35, ""oscillator"": ""square_slider""}"
389,K039,K039.mp4,tracking_json/K039.json,B3.5,spring_constant,eval_spring,period_detection,cart_center,1,fixed_side,spring_axis,none,none,none,,spring_constant,10.0,N/m,"{""mass_kg"": 0.15, ""oscillator"": ""low-friction_glider_cart""}"
390,K040,K040.mp4,tracking_json/K040.json,B3.5,spring_constant,eval_spring,period_detection,cart_center,1,fixed_top,spring_axis,none,none,none,,spring_constant,3.0,N/m,"{""mass_kg"": 0.25, ""oscillator"": ""small_cart""}"
391,K041,K041.mp4,tracking_json/K041.json,B3.5,spring_constant,eval_spring,period_detection,slider_center,1,fixed_side,spring_axis,none,none,none,,spring_constant,6.0,N/m,"{""mass_kg"": 0.35, ""oscillator"": ""square_slider""}"
392,K042,K042.mp4,tracking_json/K042.json,B3.5,spring_constant,eval_spring,period_detection,cart_center,1,fixed_side,spring_axis,none,none,none,,spring_constant,12.0,N/m,"{""mass_kg"": 0.15, ""oscillator"": ""low-friction_glider_cart""}"
393,K043,K043.mp4,tracking_json/K043.json,B3.5,spring_constant,eval_spring,period_detection,cart_center,1,fixed_side,spring_axis,none,none,none,,spring_constant,4.0,N/m,"{""mass_kg"": 0.25, ""oscillator"": ""small_cart""}"
394,K044,K044.mp4,tracking_json/K044.json,B3.5,spring_constant,eval_spring,period_detection,slider_center,1,fixed_side,spring_axis,none,none,none,,spring_constant,8.0,N/m,"{""mass_kg"": 0.35, ""oscillator"": ""square_slider""}"
395,K045,K045.mp4,tracking_json/K045.json,B3.5,spring_constant,eval_spring,period_detection,cart_center,1,fixed_top,spring_axis,none,none,none,,spring_constant,15.0,N/m,"{""mass_kg"": 0.15, ""oscillator"": ""low-friction_glider_cart""}"
396,K046,K046.mp4,tracking_json/K046.json,B3.5,spring_constant,eval_spring,period_detection,cart_center,1,fixed_side,spring_axis,none,none,none,,spring_constant,5.0,N/m,"{""mass_kg"": 0.25, ""oscillator"": ""small_cart""}"
397,K047,K047.mp4,tracking_json/K047.json,B3.5,spring_constant,eval_spring,period_detection,slider_center,1,fixed_side,spring_axis,none,none,none,,spring_constant,10.0,N/m,"{""mass_kg"": 0.35, ""oscillator"": ""square_slider""}"
398,K048,K048.mp4,tracking_json/K048.json,B3.5,spring_constant,eval_spring,period_detection,cart_center,1,fixed_side,spring_axis,none,none,none,,spring_constant,3.0,N/m,"{""mass_kg"": 0.15, ""oscillator"": ""low-friction_glider_cart""}"
399,K049,K049.mp4,tracking_json/K049.json,B3.5,spring_constant,eval_spring,period_detection,cart_center,1,fixed_side,spring_axis,none,none,none,,spring_constant,6.0,N/m,"{""mass_kg"": 0.25, ""oscillator"": ""small_cart""}"
400,K050,K050.mp4,tracking_json/K050.json,B3.5,spring_constant,eval_spring,period_detection,slider_center,1,fixed_top,spring_axis,none,none,none,,spring_constant,12.0,N/m,"{""mass_kg"": 0.35, ""oscillator"": ""square_slider""}"
401,E001,E001.mp4,tracking_json/E001.json,B4.1,mechanical_energy_conservation,eval_energy,height_speed_energy_ratio,slider_center,1,fixed_side,2d,explicit_object_size,square_slider,side_length,0.1,energy_conservation_ratio,1.0,ratio,"{""gravity_environment"": ""earth"", ""initial_state"": ""released_from_rest"", ""track"": ""smooth_curved_track"", ""mass_required"": false, ""release_height_required_in_prompt"": false}"
402,E002,E002.mp4,tracking_json/E002.json,B4.1,mechanical_energy_conservation,eval_energy,height_speed_energy_ratio,ball_center,1,fixed_side,2d,object_diameter,solid_sphere,diameter,0.04,energy_conservation_ratio,1.0,ratio,"{""gravity_environment"": ""earth"", ""initial_state"": ""released_from_rest"", ""track"": ""smooth_U-shaped_groove_track"", ""mass_required"": false, ""release_height_required_in_prompt"": false}"
403,E003,E003.mp4,tracking_json/E003.json,B4.1,mechanical_energy_conservation,eval_energy,height_speed_energy_ratio,ball_center,1,fixed_side,2d,standard_object,standard_tennis_ball,diameter,0.067,energy_conservation_ratio,1.0,ratio,"{""gravity_environment"": ""earth"", ""initial_state"": ""released_from_rest"", ""track"": ""smooth_inclined_track"", ""mass_required"": false, ""release_height_required_in_prompt"": false}"
404,E004,E004.mp4,tracking_json/E004.json,B4.1,mechanical_energy_conservation,eval_energy,height_speed_energy_ratio,ball_center,1,fixed_side,2d,standard_object,standard_basketball,diameter,0.24,energy_conservation_ratio,1.0,ratio,"{""gravity_environment"": ""earth"", ""initial_state"": ""released_from_rest"", ""track"": ""smooth_curved_track"", ""mass_required"": false, ""release_height_required_in_prompt"": false}"
405,E005,E005.mp4,tracking_json/E005.json,B4.1,mechanical_energy_conservation,eval_energy,height_speed_energy_ratio,slider_center,1,fixed_side,2d,explicit_object_size,square_slider,side_length,0.08,energy_conservation_ratio,1.0,ratio,"{""gravity_environment"": ""earth"", ""initial_state"": ""released_from_rest"", ""track"": ""smooth_U-shaped_groove_track"", ""mass_required"": false, ""release_height_required_in_prompt"": false}"
406,E006,E006.mp4,tracking_json/E006.json,B4.1,mechanical_energy_conservation,eval_energy,height_speed_energy_ratio,ball_center,1,fixed_side,2d,object_diameter,solid_sphere,diameter,0.03,energy_conservation_ratio,1.0,ratio,"{""gravity_environment"": ""earth"", ""initial_state"": ""released_from_rest"", ""track"": ""smooth_inclined_track"", ""mass_required"": false, ""release_height_required_in_prompt"": false}"
407,E007,E007.mp4,tracking_json/E007.json,B4.1,mechanical_energy_conservation,eval_energy,height_speed_energy_ratio,ball_center,1,fixed_side,2d,standard_object,standard_tennis_ball,diameter,0.067,energy_conservation_ratio,1.0,ratio,"{""gravity_environment"": ""earth"", ""initial_state"": ""released_from_rest"", ""track"": ""smooth_curved_track"", ""mass_required"": false, ""release_height_required_in_prompt"": false}"
408,E008,E008.mp4,tracking_json/E008.json,B4.1,mechanical_energy_conservation,eval_energy,height_speed_energy_ratio,ball_center,1,fixed_side,2d,standard_object,standard_basketball,diameter,0.24,energy_conservation_ratio,1.0,ratio,"{""gravity_environment"": ""earth"", ""initial_state"": ""released_from_rest"", ""track"": ""smooth_U-shaped_groove_track"", ""mass_required"": false, ""release_height_required_in_prompt"": false}"
409,E009,E009.mp4,tracking_json/E009.json,B4.1,mechanical_energy_conservation,eval_energy,height_speed_energy_ratio,slider_center,1,fixed_side,2d,explicit_object_size,square_slider,side_length,0.06,energy_conservation_ratio,1.0,ratio,"{""gravity_environment"": ""earth"", ""initial_state"": ""released_from_rest"", ""track"": ""smooth_inclined_track"", ""mass_required"": false, ""release_height_required_in_prompt"": false}"
410,E010,E010.mp4,tracking_json/E010.json,B4.1,mechanical_energy_conservation,eval_energy,height_speed_energy_ratio,ball_center,1,fixed_side,2d,object_diameter,solid_sphere,diameter,0.05,energy_conservation_ratio,1.0,ratio,"{""gravity_environment"": ""earth"", ""initial_state"": ""released_from_rest"", ""track"": ""smooth_curved_track"", ""mass_required"": false, ""release_height_required_in_prompt"": false}"
411,E011,E011.mp4,tracking_json/E011.json,B4.1,mechanical_energy_conservation,eval_energy,height_speed_energy_ratio,ball_center,1,fixed_side,2d,standard_object,standard_tennis_ball,diameter,0.067,energy_conservation_ratio,1.0,ratio,"{""gravity_environment"": ""earth"", ""initial_state"": ""released_from_rest"", ""track"": ""smooth_U-shaped_groove_track"", ""mass_required"": false, ""release_height_required_in_prompt"": false}"
412,E012,E012.mp4,tracking_json/E012.json,B4.1,mechanical_energy_conservation,eval_energy,height_speed_energy_ratio,ball_center,1,fixed_side,2d,standard_object,standard_basketball,diameter,0.24,energy_conservation_ratio,1.0,ratio,"{""gravity_environment"": ""earth"", ""initial_state"": ""released_from_rest"", ""track"": ""smooth_inclined_track"", ""mass_required"": false, ""release_height_required_in_prompt"": false}"
413,E013,E013.mp4,tracking_json/E013.json,B4.1,mechanical_energy_conservation,eval_energy,height_speed_energy_ratio,slider_center,1,fixed_side,2d,explicit_object_size,square_slider,side_length,0.1,energy_conservation_ratio,1.0,ratio,"{""gravity_environment"": ""earth"", ""initial_state"": ""released_from_rest"", ""track"": ""smooth_curved_track"", ""mass_required"": false, ""release_height_required_in_prompt"": false}"
414,E014,E014.mp4,tracking_json/E014.json,B4.1,mechanical_energy_conservation,eval_energy,height_speed_energy_ratio,ball_center,1,fixed_side,2d,object_diameter,solid_sphere,diameter,0.04,energy_conservation_ratio,1.0,ratio,"{""gravity_environment"": ""earth"", ""initial_state"": ""released_from_rest"", ""track"": ""smooth_U-shaped_groove_track"", ""mass_required"": false, ""release_height_required_in_prompt"": false}"
415,E015,E015.mp4,tracking_json/E015.json,B4.1,mechanical_energy_conservation,eval_energy,height_speed_energy_ratio,ball_center,1,fixed_side,2d,standard_object,standard_tennis_ball,diameter,0.067,energy_conservation_ratio,1.0,ratio,"{""gravity_environment"": ""earth"", ""initial_state"": ""released_from_rest"", ""track"": ""smooth_inclined_track"", ""mass_required"": false, ""release_height_required_in_prompt"": false}"
416,E016,E016.mp4,tracking_json/E016.json,B4.1,mechanical_energy_conservation,eval_energy,height_speed_energy_ratio,ball_center,1,fixed_side,2d,standard_object,standard_basketball,diameter,0.24,energy_conservation_ratio,1.0,ratio,"{""gravity_environment"": ""earth"", ""initial_state"": ""released_from_rest"", ""track"": ""smooth_curved_track"", ""mass_required"": false, ""release_height_required_in_prompt"": false}"
417,E017,E017.mp4,tracking_json/E017.json,B4.1,mechanical_energy_conservation,eval_energy,height_speed_energy_ratio,slider_center,1,fixed_side,2d,explicit_object_size,square_slider,side_length,0.08,energy_conservation_ratio,1.0,ratio,"{""gravity_environment"": ""earth"", ""initial_state"": ""released_from_rest"", ""track"": ""smooth_U-shaped_groove_track"", ""mass_required"": false, ""release_height_required_in_prompt"": false}"
418,E018,E018.mp4,tracking_json/E018.json,B4.1,mechanical_energy_conservation,eval_energy,height_speed_energy_ratio,ball_center,1,fixed_side,2d,object_diameter,solid_sphere,diameter,0.03,energy_conservation_ratio,1.0,ratio,"{""gravity_environment"": ""earth"", ""initial_state"": ""released_from_rest"", ""track"": ""smooth_inclined_track"", ""mass_required"": false, ""release_height_required_in_prompt"": false}"
419,E019,E019.mp4,tracking_json/E019.json,B4.1,mechanical_energy_conservation,eval_energy,height_speed_energy_ratio,ball_center,1,fixed_side,2d,standard_object,standard_tennis_ball,diameter,0.067,energy_conservation_ratio,1.0,ratio,"{""gravity_environment"": ""earth"", ""initial_state"": ""released_from_rest"", ""track"": ""smooth_curved_track"", ""mass_required"": false, ""release_height_required_in_prompt"": false}"
420,E020,E020.mp4,tracking_json/E020.json,B4.1,mechanical_energy_conservation,eval_energy,height_speed_energy_ratio,ball_center,1,fixed_side,2d,standard_object,standard_basketball,diameter,0.24,energy_conservation_ratio,1.0,ratio,"{""gravity_environment"": ""earth"", ""initial_state"": ""released_from_rest"", ""track"": ""smooth_U-shaped_groove_track"", ""mass_required"": false, ""release_height_required_in_prompt"": false}"
421,E021,E021.mp4,tracking_json/E021.json,B4.1,mechanical_energy_conservation,eval_energy,height_speed_energy_ratio,slider_center,1,fixed_side,2d,explicit_object_size,square_slider,side_length,0.06,energy_conservation_ratio,1.0,ratio,"{""gravity_environment"": ""earth"", ""initial_state"": ""released_from_rest"", ""track"": ""smooth_inclined_track"", ""mass_required"": false, ""release_height_required_in_prompt"": false}"
422,E022,E022.mp4,tracking_json/E022.json,B4.1,mechanical_energy_conservation,eval_energy,height_speed_energy_ratio,ball_center,1,fixed_side,2d,object_diameter,solid_sphere,diameter,0.05,energy_conservation_ratio,1.0,ratio,"{""gravity_environment"": ""earth"", ""initial_state"": ""released_from_rest"", ""track"": ""smooth_curved_track"", ""mass_required"": false, ""release_height_required_in_prompt"": false}"
423,E023,E023.mp4,tracking_json/E023.json,B4.1,mechanical_energy_conservation,eval_energy,height_speed_energy_ratio,ball_center,1,fixed_side,2d,standard_object,standard_tennis_ball,diameter,0.067,energy_conservation_ratio,1.0,ratio,"{""gravity_environment"": ""earth"", ""initial_state"": ""released_from_rest"", ""track"": ""smooth_U-shaped_groove_track"", ""mass_required"": false, ""release_height_required_in_prompt"": false}"
424,E024,E024.mp4,tracking_json/E024.json,B4.1,mechanical_energy_conservation,eval_energy,height_speed_energy_ratio,ball_center,1,fixed_side,2d,standard_object,standard_basketball,diameter,0.24,energy_conservation_ratio,1.0,ratio,"{""gravity_environment"": ""earth"", ""initial_state"": ""released_from_rest"", ""track"": ""smooth_inclined_track"", ""mass_required"": false, ""release_height_required_in_prompt"": false}"
425,E025,E025.mp4,tracking_json/E025.json,B4.1,mechanical_energy_conservation,eval_energy,height_speed_energy_ratio,slider_center,1,fixed_side,2d,explicit_object_size,square_slider,side_length,0.1,energy_conservation_ratio,1.0,ratio,"{""gravity_environment"": ""earth"", ""initial_state"": ""released_from_rest"", ""track"": ""smooth_curved_track"", ""mass_required"": false, ""release_height_required_in_prompt"": false}"
426,E026,E026.mp4,tracking_json/E026.json,B4.1,mechanical_energy_conservation,eval_energy,height_speed_energy_ratio,ball_center,1,fixed_side,2d,object_diameter,solid_sphere,diameter,0.04,energy_conservation_ratio,1.0,ratio,"{""gravity_environment"": ""earth"", ""initial_state"": ""released_from_rest"", ""track"": ""smooth_U-shaped_groove_track"", ""mass_required"": false, ""release_height_required_in_prompt"": false}"
427,E027,E027.mp4,tracking_json/E027.json,B4.1,mechanical_energy_conservation,eval_energy,height_speed_energy_ratio,ball_center,1,fixed_side,2d,standard_object,standard_tennis_ball,diameter,0.067,energy_conservation_ratio,1.0,ratio,"{""gravity_environment"": ""earth"", ""initial_state"": ""released_from_rest"", ""track"": ""smooth_inclined_track"", ""mass_required"": false, ""release_height_required_in_prompt"": false}"
428,E028,E028.mp4,tracking_json/E028.json,B4.1,mechanical_energy_conservation,eval_energy,height_speed_energy_ratio,ball_center,1,fixed_side,2d,standard_object,standard_basketball,diameter,0.24,energy_conservation_ratio,1.0,ratio,"{""gravity_environment"": ""earth"", ""initial_state"": ""released_from_rest"", ""track"": ""smooth_curved_track"", ""mass_required"": false, ""release_height_required_in_prompt"": false}"
429,E029,E029.mp4,tracking_json/E029.json,B4.1,mechanical_energy_conservation,eval_energy,height_speed_energy_ratio,slider_center,1,fixed_side,2d,explicit_object_size,square_slider,side_length,0.08,energy_conservation_ratio,1.0,ratio,"{""gravity_environment"": ""earth"", ""initial_state"": ""released_from_rest"", ""track"": ""smooth_U-shaped_groove_track"", ""mass_required"": false, ""release_height_required_in_prompt"": false}"
430,E030,E030.mp4,tracking_json/E030.json,B4.1,mechanical_energy_conservation,eval_energy,height_speed_energy_ratio,ball_center,1,fixed_side,2d,object_diameter,solid_sphere,diameter,0.03,energy_conservation_ratio,1.0,ratio,"{""gravity_environment"": ""earth"", ""initial_state"": ""released_from_rest"", ""track"": ""smooth_inclined_track"", ""mass_required"": false, ""release_height_required_in_prompt"": false}"
431,E031,E031.mp4,tracking_json/E031.json,B4.1,mechanical_energy_conservation,eval_energy,height_speed_energy_ratio,ball_center,1,fixed_side,2d,standard_object,standard_tennis_ball,diameter,0.067,energy_conservation_ratio,1.0,ratio,"{""gravity_environment"": ""earth"", ""initial_state"": ""released_from_rest"", ""track"": ""smooth_curved_track"", ""mass_required"": false, ""release_height_required_in_prompt"": false}"
432,E032,E032.mp4,tracking_json/E032.json,B4.1,mechanical_energy_conservation,eval_energy,height_speed_energy_ratio,ball_center,1,fixed_side,2d,standard_object,standard_basketball,diameter,0.24,energy_conservation_ratio,1.0,ratio,"{""gravity_environment"": ""earth"", ""initial_state"": ""released_from_rest"", ""track"": ""smooth_U-shaped_groove_track"", ""mass_required"": false, ""release_height_required_in_prompt"": false}"
433,E033,E033.mp4,tracking_json/E033.json,B4.1,mechanical_energy_conservation,eval_energy,height_speed_energy_ratio,slider_center,1,fixed_side,2d,explicit_object_size,square_slider,side_length,0.06,energy_conservation_ratio,1.0,ratio,"{""gravity_environment"": ""earth"", ""initial_state"": ""released_from_rest"", ""track"": ""smooth_inclined_track"", ""mass_required"": false, ""release_height_required_in_prompt"": false}"
434,E034,E034.mp4,tracking_json/E034.json,B4.1,mechanical_energy_conservation,eval_energy,height_speed_energy_ratio,ball_center,1,fixed_side,2d,object_diameter,solid_sphere,diameter,0.05,energy_conservation_ratio,1.0,ratio,"{""gravity_environment"": ""earth"", ""initial_state"": ""released_from_rest"", ""track"": ""smooth_curved_track"", ""mass_required"": false, ""release_height_required_in_prompt"": false}"
435,E035,E035.mp4,tracking_json/E035.json,B4.1,mechanical_energy_conservation,eval_energy,height_speed_energy_ratio,ball_center,1,fixed_side,2d,standard_object,standard_tennis_ball,diameter,0.067,energy_conservation_ratio,1.0,ratio,"{""gravity_environment"": ""earth"", ""initial_state"": ""released_from_rest"", ""track"": ""smooth_U-shaped_groove_track"", ""mass_required"": false, ""release_height_required_in_prompt"": false}"
436,E036,E036.mp4,tracking_json/E036.json,B4.1,mechanical_energy_conservation,eval_energy,height_speed_energy_ratio,ball_center,1,fixed_side,2d,standard_object,standard_basketball,diameter,0.24,energy_conservation_ratio,1.0,ratio,"{""gravity_environment"": ""earth"", ""initial_state"": ""released_from_rest"", ""track"": ""smooth_inclined_track"", ""mass_required"": false, ""release_height_required_in_prompt"": false}"
437,E037,E037.mp4,tracking_json/E037.json,B4.1,mechanical_energy_conservation,eval_energy,height_speed_energy_ratio,slider_center,1,fixed_side,2d,explicit_object_size,square_slider,side_length,0.1,energy_conservation_ratio,1.0,ratio,"{""gravity_environment"": ""earth"", ""initial_state"": ""released_from_rest"", ""track"": ""smooth_curved_track"", ""mass_required"": false, ""release_height_required_in_prompt"": false}"
438,E038,E038.mp4,tracking_json/E038.json,B4.1,mechanical_energy_conservation,eval_energy,height_speed_energy_ratio,ball_center,1,fixed_side,2d,object_diameter,solid_sphere,diameter,0.04,energy_conservation_ratio,1.0,ratio,"{""gravity_environment"": ""earth"", ""initial_state"": ""released_from_rest"", ""track"": ""smooth_U-shaped_groove_track"", ""mass_required"": false, ""release_height_required_in_prompt"": false}"
439,E039,E039.mp4,tracking_json/E039.json,B4.1,mechanical_energy_conservation,eval_energy,height_speed_energy_ratio,ball_center,1,fixed_side,2d,standard_object,standard_tennis_ball,diameter,0.067,energy_conservation_ratio,1.0,ratio,"{""gravity_environment"": ""earth"", ""initial_state"": ""released_from_rest"", ""track"": ""smooth_inclined_track"", ""mass_required"": false, ""release_height_required_in_prompt"": false}"
440,E040,E040.mp4,tracking_json/E040.json,B4.1,mechanical_energy_conservation,eval_energy,height_speed_energy_ratio,ball_center,1,fixed_side,2d,standard_object,standard_basketball,diameter,0.24,energy_conservation_ratio,1.0,ratio,"{""gravity_environment"": ""earth"", ""initial_state"": ""released_from_rest"", ""track"": ""smooth_curved_track"", ""mass_required"": false, ""release_height_required_in_prompt"": false}"
441,E041,E041.mp4,tracking_json/E041.json,B4.1,mechanical_energy_conservation,eval_energy,height_speed_energy_ratio,slider_center,1,fixed_side,2d,explicit_object_size,square_slider,side_length,0.08,energy_conservation_ratio,1.0,ratio,"{""gravity_environment"": ""earth"", ""initial_state"": ""released_from_rest"", ""track"": ""smooth_U-shaped_groove_track"", ""mass_required"": false, ""release_height_required_in_prompt"": false}"
442,E042,E042.mp4,tracking_json/E042.json,B4.1,mechanical_energy_conservation,eval_energy,height_speed_energy_ratio,ball_center,1,fixed_side,2d,object_diameter,solid_sphere,diameter,0.03,energy_conservation_ratio,1.0,ratio,"{""gravity_environment"": ""earth"", ""initial_state"": ""released_from_rest"", ""track"": ""smooth_inclined_track"", ""mass_required"": false, ""release_height_required_in_prompt"": false}"
443,E043,E043.mp4,tracking_json/E043.json,B4.1,mechanical_energy_conservation,eval_energy,height_speed_energy_ratio,ball_center,1,fixed_side,2d,standard_object,standard_tennis_ball,diameter,0.067,energy_conservation_ratio,1.0,ratio,"{""gravity_environment"": ""earth"", ""initial_state"": ""released_from_rest"", ""track"": ""smooth_curved_track"", ""mass_required"": false, ""release_height_required_in_prompt"": false}"
444,E044,E044.mp4,tracking_json/E044.json,B4.1,mechanical_energy_conservation,eval_energy,height_speed_energy_ratio,ball_center,1,fixed_side,2d,standard_object,standard_basketball,diameter,0.24,energy_conservation_ratio,1.0,ratio,"{""gravity_environment"": ""earth"", ""initial_state"": ""released_from_rest"", ""track"": ""smooth_U-shaped_groove_track"", ""mass_required"": false, ""release_height_required_in_prompt"": false}"
445,E045,E045.mp4,tracking_json/E045.json,B4.1,mechanical_energy_conservation,eval_energy,height_speed_energy_ratio,slider_center,1,fixed_side,2d,explicit_object_size,square_slider,side_length,0.06,energy_conservation_ratio,1.0,ratio,"{""gravity_environment"": ""earth"", ""initial_state"": ""released_from_rest"", ""track"": ""smooth_inclined_track"", ""mass_required"": false, ""release_height_required_in_prompt"": false}"
446,E046,E046.mp4,tracking_json/E046.json,B4.1,mechanical_energy_conservation,eval_energy,height_speed_energy_ratio,ball_center,1,fixed_side,2d,object_diameter,solid_sphere,diameter,0.05,energy_conservation_ratio,1.0,ratio,"{""gravity_environment"": ""earth"", ""initial_state"": ""released_from_rest"", ""track"": ""smooth_curved_track"", ""mass_required"": false, ""release_height_required_in_prompt"": false}"
447,E047,E047.mp4,tracking_json/E047.json,B4.1,mechanical_energy_conservation,eval_energy,height_speed_energy_ratio,ball_center,1,fixed_side,2d,standard_object,standard_tennis_ball,diameter,0.067,energy_conservation_ratio,1.0,ratio,"{""gravity_environment"": ""earth"", ""initial_state"": ""released_from_rest"", ""track"": ""smooth_U-shaped_groove_track"", ""mass_required"": false, ""release_height_required_in_prompt"": false}"
448,E048,E048.mp4,tracking_json/E048.json,B4.1,mechanical_energy_conservation,eval_energy,height_speed_energy_ratio,ball_center,1,fixed_side,2d,standard_object,standard_basketball,diameter,0.24,energy_conservation_ratio,1.0,ratio,"{""gravity_environment"": ""earth"", ""initial_state"": ""released_from_rest"", ""track"": ""smooth_inclined_track"", ""mass_required"": false, ""release_height_required_in_prompt"": false}"
449,E049,E049.mp4,tracking_json/E049.json,B4.1,mechanical_energy_conservation,eval_energy,height_speed_energy_ratio,slider_center,1,fixed_side,2d,explicit_object_size,square_slider,side_length,0.1,energy_conservation_ratio,1.0,ratio,"{""gravity_environment"": ""earth"", ""initial_state"": ""released_from_rest"", ""track"": ""smooth_curved_track"", ""mass_required"": false, ""release_height_required_in_prompt"": false}"
450,E050,E050.mp4,tracking_json/E050.json,B4.1,mechanical_energy_conservation,eval_energy,height_speed_energy_ratio,ball_center,1,fixed_side,2d,object_diameter,solid_sphere,diameter,0.04,energy_conservation_ratio,1.0,ratio,"{""gravity_environment"": ""earth"", ""initial_state"": ""released_from_rest"", ""track"": ""smooth_U-shaped_groove_track"", ""mass_required"": false, ""release_height_required_in_prompt"": false}"
451,P001,P001.mp4,tracking_json/P001.json,B4.2,momentum_conservation_1d,eval_momentum_1d,pixel_velocity_momentum,slider_A_center;slider_B_center,2,fixed_side,x,ratio_only,none,none,,momentum_conservation,0.0,relative_error,"{""m1_kg"": 0.25, ""m2_kg"": 0.2, ""collision_dim"": ""1d"", ""collision_type"": ""head_on""}"
452,P002,P002.mp4,tracking_json/P002.json,B4.2,momentum_conservation_1d,eval_momentum_1d,pixel_velocity_momentum,cart_A_center;cart_B_center,2,fixed_side,x,ratio_only,none,none,,momentum_conservation,0.0,relative_error,"{""m1_kg"": 0.3, ""m2_kg"": 0.15, ""collision_dim"": ""1d"", ""collision_type"": ""inelastic_sticking""}"
453,P003,P003.mp4,tracking_json/P003.json,B4.2,momentum_conservation_1d,eval_momentum_1d,pixel_velocity_momentum,ball_A_center;ball_B_center,2,fixed_side,x,ratio_only,none,none,,momentum_conservation,0.0,relative_error,"{""m1_kg"": 0.15, ""m2_kg"": 0.3, ""collision_dim"": ""1d"", ""collision_type"": ""separation_from_rest""}"
454,P004,P004.mp4,tracking_json/P004.json,B4.2,momentum_conservation_1d,eval_momentum_1d,pixel_velocity_momentum,slider_A_center;slider_B_center,2,fixed_side,x,ratio_only,none,none,,momentum_conservation,0.0,relative_error,"{""m1_kg"": 0.1, ""m2_kg"": 0.2, ""collision_dim"": ""1d"", ""collision_type"": ""head_on""}"
455,P005,P005.mp4,tracking_json/P005.json,B4.2,momentum_conservation_1d,eval_momentum_1d,pixel_velocity_momentum,cart_A_center;cart_B_center,2,fixed_top,x,ratio_only,none,none,,momentum_conservation,0.0,relative_error,"{""m1_kg"": 0.2, ""m2_kg"": 0.2, ""collision_dim"": ""1d"", ""collision_type"": ""inelastic_sticking""}"
456,P006,P006.mp4,tracking_json/P006.json,B4.2,momentum_conservation_1d,eval_momentum_1d,pixel_velocity_momentum,ball_A_center;ball_B_center,2,fixed_side,x,ratio_only,none,none,,momentum_conservation,0.0,relative_error,"{""m1_kg"": 0.25, ""m2_kg"": 0.2, ""collision_dim"": ""1d"", ""collision_type"": ""separation_from_rest""}"
457,P007,P007.mp4,tracking_json/P007.json,B4.2,momentum_conservation_1d,eval_momentum_1d,pixel_velocity_momentum,slider_A_center;slider_B_center,2,fixed_side,x,ratio_only,none,none,,momentum_conservation,0.0,relative_error,"{""m1_kg"": 0.3, ""m2_kg"": 0.15, ""collision_dim"": ""1d"", ""collision_type"": ""head_on""}"
458,P008,P008.mp4,tracking_json/P008.json,B4.2,momentum_conservation_1d,eval_momentum_1d,pixel_velocity_momentum,cart_A_center;cart_B_center,2,fixed_side,x,ratio_only,none,none,,momentum_conservation,0.0,relative_error,"{""m1_kg"": 0.15, ""m2_kg"": 0.3, ""collision_dim"": ""1d"", ""collision_type"": ""inelastic_sticking""}"
459,P009,P009.mp4,tracking_json/P009.json,B4.2,momentum_conservation_1d,eval_momentum_1d,pixel_velocity_momentum,ball_A_center;ball_B_center,2,fixed_side,x,ratio_only,none,none,,momentum_conservation,0.0,relative_error,"{""m1_kg"": 0.1, ""m2_kg"": 0.2, ""collision_dim"": ""1d"", ""collision_type"": ""separation_from_rest""}"
460,P010,P010.mp4,tracking_json/P010.json,B4.2,momentum_conservation_1d,eval_momentum_1d,pixel_velocity_momentum,slider_A_center;slider_B_center,2,fixed_top,x,ratio_only,none,none,,momentum_conservation,0.0,relative_error,"{""m1_kg"": 0.2, ""m2_kg"": 0.2, ""collision_dim"": ""1d"", ""collision_type"": ""head_on""}"
461,P011,P011.mp4,tracking_json/P011.json,B4.2,momentum_conservation_1d,eval_momentum_1d,pixel_velocity_momentum,cart_A_center;cart_B_center,2,fixed_side,x,ratio_only,none,none,,momentum_conservation,0.0,relative_error,"{""m1_kg"": 0.25, ""m2_kg"": 0.2, ""collision_dim"": ""1d"", ""collision_type"": ""inelastic_sticking""}"
462,P012,P012.mp4,tracking_json/P012.json,B4.2,momentum_conservation_1d,eval_momentum_1d,pixel_velocity_momentum,ball_A_center;ball_B_center,2,fixed_side,x,ratio_only,none,none,,momentum_conservation,0.0,relative_error,"{""m1_kg"": 0.3, ""m2_kg"": 0.15, ""collision_dim"": ""1d"", ""collision_type"": ""separation_from_rest""}"
463,P013,P013.mp4,tracking_json/P013.json,B4.2,momentum_conservation_1d,eval_momentum_1d,pixel_velocity_momentum,slider_A_center;slider_B_center,2,fixed_side,x,ratio_only,none,none,,momentum_conservation,0.0,relative_error,"{""m1_kg"": 0.15, ""m2_kg"": 0.3, ""collision_dim"": ""1d"", ""collision_type"": ""head_on""}"
464,P014,P014.mp4,tracking_json/P014.json,B4.2,momentum_conservation_1d,eval_momentum_1d,pixel_velocity_momentum,cart_A_center;cart_B_center,2,fixed_side,x,ratio_only,none,none,,momentum_conservation,0.0,relative_error,"{""m1_kg"": 0.1, ""m2_kg"": 0.2, ""collision_dim"": ""1d"", ""collision_type"": ""inelastic_sticking""}"
465,P015,P015.mp4,tracking_json/P015.json,B4.2,momentum_conservation_1d,eval_momentum_1d,pixel_velocity_momentum,ball_A_center;ball_B_center,2,fixed_top,x,ratio_only,none,none,,momentum_conservation,0.0,relative_error,"{""m1_kg"": 0.2, ""m2_kg"": 0.2, ""collision_dim"": ""1d"", ""collision_type"": ""separation_from_rest""}"
466,P016,P016.mp4,tracking_json/P016.json,B4.2,momentum_conservation_1d,eval_momentum_1d,pixel_velocity_momentum,slider_A_center;slider_B_center,2,fixed_side,x,ratio_only,none,none,,momentum_conservation,0.0,relative_error,"{""m1_kg"": 0.25, ""m2_kg"": 0.2, ""collision_dim"": ""1d"", ""collision_type"": ""head_on""}"
467,P017,P017.mp4,tracking_json/P017.json,B4.2,momentum_conservation_1d,eval_momentum_1d,pixel_velocity_momentum,cart_A_center;cart_B_center,2,fixed_side,x,ratio_only,none,none,,momentum_conservation,0.0,relative_error,"{""m1_kg"": 0.3, ""m2_kg"": 0.15, ""collision_dim"": ""1d"", ""collision_type"": ""inelastic_sticking""}"
468,P018,P018.mp4,tracking_json/P018.json,B4.2,momentum_conservation_1d,eval_momentum_1d,pixel_velocity_momentum,ball_A_center;ball_B_center,2,fixed_side,x,ratio_only,none,none,,momentum_conservation,0.0,relative_error,"{""m1_kg"": 0.15, ""m2_kg"": 0.3, ""collision_dim"": ""1d"", ""collision_type"": ""separation_from_rest""}"
469,P019,P019.mp4,tracking_json/P019.json,B4.2,momentum_conservation_1d,eval_momentum_1d,pixel_velocity_momentum,slider_A_center;slider_B_center,2,fixed_side,x,ratio_only,none,none,,momentum_conservation,0.0,relative_error,"{""m1_kg"": 0.1, ""m2_kg"": 0.2, ""collision_dim"": ""1d"", ""collision_type"": ""head_on""}"
470,P020,P020.mp4,tracking_json/P020.json,B4.2,momentum_conservation_1d,eval_momentum_1d,pixel_velocity_momentum,cart_A_center;cart_B_center,2,fixed_top,x,ratio_only,none,none,,momentum_conservation,0.0,relative_error,"{""m1_kg"": 0.2, ""m2_kg"": 0.2, ""collision_dim"": ""1d"", ""collision_type"": ""inelastic_sticking""}"
471,P021,P021.mp4,tracking_json/P021.json,B4.2,momentum_conservation_1d,eval_momentum_1d,pixel_velocity_momentum,ball_A_center;ball_B_center,2,fixed_side,x,ratio_only,none,none,,momentum_conservation,0.0,relative_error,"{""m1_kg"": 0.25, ""m2_kg"": 0.2, ""collision_dim"": ""1d"", ""collision_type"": ""separation_from_rest""}"
472,P022,P022.mp4,tracking_json/P022.json,B4.2,momentum_conservation_1d,eval_momentum_1d,pixel_velocity_momentum,slider_A_center;slider_B_center,2,fixed_side,x,ratio_only,none,none,,momentum_conservation,0.0,relative_error,"{""m1_kg"": 0.3, ""m2_kg"": 0.15, ""collision_dim"": ""1d"", ""collision_type"": ""head_on""}"
473,P023,P023.mp4,tracking_json/P023.json,B4.2,momentum_conservation_1d,eval_momentum_1d,pixel_velocity_momentum,cart_A_center;cart_B_center,2,fixed_side,x,ratio_only,none,none,,momentum_conservation,0.0,relative_error,"{""m1_kg"": 0.15, ""m2_kg"": 0.3, ""collision_dim"": ""1d"", ""collision_type"": ""inelastic_sticking""}"
474,P024,P024.mp4,tracking_json/P024.json,B4.2,momentum_conservation_1d,eval_momentum_1d,pixel_velocity_momentum,ball_A_center;ball_B_center,2,fixed_side,x,ratio_only,none,none,,momentum_conservation,0.0,relative_error,"{""m1_kg"": 0.1, ""m2_kg"": 0.2, ""collision_dim"": ""1d"", ""collision_type"": ""separation_from_rest""}"
475,P025,P025.mp4,tracking_json/P025.json,B4.2,momentum_conservation_1d,eval_momentum_1d,pixel_velocity_momentum,slider_A_center;slider_B_center,2,fixed_top,x,ratio_only,none,none,,momentum_conservation,0.0,relative_error,"{""m1_kg"": 0.2, ""m2_kg"": 0.2, ""collision_dim"": ""1d"", ""collision_type"": ""head_on""}"
476,P026,P026.mp4,tracking_json/P026.json,B4.2,momentum_conservation_1d,eval_momentum_1d,pixel_velocity_momentum,cart_A_center;cart_B_center,2,fixed_side,x,ratio_only,none,none,,momentum_conservation,0.0,relative_error,"{""m1_kg"": 0.25, ""m2_kg"": 0.2, ""collision_dim"": ""1d"", ""collision_type"": ""inelastic_sticking""}"
477,P027,P027.mp4,tracking_json/P027.json,B4.2,momentum_conservation_1d,eval_momentum_1d,pixel_velocity_momentum,ball_A_center;ball_B_center,2,fixed_side,x,ratio_only,none,none,,momentum_conservation,0.0,relative_error,"{""m1_kg"": 0.3, ""m2_kg"": 0.15, ""collision_dim"": ""1d"", ""collision_type"": ""separation_from_rest""}"
478,P028,P028.mp4,tracking_json/P028.json,B4.2,momentum_conservation_1d,eval_momentum_1d,pixel_velocity_momentum,slider_A_center;slider_B_center,2,fixed_side,x,ratio_only,none,none,,momentum_conservation,0.0,relative_error,"{""m1_kg"": 0.15, ""m2_kg"": 0.3, ""collision_dim"": ""1d"", ""collision_type"": ""head_on""}"
479,P029,P029.mp4,tracking_json/P029.json,B4.2,momentum_conservation_1d,eval_momentum_1d,pixel_velocity_momentum,cart_A_center;cart_B_center,2,fixed_side,x,ratio_only,none,none,,momentum_conservation,0.0,relative_error,"{""m1_kg"": 0.1, ""m2_kg"": 0.2, ""collision_dim"": ""1d"", ""collision_type"": ""inelastic_sticking""}"
480,P030,P030.mp4,tracking_json/P030.json,B4.2,momentum_conservation_1d,eval_momentum_1d,pixel_velocity_momentum,ball_A_center;ball_B_center,2,fixed_top,x,ratio_only,none,none,,momentum_conservation,0.0,relative_error,"{""m1_kg"": 0.2, ""m2_kg"": 0.2, ""collision_dim"": ""1d"", ""collision_type"": ""separation_from_rest""}"
481,P031,P031.mp4,tracking_json/P031.json,B4.2,momentum_conservation_1d,eval_momentum_1d,pixel_velocity_momentum,slider_A_center;slider_B_center,2,fixed_side,x,ratio_only,none,none,,momentum_conservation,0.0,relative_error,"{""m1_kg"": 0.25, ""m2_kg"": 0.2, ""collision_dim"": ""1d"", ""collision_type"": ""head_on""}"
482,P032,P032.mp4,tracking_json/P032.json,B4.2,momentum_conservation_1d,eval_momentum_1d,pixel_velocity_momentum,cart_A_center;cart_B_center,2,fixed_side,x,ratio_only,none,none,,momentum_conservation,0.0,relative_error,"{""m1_kg"": 0.3, ""m2_kg"": 0.15, ""collision_dim"": ""1d"", ""collision_type"": ""inelastic_sticking""}"
483,P033,P033.mp4,tracking_json/P033.json,B4.2,momentum_conservation_1d,eval_momentum_1d,pixel_velocity_momentum,ball_A_center;ball_B_center,2,fixed_side,x,ratio_only,none,none,,momentum_conservation,0.0,relative_error,"{""m1_kg"": 0.15, ""m2_kg"": 0.3, ""collision_dim"": ""1d"", ""collision_type"": ""separation_from_rest""}"
484,P034,P034.mp4,tracking_json/P034.json,B4.2,momentum_conservation_1d,eval_momentum_1d,pixel_velocity_momentum,slider_A_center;slider_B_center,2,fixed_side,x,ratio_only,none,none,,momentum_conservation,0.0,relative_error,"{""m1_kg"": 0.1, ""m2_kg"": 0.2, ""collision_dim"": ""1d"", ""collision_type"": ""head_on""}"
485,P035,P035.mp4,tracking_json/P035.json,B4.2,momentum_conservation_1d,eval_momentum_1d,pixel_velocity_momentum,cart_A_center;cart_B_center,2,fixed_top,x,ratio_only,none,none,,momentum_conservation,0.0,relative_error,"{""m1_kg"": 0.2, ""m2_kg"": 0.2, ""collision_dim"": ""1d"", ""collision_type"": ""inelastic_sticking""}"
486,P036,P036.mp4,tracking_json/P036.json,B4.2,momentum_conservation_1d,eval_momentum_1d,pixel_velocity_momentum,ball_A_center;ball_B_center,2,fixed_side,x,ratio_only,none,none,,momentum_conservation,0.0,relative_error,"{""m1_kg"": 0.25, ""m2_kg"": 0.2, ""collision_dim"": ""1d"", ""collision_type"": ""separation_from_rest""}"
487,P037,P037.mp4,tracking_json/P037.json,B4.2,momentum_conservation_1d,eval_momentum_1d,pixel_velocity_momentum,slider_A_center;slider_B_center,2,fixed_side,x,ratio_only,none,none,,momentum_conservation,0.0,relative_error,"{""m1_kg"": 0.3, ""m2_kg"": 0.15, ""collision_dim"": ""1d"", ""collision_type"": ""head_on""}"
488,P038,P038.mp4,tracking_json/P038.json,B4.2,momentum_conservation_1d,eval_momentum_1d,pixel_velocity_momentum,cart_A_center;cart_B_center,2,fixed_side,x,ratio_only,none,none,,momentum_conservation,0.0,relative_error,"{""m1_kg"": 0.15, ""m2_kg"": 0.3, ""collision_dim"": ""1d"", ""collision_type"": ""inelastic_sticking""}"
489,P039,P039.mp4,tracking_json/P039.json,B4.2,momentum_conservation_1d,eval_momentum_1d,pixel_velocity_momentum,ball_A_center;ball_B_center,2,fixed_side,x,ratio_only,none,none,,momentum_conservation,0.0,relative_error,"{""m1_kg"": 0.1, ""m2_kg"": 0.2, ""collision_dim"": ""1d"", ""collision_type"": ""separation_from_rest""}"
490,P040,P040.mp4,tracking_json/P040.json,B4.2,momentum_conservation_1d,eval_momentum_1d,pixel_velocity_momentum,slider_A_center;slider_B_center,2,fixed_top,x,ratio_only,none,none,,momentum_conservation,0.0,relative_error,"{""m1_kg"": 0.2, ""m2_kg"": 0.2, ""collision_dim"": ""1d"", ""collision_type"": ""head_on""}"
491,P041,P041.mp4,tracking_json/P041.json,B4.2,momentum_conservation_1d,eval_momentum_1d,pixel_velocity_momentum,cart_A_center;cart_B_center,2,fixed_side,x,ratio_only,none,none,,momentum_conservation,0.0,relative_error,"{""m1_kg"": 0.25, ""m2_kg"": 0.2, ""collision_dim"": ""1d"", ""collision_type"": ""inelastic_sticking""}"
492,P042,P042.mp4,tracking_json/P042.json,B4.2,momentum_conservation_1d,eval_momentum_1d,pixel_velocity_momentum,ball_A_center;ball_B_center,2,fixed_side,x,ratio_only,none,none,,momentum_conservation,0.0,relative_error,"{""m1_kg"": 0.3, ""m2_kg"": 0.15, ""collision_dim"": ""1d"", ""collision_type"": ""separation_from_rest""}"
493,P043,P043.mp4,tracking_json/P043.json,B4.2,momentum_conservation_1d,eval_momentum_1d,pixel_velocity_momentum,slider_A_center;slider_B_center,2,fixed_side,x,ratio_only,none,none,,momentum_conservation,0.0,relative_error,"{""m1_kg"": 0.15, ""m2_kg"": 0.3, ""collision_dim"": ""1d"", ""collision_type"": ""head_on""}"
494,P044,P044.mp4,tracking_json/P044.json,B4.2,momentum_conservation_1d,eval_momentum_1d,pixel_velocity_momentum,cart_A_center;cart_B_center,2,fixed_side,x,ratio_only,none,none,,momentum_conservation,0.0,relative_error,"{""m1_kg"": 0.1, ""m2_kg"": 0.2, ""collision_dim"": ""1d"", ""collision_type"": ""inelastic_sticking""}"
495,P045,P045.mp4,tracking_json/P045.json,B4.2,momentum_conservation_1d,eval_momentum_1d,pixel_velocity_momentum,ball_A_center;ball_B_center,2,fixed_top,x,ratio_only,none,none,,momentum_conservation,0.0,relative_error,"{""m1_kg"": 0.2, ""m2_kg"": 0.2, ""collision_dim"": ""1d"", ""collision_type"": ""separation_from_rest""}"
496,P046,P046.mp4,tracking_json/P046.json,B4.2,momentum_conservation_1d,eval_momentum_1d,pixel_velocity_momentum,slider_A_center;slider_B_center,2,fixed_side,x,ratio_only,none,none,,momentum_conservation,0.0,relative_error,"{""m1_kg"": 0.25, ""m2_kg"": 0.2, ""collision_dim"": ""1d"", ""collision_type"": ""head_on""}"
497,P047,P047.mp4,tracking_json/P047.json,B4.2,momentum_conservation_1d,eval_momentum_1d,pixel_velocity_momentum,cart_A_center;cart_B_center,2,fixed_side,x,ratio_only,none,none,,momentum_conservation,0.0,relative_error,"{""m1_kg"": 0.3, ""m2_kg"": 0.15, ""collision_dim"": ""1d"", ""collision_type"": ""inelastic_sticking""}"
498,P048,P048.mp4,tracking_json/P048.json,B4.2,momentum_conservation_1d,eval_momentum_1d,pixel_velocity_momentum,ball_A_center;ball_B_center,2,fixed_side,x,ratio_only,none,none,,momentum_conservation,0.0,relative_error,"{""m1_kg"": 0.15, ""m2_kg"": 0.3, ""collision_dim"": ""1d"", ""collision_type"": ""separation_from_rest""}"
499,P049,P049.mp4,tracking_json/P049.json,B4.2,momentum_conservation_1d,eval_momentum_1d,pixel_velocity_momentum,slider_A_center;slider_B_center,2,fixed_side,x,ratio_only,none,none,,momentum_conservation,0.0,relative_error,"{""m1_kg"": 0.1, ""m2_kg"": 0.2, ""collision_dim"": ""1d"", ""collision_type"": ""head_on""}"
500,P050,P050.mp4,tracking_json/P050.json,B4.2,momentum_conservation_1d,eval_momentum_1d,pixel_velocity_momentum,cart_A_center;cart_B_center,2,fixed_top,x,ratio_only,none,none,,momentum_conservation,0.0,relative_error,"{""m1_kg"": 0.2, ""m2_kg"": 0.2, ""collision_dim"": ""1d"", ""collision_type"": ""inelastic_sticking""}"
