Global_Index,Module,Index,Prompt_ID,English_Prompt
1,B1.1,1,V001,"Generate a fixed side-view video of a blue standard tennis ball moving at constant speed along a straight line on a light indoor floor, with target speed 0.18 m/s. The camera is fixed, with no zoom, rotation, or shake, and the motion direction is approximately parallel to the image plane. Use a simple, uniform background with consistent color and texture, no clutter, no occlusion, and no other similar moving targets. Lighting should be even and stable, with faint soft-edged shadows that do not interfere with automatic segmentation and tracking. The standard tennis ball remains fully visible with clear boundaries, and its real-world standard size can be used as the scale reference to convert the tennis-ball center pixel trajectory into real displacement. Track only the tennis-ball center and keep a relatively long stable constant-speed interval visible."
2,B1.1,2,V002,"Generate a fixed side-view video of a green standard basketball moving at constant speed along a straight line on a light-colored tabletop, with target speed 0.30 m/s. The camera is fixed, with no zoom, rotation, or shake, and the motion direction is approximately parallel to the image plane. Use a simple, uniform background with consistent color and texture, no clutter, no occlusion, and no other similar moving targets. Lighting should be even and stable, with faint soft-edged shadows that do not interfere with automatic segmentation and tracking. The standard basketball remains fully visible with clear boundaries, and its real-world standard size can be used as the scale reference to convert the basketball center pixel trajectory into real displacement. Track only the basketball center and keep a relatively long stable constant-speed interval visible."
3,B1.1,3,V003,"Generate a fixed side-view video of a yellow standard hockey puck moving at constant speed along a straight line on a gym wooden floor, with target speed 0.20 m/s. The camera is fixed, with no zoom, rotation, or shake, and the motion direction is approximately parallel to the image plane. Use a simple, uniform background with consistent color and texture, no clutter, no occlusion, and no other similar moving targets. Lighting should be even and stable, with faint soft-edged shadows that do not interfere with automatic segmentation and tracking. The standard hockey puck remains fully visible with clear boundaries, and its real-world standard size can be used as the scale reference to convert the puck center pixel trajectory into real displacement. Track only the puck center and keep a relatively long stable constant-speed interval visible."
4,B1.1,4,V004,"Generate a fixed side-view video of a orange standard ping-pong ball moving at constant speed along a straight line on a campus hallway floor, with target speed 0.08 m/s. The camera is fixed, with no zoom, rotation, or shake, and the motion direction is approximately parallel to the image plane. Use a simple, uniform background with consistent color and texture, no clutter, no occlusion, and no other similar moving targets. Lighting should be even and stable, with faint soft-edged shadows that do not interfere with automatic segmentation and tracking. The standard ping-pong ball remains fully visible with clear boundaries, and its real-world standard size can be used as the scale reference to convert the ping-pong-ball center pixel trajectory into real displacement. Track only the ping-pong-ball center and keep a relatively long stable constant-speed interval visible."
5,B1.1,5,V005,"Generate a fixed top-view video of a purple standard golf ball moving at constant speed along a straight line on a white low-friction tabletop, with target speed 0.15 m/s. The camera is fixed directly above the motion plane, with no motion, zoom, or rotation, and the motion plane is approximately parallel to the image plane. Use a simple, uniform background with consistent color and texture, no clutter, no occlusion, and no other similar moving targets. Lighting should be even and stable, with faint soft-edged shadows that do not interfere with automatic segmentation and tracking. The standard golf ball remains fully visible with clear boundaries, and its real-world standard size can be used as the scale reference to convert the golf-ball center pixel trajectory into real displacement. Track only the golf-ball center and keep a relatively long stable constant-speed interval visible."
6,B1.1,6,V006,"Generate a fixed side-view video of a black standard baseball moving at constant speed along a straight line on a flat lab bench, with target speed 0.18 m/s. The camera is fixed, with no zoom, rotation, or shake, and the motion direction is approximately parallel to the image plane. Use a simple, uniform background with consistent color and texture, no clutter, no occlusion, and no other similar moving targets. Lighting should be even and stable, with faint soft-edged shadows that do not interfere with automatic segmentation and tracking. The standard baseball remains fully visible with clear boundaries, and its real-world standard size can be used as the scale reference to convert the baseball center pixel trajectory into real displacement. Track only the baseball center and keep a relatively long stable constant-speed interval visible."
7,B1.1,7,V007,"Generate a fixed side-view video of a white standard soccer ball moving at constant speed along a straight line on a light gray floor, with target speed 0.15 m/s. The camera is fixed, with no zoom, rotation, or shake, and the motion direction is approximately parallel to the image plane. Use a simple, uniform background with consistent color and texture, no clutter, no occlusion, and no other similar moving targets. Lighting should be even and stable, with faint soft-edged shadows that do not interfere with automatic segmentation and tracking. The standard soccer ball remains fully visible with clear boundaries, and its real-world standard size can be used as the scale reference to convert the soccer-ball center pixel trajectory into real displacement. Track only the soccer-ball center and keep a relatively long stable constant-speed interval visible."
8,B1.1,8,V008,"Generate a fixed side-view video of a cyan standard volleyball moving at constant speed along a straight line on a flat classroom floor, with target speed 0.22 m/s. The camera is fixed, with no zoom, rotation, or shake, and the motion direction is approximately parallel to the image plane. Use a simple, uniform background with consistent color and texture, no clutter, no occlusion, and no other similar moving targets. Lighting should be even and stable, with faint soft-edged shadows that do not interfere with automatic segmentation and tracking. The standard volleyball remains fully visible with clear boundaries, and its real-world standard size can be used as the scale reference to convert the volleyball center pixel trajectory into real displacement. Track only the volleyball center and keep a relatively long stable constant-speed interval visible."
9,B1.1,9,V009,"Generate a fixed side-view video of a pink standard tennis ball moving at constant speed along a straight line on a light wooden floor, with target speed 0.15 m/s. The camera is fixed, with no zoom, rotation, or shake, and the motion direction is approximately parallel to the image plane. Use a simple, uniform background with consistent color and texture, no clutter, no occlusion, and no other similar moving targets. Lighting should be even and stable, with faint soft-edged shadows that do not interfere with automatic segmentation and tracking. The standard tennis ball remains fully visible with clear boundaries, and its real-world standard size can be used as the scale reference to convert the tennis-ball center pixel trajectory into real displacement. Track only the tennis-ball center and keep a relatively long stable constant-speed interval visible."
10,B1.1,10,V010,"Generate a fixed top-view video of a red standard basketball moving at constant speed along a straight line on a white tabletop, with target speed 0.20 m/s. The camera is fixed directly above the motion plane, with no motion, zoom, or rotation, and the motion plane is approximately parallel to the image plane. Use a simple, uniform background with consistent color and texture, no clutter, no occlusion, and no other similar moving targets. Lighting should be even and stable, with faint soft-edged shadows that do not interfere with automatic segmentation and tracking. The standard basketball remains fully visible with clear boundaries, and its real-world standard size can be used as the scale reference to convert the basketball center pixel trajectory into real displacement. Track only the basketball center and keep a relatively long stable constant-speed interval visible."
11,B1.1,11,V011,"Generate a fixed side-view video of a blue standard hockey puck moving at constant speed along a straight line on a light indoor floor, with target speed 0.18 m/s. The camera is fixed, with no zoom, rotation, or shake, and the motion direction is approximately parallel to the image plane. Use a simple, uniform background with consistent color and texture, no clutter, no occlusion, and no other similar moving targets. Lighting should be even and stable, with faint soft-edged shadows that do not interfere with automatic segmentation and tracking. The standard hockey puck remains fully visible with clear boundaries, and its real-world standard size can be used as the scale reference to convert the puck center pixel trajectory into real displacement. Track only the puck center and keep a relatively long stable constant-speed interval visible."
12,B1.1,12,V012,"Generate a fixed side-view video of a green standard ping-pong ball moving at constant speed along a straight line on a light-colored tabletop, with target speed 0.08 m/s. The camera is fixed, with no zoom, rotation, or shake, and the motion direction is approximately parallel to the image plane. Use a simple, uniform background with consistent color and texture, no clutter, no occlusion, and no other similar moving targets. Lighting should be even and stable, with faint soft-edged shadows that do not interfere with automatic segmentation and tracking. The standard ping-pong ball remains fully visible with clear boundaries, and its real-world standard size can be used as the scale reference to convert the ping-pong-ball center pixel trajectory into real displacement. Track only the ping-pong-ball center and keep a relatively long stable constant-speed interval visible."
13,B1.1,13,V013,"Generate a fixed side-view video of a yellow standard golf ball moving at constant speed along a straight line on a gym wooden floor, with target speed 0.15 m/s. The camera is fixed, with no zoom, rotation, or shake, and the motion direction is approximately parallel to the image plane. Use a simple, uniform background with consistent color and texture, no clutter, no occlusion, and no other similar moving targets. Lighting should be even and stable, with faint soft-edged shadows that do not interfere with automatic segmentation and tracking. The standard golf ball remains fully visible with clear boundaries, and its real-world standard size can be used as the scale reference to convert the golf-ball center pixel trajectory into real displacement. Track only the golf-ball center and keep a relatively long stable constant-speed interval visible."
14,B1.1,14,V014,"Generate a fixed side-view video of a orange standard baseball moving at constant speed along a straight line on a campus hallway floor, with target speed 0.15 m/s. The camera is fixed, with no zoom, rotation, or shake, and the motion direction is approximately parallel to the image plane. Use a simple, uniform background with consistent color and texture, no clutter, no occlusion, and no other similar moving targets. Lighting should be even and stable, with faint soft-edged shadows that do not interfere with automatic segmentation and tracking. The standard baseball remains fully visible with clear boundaries, and its real-world standard size can be used as the scale reference to convert the baseball center pixel trajectory into real displacement. Track only the baseball center and keep a relatively long stable constant-speed interval visible."
15,B1.1,15,V015,"Generate a fixed top-view video of a purple standard soccer ball moving at constant speed along a straight line on a white low-friction tabletop, with target speed 0.22 m/s. The camera is fixed directly above the motion plane, with no motion, zoom, or rotation, and the motion plane is approximately parallel to the image plane. Use a simple, uniform background with consistent color and texture, no clutter, no occlusion, and no other similar moving targets. Lighting should be even and stable, with faint soft-edged shadows that do not interfere with automatic segmentation and tracking. The standard soccer ball remains fully visible with clear boundaries, and its real-world standard size can be used as the scale reference to convert the soccer-ball center pixel trajectory into real displacement. Track only the soccer-ball center and keep a relatively long stable constant-speed interval visible."
16,B1.1,16,V016,"Generate a fixed side-view video of a black standard volleyball moving at constant speed along a straight line on a flat lab bench, with target speed 0.30 m/s. The camera is fixed, with no zoom, rotation, or shake, and the motion direction is approximately parallel to the image plane. Use a simple, uniform background with consistent color and texture, no clutter, no occlusion, and no other similar moving targets. Lighting should be even and stable, with faint soft-edged shadows that do not interfere with automatic segmentation and tracking. The standard volleyball remains fully visible with clear boundaries, and its real-world standard size can be used as the scale reference to convert the volleyball center pixel trajectory into real displacement. Track only the volleyball center and keep a relatively long stable constant-speed interval visible."
17,B1.1,17,V017,"Generate a fixed side-view video of a white standard tennis ball moving at constant speed along a straight line on a light gray floor, with target speed 0.12 m/s. The camera is fixed, with no zoom, rotation, or shake, and the motion direction is approximately parallel to the image plane. Use a simple, uniform background with consistent color and texture, no clutter, no occlusion, and no other similar moving targets. Lighting should be even and stable, with faint soft-edged shadows that do not interfere with automatic segmentation and tracking. The standard tennis ball remains fully visible with clear boundaries, and its real-world standard size can be used as the scale reference to convert the tennis-ball center pixel trajectory into real displacement. Track only the tennis-ball center and keep a relatively long stable constant-speed interval visible."
18,B1.1,18,V018,"Generate a fixed side-view video of a cyan standard basketball moving at constant speed along a straight line on a flat classroom floor, with target speed 0.28 m/s. The camera is fixed, with no zoom, rotation, or shake, and the motion direction is approximately parallel to the image plane. Use a simple, uniform background with consistent color and texture, no clutter, no occlusion, and no other similar moving targets. Lighting should be even and stable, with faint soft-edged shadows that do not interfere with automatic segmentation and tracking. The standard basketball remains fully visible with clear boundaries, and its real-world standard size can be used as the scale reference to convert the basketball center pixel trajectory into real displacement. Track only the basketball center and keep a relatively long stable constant-speed interval visible."
19,B1.1,19,V019,"Generate a fixed side-view video of a pink standard hockey puck moving at constant speed along a straight line on a light wooden floor, with target speed 0.15 m/s. The camera is fixed, with no zoom, rotation, or shake, and the motion direction is approximately parallel to the image plane. Use a simple, uniform background with consistent color and texture, no clutter, no occlusion, and no other similar moving targets. Lighting should be even and stable, with faint soft-edged shadows that do not interfere with automatic segmentation and tracking. The standard hockey puck remains fully visible with clear boundaries, and its real-world standard size can be used as the scale reference to convert the puck center pixel trajectory into real displacement. Track only the puck center and keep a relatively long stable constant-speed interval visible."
20,B1.1,20,V020,"Generate a fixed top-view video of a red standard ping-pong ball moving at constant speed along a straight line on a white tabletop, with target speed 0.08 m/s. The camera is fixed directly above the motion plane, with no motion, zoom, or rotation, and the motion plane is approximately parallel to the image plane. Use a simple, uniform background with consistent color and texture, no clutter, no occlusion, and no other similar moving targets. Lighting should be even and stable, with faint soft-edged shadows that do not interfere with automatic segmentation and tracking. The standard ping-pong ball remains fully visible with clear boundaries, and its real-world standard size can be used as the scale reference to convert the ping-pong-ball center pixel trajectory into real displacement. Track only the ping-pong-ball center and keep a relatively long stable constant-speed interval visible."
21,B1.1,21,V021,"Generate a fixed side-view video of a blue standard golf ball moving at constant speed along a straight line on a light indoor floor, with target speed 0.15 m/s. The camera is fixed, with no zoom, rotation, or shake, and the motion direction is approximately parallel to the image plane. Use a simple, uniform background with consistent color and texture, no clutter, no occlusion, and no other similar moving targets. Lighting should be even and stable, with faint soft-edged shadows that do not interfere with automatic segmentation and tracking. The standard golf ball remains fully visible with clear boundaries, and its real-world standard size can be used as the scale reference to convert the golf-ball center pixel trajectory into real displacement. Track only the golf-ball center and keep a relatively long stable constant-speed interval visible."
22,B1.1,22,V022,"Generate a fixed side-view video of a green standard baseball moving at constant speed along a straight line on a light-colored tabletop, with target speed 0.12 m/s. The camera is fixed, with no zoom, rotation, or shake, and the motion direction is approximately parallel to the image plane. Use a simple, uniform background with consistent color and texture, no clutter, no occlusion, and no other similar moving targets. Lighting should be even and stable, with faint soft-edged shadows that do not interfere with automatic segmentation and tracking. The standard baseball remains fully visible with clear boundaries, and its real-world standard size can be used as the scale reference to convert the baseball center pixel trajectory into real displacement. Track only the baseball center and keep a relatively long stable constant-speed interval visible."
23,B1.1,23,V023,"Generate a fixed side-view video of a yellow standard soccer ball moving at constant speed along a straight line on a gym wooden floor, with target speed 0.30 m/s. The camera is fixed, with no zoom, rotation, or shake, and the motion direction is approximately parallel to the image plane. Use a simple, uniform background with consistent color and texture, no clutter, no occlusion, and no other similar moving targets. Lighting should be even and stable, with faint soft-edged shadows that do not interfere with automatic segmentation and tracking. The standard soccer ball remains fully visible with clear boundaries, and its real-world standard size can be used as the scale reference to convert the soccer-ball center pixel trajectory into real displacement. Track only the soccer-ball center and keep a relatively long stable constant-speed interval visible."
24,B1.1,24,V024,"Generate a fixed side-view video of a orange standard volleyball moving at constant speed along a straight line on a campus hallway floor, with target speed 0.20 m/s. The camera is fixed, with no zoom, rotation, or shake, and the motion direction is approximately parallel to the image plane. Use a simple, uniform background with consistent color and texture, no clutter, no occlusion, and no other similar moving targets. Lighting should be even and stable, with faint soft-edged shadows that do not interfere with automatic segmentation and tracking. The standard volleyball remains fully visible with clear boundaries, and its real-world standard size can be used as the scale reference to convert the volleyball center pixel trajectory into real displacement. Track only the volleyball center and keep a relatively long stable constant-speed interval visible."
25,B1.1,25,V025,"Generate a fixed top-view video of a purple standard tennis ball moving at constant speed along a straight line on a white low-friction tabletop, with target speed 0.10 m/s. The camera is fixed directly above the motion plane, with no motion, zoom, or rotation, and the motion plane is approximately parallel to the image plane. Use a simple, uniform background with consistent color and texture, no clutter, no occlusion, and no other similar moving targets. Lighting should be even and stable, with faint soft-edged shadows that do not interfere with automatic segmentation and tracking. The standard tennis ball remains fully visible with clear boundaries, and its real-world standard size can be used as the scale reference to convert the tennis-ball center pixel trajectory into real displacement. Track only the tennis-ball center and keep a relatively long stable constant-speed interval visible."
26,B1.1,26,V026,"Generate a fixed side-view video of a black standard basketball moving at constant speed along a straight line on a flat lab bench, with target speed 0.18 m/s. The camera is fixed, with no zoom, rotation, or shake, and the motion direction is approximately parallel to the image plane. Use a simple, uniform background with consistent color and texture, no clutter, no occlusion, and no other similar moving targets. Lighting should be even and stable, with faint soft-edged shadows that do not interfere with automatic segmentation and tracking. The standard basketball remains fully visible with clear boundaries, and its real-world standard size can be used as the scale reference to convert the basketball center pixel trajectory into real displacement. Track only the basketball center and keep a relatively long stable constant-speed interval visible."
27,B1.1,27,V027,"Generate a fixed side-view video of a white standard hockey puck moving at constant speed along a straight line on a light gray floor, with target speed 0.12 m/s. The camera is fixed, with no zoom, rotation, or shake, and the motion direction is approximately parallel to the image plane. Use a simple, uniform background with consistent color and texture, no clutter, no occlusion, and no other similar moving targets. Lighting should be even and stable, with faint soft-edged shadows that do not interfere with automatic segmentation and tracking. The standard hockey puck remains fully visible with clear boundaries, and its real-world standard size can be used as the scale reference to convert the puck center pixel trajectory into real displacement. Track only the puck center and keep a relatively long stable constant-speed interval visible."
28,B1.1,28,V028,"Generate a fixed side-view video of a cyan standard ping-pong ball moving at constant speed along a straight line on a flat classroom floor, with target speed 0.08 m/s. The camera is fixed, with no zoom, rotation, or shake, and the motion direction is approximately parallel to the image plane. Use a simple, uniform background with consistent color and texture, no clutter, no occlusion, and no other similar moving targets. Lighting should be even and stable, with faint soft-edged shadows that do not interfere with automatic segmentation and tracking. The standard ping-pong ball remains fully visible with clear boundaries, and its real-world standard size can be used as the scale reference to convert the ping-pong-ball center pixel trajectory into real displacement. Track only the ping-pong-ball center and keep a relatively long stable constant-speed interval visible."
29,B1.1,29,V029,"Generate a fixed side-view video of a pink standard golf ball moving at constant speed along a straight line on a light wooden floor, with target speed 0.15 m/s. The camera is fixed, with no zoom, rotation, or shake, and the motion direction is approximately parallel to the image plane. Use a simple, uniform background with consistent color and texture, no clutter, no occlusion, and no other similar moving targets. Lighting should be even and stable, with faint soft-edged shadows that do not interfere with automatic segmentation and tracking. The standard golf ball remains fully visible with clear boundaries, and its real-world standard size can be used as the scale reference to convert the golf-ball center pixel trajectory into real displacement. Track only the golf-ball center and keep a relatively long stable constant-speed interval visible."
30,B1.1,30,V030,"Generate a fixed top-view video of a red standard baseball moving at constant speed along a straight line on a white tabletop, with target speed 0.10 m/s. The camera is fixed directly above the motion plane, with no motion, zoom, or rotation, and the motion plane is approximately parallel to the image plane. Use a simple, uniform background with consistent color and texture, no clutter, no occlusion, and no other similar moving targets. Lighting should be even and stable, with faint soft-edged shadows that do not interfere with automatic segmentation and tracking. The standard baseball remains fully visible with clear boundaries, and its real-world standard size can be used as the scale reference to convert the baseball center pixel trajectory into real displacement. Track only the baseball center and keep a relatively long stable constant-speed interval visible."
31,B1.1,31,V031,"Generate a fixed side-view video of a blue standard soccer ball moving at constant speed along a straight line on a light indoor floor, with target speed 0.20 m/s. The camera is fixed, with no zoom, rotation, or shake, and the motion direction is approximately parallel to the image plane. Use a simple, uniform background with consistent color and texture, no clutter, no occlusion, and no other similar moving targets. Lighting should be even and stable, with faint soft-edged shadows that do not interfere with automatic segmentation and tracking. The standard soccer ball remains fully visible with clear boundaries, and its real-world standard size can be used as the scale reference to convert the soccer-ball center pixel trajectory into real displacement. Track only the soccer-ball center and keep a relatively long stable constant-speed interval visible."
32,B1.1,32,V032,"Generate a fixed side-view video of a green standard volleyball moving at constant speed along a straight line on a light-colored tabletop, with target speed 0.28 m/s. The camera is fixed, with no zoom, rotation, or shake, and the motion direction is approximately parallel to the image plane. Use a simple, uniform background with consistent color and texture, no clutter, no occlusion, and no other similar moving targets. Lighting should be even and stable, with faint soft-edged shadows that do not interfere with automatic segmentation and tracking. The standard volleyball remains fully visible with clear boundaries, and its real-world standard size can be used as the scale reference to convert the volleyball center pixel trajectory into real displacement. Track only the volleyball center and keep a relatively long stable constant-speed interval visible."
33,B1.1,33,V033,"Generate a fixed side-view video of a yellow standard tennis ball moving at constant speed along a straight line on a gym wooden floor, with target speed 0.20 m/s. The camera is fixed, with no zoom, rotation, or shake, and the motion direction is approximately parallel to the image plane. Use a simple, uniform background with consistent color and texture, no clutter, no occlusion, and no other similar moving targets. Lighting should be even and stable, with faint soft-edged shadows that do not interfere with automatic segmentation and tracking. The standard tennis ball remains fully visible with clear boundaries, and its real-world standard size can be used as the scale reference to convert the tennis-ball center pixel trajectory into real displacement. Track only the tennis-ball center and keep a relatively long stable constant-speed interval visible."
34,B1.1,34,V034,"Generate a fixed side-view video of a orange standard basketball moving at constant speed along a straight line on a campus hallway floor, with target speed 0.25 m/s. The camera is fixed, with no zoom, rotation, or shake, and the motion direction is approximately parallel to the image plane. Use a simple, uniform background with consistent color and texture, no clutter, no occlusion, and no other similar moving targets. Lighting should be even and stable, with faint soft-edged shadows that do not interfere with automatic segmentation and tracking. The standard basketball remains fully visible with clear boundaries, and its real-world standard size can be used as the scale reference to convert the basketball center pixel trajectory into real displacement. Track only the basketball center and keep a relatively long stable constant-speed interval visible."
35,B1.1,35,V035,"Generate a fixed top-view video of a purple standard hockey puck moving at constant speed along a straight line on a white low-friction tabletop, with target speed 0.10 m/s. The camera is fixed directly above the motion plane, with no motion, zoom, or rotation, and the motion plane is approximately parallel to the image plane. Use a simple, uniform background with consistent color and texture, no clutter, no occlusion, and no other similar moving targets. Lighting should be even and stable, with faint soft-edged shadows that do not interfere with automatic segmentation and tracking. The standard hockey puck remains fully visible with clear boundaries, and its real-world standard size can be used as the scale reference to convert the puck center pixel trajectory into real displacement. Track only the puck center and keep a relatively long stable constant-speed interval visible."
36,B1.1,36,V036,"Generate a fixed side-view video of a black standard ping-pong ball moving at constant speed along a straight line on a flat lab bench, with target speed 0.08 m/s. The camera is fixed, with no zoom, rotation, or shake, and the motion direction is approximately parallel to the image plane. Use a simple, uniform background with consistent color and texture, no clutter, no occlusion, and no other similar moving targets. Lighting should be even and stable, with faint soft-edged shadows that do not interfere with automatic segmentation and tracking. The standard ping-pong ball remains fully visible with clear boundaries, and its real-world standard size can be used as the scale reference to convert the ping-pong-ball center pixel trajectory into real displacement. Track only the ping-pong-ball center and keep a relatively long stable constant-speed interval visible."
37,B1.1,37,V037,"Generate a fixed side-view video of a white standard golf ball moving at constant speed along a straight line on a light gray floor, with target speed 0.15 m/s. The camera is fixed, with no zoom, rotation, or shake, and the motion direction is approximately parallel to the image plane. Use a simple, uniform background with consistent color and texture, no clutter, no occlusion, and no other similar moving targets. Lighting should be even and stable, with faint soft-edged shadows that do not interfere with automatic segmentation and tracking. The standard golf ball remains fully visible with clear boundaries, and its real-world standard size can be used as the scale reference to convert the golf-ball center pixel trajectory into real displacement. Track only the golf-ball center and keep a relatively long stable constant-speed interval visible."
38,B1.1,38,V038,"Generate a fixed side-view video of a cyan standard baseball moving at constant speed along a straight line on a flat classroom floor, with target speed 0.20 m/s. The camera is fixed, with no zoom, rotation, or shake, and the motion direction is approximately parallel to the image plane. Use a simple, uniform background with consistent color and texture, no clutter, no occlusion, and no other similar moving targets. Lighting should be even and stable, with faint soft-edged shadows that do not interfere with automatic segmentation and tracking. The standard baseball remains fully visible with clear boundaries, and its real-world standard size can be used as the scale reference to convert the baseball center pixel trajectory into real displacement. Track only the baseball center and keep a relatively long stable constant-speed interval visible."
39,B1.1,39,V039,"Generate a fixed side-view video of a pink standard soccer ball moving at constant speed along a straight line on a light wooden floor, with target speed 0.28 m/s. The camera is fixed, with no zoom, rotation, or shake, and the motion direction is approximately parallel to the image plane. Use a simple, uniform background with consistent color and texture, no clutter, no occlusion, and no other similar moving targets. Lighting should be even and stable, with faint soft-edged shadows that do not interfere with automatic segmentation and tracking. The standard soccer ball remains fully visible with clear boundaries, and its real-world standard size can be used as the scale reference to convert the soccer-ball center pixel trajectory into real displacement. Track only the soccer-ball center and keep a relatively long stable constant-speed interval visible."
40,B1.1,40,V040,"Generate a fixed top-view video of a red standard volleyball moving at constant speed along a straight line on a white tabletop, with target speed 0.18 m/s. The camera is fixed directly above the motion plane, with no motion, zoom, or rotation, and the motion plane is approximately parallel to the image plane. Use a simple, uniform background with consistent color and texture, no clutter, no occlusion, and no other similar moving targets. Lighting should be even and stable, with faint soft-edged shadows that do not interfere with automatic segmentation and tracking. The standard volleyball remains fully visible with clear boundaries, and its real-world standard size can be used as the scale reference to convert the volleyball center pixel trajectory into real displacement. Track only the volleyball center and keep a relatively long stable constant-speed interval visible."
41,B1.1,41,V041,"Generate a fixed side-view video of a blue standard tennis ball moving at constant speed along a straight line on a light indoor floor, with target speed 0.18 m/s. The camera is fixed, with no zoom, rotation, or shake, and the motion direction is approximately parallel to the image plane. Use a simple, uniform background with consistent color and texture, no clutter, no occlusion, and no other similar moving targets. Lighting should be even and stable, with faint soft-edged shadows that do not interfere with automatic segmentation and tracking. The standard tennis ball remains fully visible with clear boundaries, and its real-world standard size can be used as the scale reference to convert the tennis-ball center pixel trajectory into real displacement. Track only the tennis-ball center and keep a relatively long stable constant-speed interval visible."
42,B1.1,42,V042,"Generate a fixed side-view video of a green standard basketball moving at constant speed along a straight line on a light-colored tabletop, with target speed 0.15 m/s. The camera is fixed, with no zoom, rotation, or shake, and the motion direction is approximately parallel to the image plane. Use a simple, uniform background with consistent color and texture, no clutter, no occlusion, and no other similar moving targets. Lighting should be even and stable, with faint soft-edged shadows that do not interfere with automatic segmentation and tracking. The standard basketball remains fully visible with clear boundaries, and its real-world standard size can be used as the scale reference to convert the basketball center pixel trajectory into real displacement. Track only the basketball center and keep a relatively long stable constant-speed interval visible."
43,B1.1,43,V043,"Generate a fixed side-view video of a yellow standard hockey puck moving at constant speed along a straight line on a gym wooden floor, with target speed 0.20 m/s. The camera is fixed, with no zoom, rotation, or shake, and the motion direction is approximately parallel to the image plane. Use a simple, uniform background with consistent color and texture, no clutter, no occlusion, and no other similar moving targets. Lighting should be even and stable, with faint soft-edged shadows that do not interfere with automatic segmentation and tracking. The standard hockey puck remains fully visible with clear boundaries, and its real-world standard size can be used as the scale reference to convert the puck center pixel trajectory into real displacement. Track only the puck center and keep a relatively long stable constant-speed interval visible."
44,B1.1,44,V044,"Generate a fixed side-view video of a orange standard ping-pong ball moving at constant speed along a straight line on a campus hallway floor, with target speed 0.08 m/s. The camera is fixed, with no zoom, rotation, or shake, and the motion direction is approximately parallel to the image plane. Use a simple, uniform background with consistent color and texture, no clutter, no occlusion, and no other similar moving targets. Lighting should be even and stable, with faint soft-edged shadows that do not interfere with automatic segmentation and tracking. The standard ping-pong ball remains fully visible with clear boundaries, and its real-world standard size can be used as the scale reference to convert the ping-pong-ball center pixel trajectory into real displacement. Track only the ping-pong-ball center and keep a relatively long stable constant-speed interval visible."
45,B1.1,45,V045,"Generate a fixed top-view video of a purple standard golf ball moving at constant speed along a straight line on a white low-friction tabletop, with target speed 0.15 m/s. The camera is fixed directly above the motion plane, with no motion, zoom, or rotation, and the motion plane is approximately parallel to the image plane. Use a simple, uniform background with consistent color and texture, no clutter, no occlusion, and no other similar moving targets. Lighting should be even and stable, with faint soft-edged shadows that do not interfere with automatic segmentation and tracking. The standard golf ball remains fully visible with clear boundaries, and its real-world standard size can be used as the scale reference to convert the golf-ball center pixel trajectory into real displacement. Track only the golf-ball center and keep a relatively long stable constant-speed interval visible."
46,B1.1,46,V046,"Generate a fixed side-view video of a black standard baseball moving at constant speed along a straight line on a flat lab bench, with target speed 0.18 m/s. The camera is fixed, with no zoom, rotation, or shake, and the motion direction is approximately parallel to the image plane. Use a simple, uniform background with consistent color and texture, no clutter, no occlusion, and no other similar moving targets. Lighting should be even and stable, with faint soft-edged shadows that do not interfere with automatic segmentation and tracking. The standard baseball remains fully visible with clear boundaries, and its real-world standard size can be used as the scale reference to convert the baseball center pixel trajectory into real displacement. Track only the baseball center and keep a relatively long stable constant-speed interval visible."
47,B1.1,47,V047,"Generate a fixed side-view video of a white standard soccer ball moving at constant speed along a straight line on a light gray floor, with target speed 0.18 m/s. The camera is fixed, with no zoom, rotation, or shake, and the motion direction is approximately parallel to the image plane. Use a simple, uniform background with consistent color and texture, no clutter, no occlusion, and no other similar moving targets. Lighting should be even and stable, with faint soft-edged shadows that do not interfere with automatic segmentation and tracking. The standard soccer ball remains fully visible with clear boundaries, and its real-world standard size can be used as the scale reference to convert the soccer-ball center pixel trajectory into real displacement. Track only the soccer-ball center and keep a relatively long stable constant-speed interval visible."
48,B1.1,48,V048,"Generate a fixed side-view video of a cyan standard volleyball moving at constant speed along a straight line on a flat classroom floor, with target speed 0.25 m/s. The camera is fixed, with no zoom, rotation, or shake, and the motion direction is approximately parallel to the image plane. Use a simple, uniform background with consistent color and texture, no clutter, no occlusion, and no other similar moving targets. Lighting should be even and stable, with faint soft-edged shadows that do not interfere with automatic segmentation and tracking. The standard volleyball remains fully visible with clear boundaries, and its real-world standard size can be used as the scale reference to convert the volleyball center pixel trajectory into real displacement. Track only the volleyball center and keep a relatively long stable constant-speed interval visible."
49,B1.1,49,V049,"Generate a fixed side-view video of a pink standard tennis ball moving at constant speed along a straight line on a light wooden floor, with target speed 0.15 m/s. The camera is fixed, with no zoom, rotation, or shake, and the motion direction is approximately parallel to the image plane. Use a simple, uniform background with consistent color and texture, no clutter, no occlusion, and no other similar moving targets. Lighting should be even and stable, with faint soft-edged shadows that do not interfere with automatic segmentation and tracking. The standard tennis ball remains fully visible with clear boundaries, and its real-world standard size can be used as the scale reference to convert the tennis-ball center pixel trajectory into real displacement. Track only the tennis-ball center and keep a relatively long stable constant-speed interval visible."
50,B1.1,50,V050,"Generate a fixed top-view video of a red standard basketball moving at constant speed along a straight line on a white tabletop, with target speed 0.22 m/s. The camera is fixed directly above the motion plane, with no motion, zoom, or rotation, and the motion plane is approximately parallel to the image plane. Use a simple, uniform background with consistent color and texture, no clutter, no occlusion, and no other similar moving targets. Lighting should be even and stable, with faint soft-edged shadows that do not interfere with automatic segmentation and tracking. The standard basketball remains fully visible with clear boundaries, and its real-world standard size can be used as the scale reference to convert the basketball center pixel trajectory into real displacement. Track only the basketball center and keep a relatively long stable constant-speed interval visible."
51,B1.2,51,A001,"Generate a fixed side-view video of a yellow standard tennis ball on a campus hallway floor, starting from rest and slowly accelerating along a straight line, with target acceleration 0.08 m/s². The camera is fixed, with no zoom, rotation, or shake, and the motion direction is approximately parallel to the image plane. Use a simple, uniform background with consistent color and texture, no clutter, no occlusion, and no other similar moving targets. Lighting should be even and stable, with faint soft-edged shadows that do not interfere with automatic segmentation and tracking. The standard tennis ball remains fully visible with clear boundaries, and its real-world standard size can be used as the scale reference to convert the tennis-ball center pixel trajectory into real displacement. Track only the tennis-ball center and keep a sufficiently long motion interval suitable for quadratic fitting."
52,B1.2,52,A002,"Generate a fixed side-view video of a orange standard basketball on a white low-friction tabletop, starting from rest and slowly accelerating along a straight line, with target acceleration 0.15 m/s². The camera is fixed, with no zoom, rotation, or shake, and the motion direction is approximately parallel to the image plane. Use a simple, uniform background with consistent color and texture, no clutter, no occlusion, and no other similar moving targets. Lighting should be even and stable, with faint soft-edged shadows that do not interfere with automatic segmentation and tracking. The standard basketball remains fully visible with clear boundaries, and its real-world standard size can be used as the scale reference to convert the basketball center pixel trajectory into real displacement. Track only the basketball center and keep a sufficiently long motion interval suitable for quadratic fitting."
53,B1.2,53,A003,"Generate a fixed side-view video of a purple standard hockey puck on a flat lab bench, starting from rest and slowly accelerating along a straight line, with target acceleration 0.06 m/s². The camera is fixed, with no zoom, rotation, or shake, and the motion direction is approximately parallel to the image plane. Use a simple, uniform background with consistent color and texture, no clutter, no occlusion, and no other similar moving targets. Lighting should be even and stable, with faint soft-edged shadows that do not interfere with automatic segmentation and tracking. The standard hockey puck remains fully visible with clear boundaries, and its real-world standard size can be used as the scale reference to convert the puck center pixel trajectory into real displacement. Track only the puck center and keep a sufficiently long motion interval suitable for quadratic fitting."
54,B1.2,54,A004,"Generate a fixed side-view video of a black standard ping-pong ball on a light gray floor, slowly decelerating along a straight line, with target acceleration -0.04 m/s². The camera is fixed, with no zoom, rotation, or shake, and the motion direction is approximately parallel to the image plane. Use a simple, uniform background with consistent color and texture, no clutter, no occlusion, and no other similar moving targets. Lighting should be even and stable, with faint soft-edged shadows that do not interfere with automatic segmentation and tracking. The standard ping-pong ball remains fully visible with clear boundaries, and its real-world standard size can be used as the scale reference to convert the ping-pong-ball center pixel trajectory into real displacement. Track only the ping-pong-ball center and keep a sufficiently long motion interval suitable for quadratic fitting."
55,B1.2,55,A005,"Generate a fixed top-view video of a white standard golf ball on a flat classroom floor, starting from rest and slowly accelerating along a straight line, with target acceleration 0.06 m/s². The camera is fixed directly above the motion plane, with no motion, zoom, or rotation, and the motion plane is approximately parallel to the image plane. Use a simple, uniform background with consistent color and texture, no clutter, no occlusion, and no other similar moving targets. Lighting should be even and stable, with faint soft-edged shadows that do not interfere with automatic segmentation and tracking. The standard golf ball remains fully visible with clear boundaries, and its real-world standard size can be used as the scale reference to convert the golf-ball center pixel trajectory into real displacement. Track only the golf-ball center and keep a sufficiently long motion interval suitable for quadratic fitting."
56,B1.2,56,A006,"Generate a fixed side-view video of a cyan standard soccer ball on a light wooden floor, starting from rest and slowly accelerating along a straight line, with target acceleration 0.10 m/s². The camera is fixed, with no zoom, rotation, or shake, and the motion direction is approximately parallel to the image plane. Use a simple, uniform background with consistent color and texture, no clutter, no occlusion, and no other similar moving targets. Lighting should be even and stable, with faint soft-edged shadows that do not interfere with automatic segmentation and tracking. The standard soccer ball remains fully visible with clear boundaries, and its real-world standard size can be used as the scale reference to convert the soccer-ball center pixel trajectory into real displacement. Track only the soccer-ball center and keep a sufficiently long motion interval suitable for quadratic fitting."
57,B1.2,57,A007,"Generate a fixed side-view video of a pink standard tennis ball on a white tabletop, starting from rest and slowly accelerating along a straight line, with target acceleration 0.12 m/s². The camera is fixed, with no zoom, rotation, or shake, and the motion direction is approximately parallel to the image plane. Use a simple, uniform background with consistent color and texture, no clutter, no occlusion, and no other similar moving targets. Lighting should be even and stable, with faint soft-edged shadows that do not interfere with automatic segmentation and tracking. The standard tennis ball remains fully visible with clear boundaries, and its real-world standard size can be used as the scale reference to convert the tennis-ball center pixel trajectory into real displacement. Track only the tennis-ball center and keep a sufficiently long motion interval suitable for quadratic fitting."
58,B1.2,58,A008,"Generate a fixed side-view video of a red standard basketball on a light indoor floor, slowly decelerating along a straight line, with target acceleration -0.08 m/s². The camera is fixed, with no zoom, rotation, or shake, and the motion direction is approximately parallel to the image plane. Use a simple, uniform background with consistent color and texture, no clutter, no occlusion, and no other similar moving targets. Lighting should be even and stable, with faint soft-edged shadows that do not interfere with automatic segmentation and tracking. The standard basketball remains fully visible with clear boundaries, and its real-world standard size can be used as the scale reference to convert the basketball center pixel trajectory into real displacement. Track only the basketball center and keep a sufficiently long motion interval suitable for quadratic fitting."
59,B1.2,59,A009,"Generate a fixed side-view video of a blue standard hockey puck on a light-colored tabletop, starting from rest and slowly accelerating along a straight line, with target acceleration 0.10 m/s². The camera is fixed, with no zoom, rotation, or shake, and the motion direction is approximately parallel to the image plane. Use a simple, uniform background with consistent color and texture, no clutter, no occlusion, and no other similar moving targets. Lighting should be even and stable, with faint soft-edged shadows that do not interfere with automatic segmentation and tracking. The standard hockey puck remains fully visible with clear boundaries, and its real-world standard size can be used as the scale reference to convert the puck center pixel trajectory into real displacement. Track only the puck center and keep a sufficiently long motion interval suitable for quadratic fitting."
60,B1.2,60,A010,"Generate a fixed top-view video of a green standard ping-pong ball on a gym wooden floor, starting from rest and slowly accelerating along a straight line, with target acceleration 0.04 m/s². The camera is fixed directly above the motion plane, with no motion, zoom, or rotation, and the motion plane is approximately parallel to the image plane. Use a simple, uniform background with consistent color and texture, no clutter, no occlusion, and no other similar moving targets. Lighting should be even and stable, with faint soft-edged shadows that do not interfere with automatic segmentation and tracking. The standard ping-pong ball remains fully visible with clear boundaries, and its real-world standard size can be used as the scale reference to convert the ping-pong-ball center pixel trajectory into real displacement. Track only the ping-pong-ball center and keep a sufficiently long motion interval suitable for quadratic fitting."
61,B1.2,61,A011,"Generate a fixed side-view video of a yellow standard golf ball on a campus hallway floor, starting from rest and slowly accelerating along a straight line, with target acceleration 0.06 m/s². The camera is fixed, with no zoom, rotation, or shake, and the motion direction is approximately parallel to the image plane. Use a simple, uniform background with consistent color and texture, no clutter, no occlusion, and no other similar moving targets. Lighting should be even and stable, with faint soft-edged shadows that do not interfere with automatic segmentation and tracking. The standard golf ball remains fully visible with clear boundaries, and its real-world standard size can be used as the scale reference to convert the golf-ball center pixel trajectory into real displacement. Track only the golf-ball center and keep a sufficiently long motion interval suitable for quadratic fitting."
62,B1.2,62,A012,"Generate a fixed side-view video of a orange standard soccer ball on a white low-friction tabletop, slowly decelerating along a straight line, with target acceleration -0.15 m/s². The camera is fixed, with no zoom, rotation, or shake, and the motion direction is approximately parallel to the image plane. Use a simple, uniform background with consistent color and texture, no clutter, no occlusion, and no other similar moving targets. Lighting should be even and stable, with faint soft-edged shadows that do not interfere with automatic segmentation and tracking. The standard soccer ball remains fully visible with clear boundaries, and its real-world standard size can be used as the scale reference to convert the soccer-ball center pixel trajectory into real displacement. Track only the soccer-ball center and keep a sufficiently long motion interval suitable for quadratic fitting."
63,B1.2,63,A013,"Generate a fixed side-view video of a purple standard tennis ball on a flat lab bench, starting from rest and slowly accelerating along a straight line, with target acceleration 0.06 m/s². The camera is fixed, with no zoom, rotation, or shake, and the motion direction is approximately parallel to the image plane. Use a simple, uniform background with consistent color and texture, no clutter, no occlusion, and no other similar moving targets. Lighting should be even and stable, with faint soft-edged shadows that do not interfere with automatic segmentation and tracking. The standard tennis ball remains fully visible with clear boundaries, and its real-world standard size can be used as the scale reference to convert the tennis-ball center pixel trajectory into real displacement. Track only the tennis-ball center and keep a sufficiently long motion interval suitable for quadratic fitting."
64,B1.2,64,A014,"Generate a fixed side-view video of a black standard basketball on a light gray floor, starting from rest and slowly accelerating along a straight line, with target acceleration 0.12 m/s². The camera is fixed, with no zoom, rotation, or shake, and the motion direction is approximately parallel to the image plane. Use a simple, uniform background with consistent color and texture, no clutter, no occlusion, and no other similar moving targets. Lighting should be even and stable, with faint soft-edged shadows that do not interfere with automatic segmentation and tracking. The standard basketball remains fully visible with clear boundaries, and its real-world standard size can be used as the scale reference to convert the basketball center pixel trajectory into real displacement. Track only the basketball center and keep a sufficiently long motion interval suitable for quadratic fitting."
65,B1.2,65,A015,"Generate a fixed top-view video of a white standard hockey puck on a flat classroom floor, starting from rest and slowly accelerating along a straight line, with target acceleration 0.05 m/s². The camera is fixed directly above the motion plane, with no motion, zoom, or rotation, and the motion plane is approximately parallel to the image plane. Use a simple, uniform background with consistent color and texture, no clutter, no occlusion, and no other similar moving targets. Lighting should be even and stable, with faint soft-edged shadows that do not interfere with automatic segmentation and tracking. The standard hockey puck remains fully visible with clear boundaries, and its real-world standard size can be used as the scale reference to convert the puck center pixel trajectory into real displacement. Track only the puck center and keep a sufficiently long motion interval suitable for quadratic fitting."
66,B1.2,66,A016,"Generate a fixed side-view video of a cyan standard ping-pong ball on a light wooden floor, slowly decelerating along a straight line, with target acceleration -0.04 m/s². The camera is fixed, with no zoom, rotation, or shake, and the motion direction is approximately parallel to the image plane. Use a simple, uniform background with consistent color and texture, no clutter, no occlusion, and no other similar moving targets. Lighting should be even and stable, with faint soft-edged shadows that do not interfere with automatic segmentation and tracking. The standard ping-pong ball remains fully visible with clear boundaries, and its real-world standard size can be used as the scale reference to convert the ping-pong-ball center pixel trajectory into real displacement. Track only the ping-pong-ball center and keep a sufficiently long motion interval suitable for quadratic fitting."
67,B1.2,67,A017,"Generate a fixed side-view video of a pink standard golf ball on a white tabletop, starting from rest and slowly accelerating along a straight line, with target acceleration 0.06 m/s². The camera is fixed, with no zoom, rotation, or shake, and the motion direction is approximately parallel to the image plane. Use a simple, uniform background with consistent color and texture, no clutter, no occlusion, and no other similar moving targets. Lighting should be even and stable, with faint soft-edged shadows that do not interfere with automatic segmentation and tracking. The standard golf ball remains fully visible with clear boundaries, and its real-world standard size can be used as the scale reference to convert the golf-ball center pixel trajectory into real displacement. Track only the golf-ball center and keep a sufficiently long motion interval suitable for quadratic fitting."
68,B1.2,68,A018,"Generate a fixed side-view video of a red standard soccer ball on a light indoor floor, starting from rest and slowly accelerating along a straight line, with target acceleration 0.08 m/s². The camera is fixed, with no zoom, rotation, or shake, and the motion direction is approximately parallel to the image plane. Use a simple, uniform background with consistent color and texture, no clutter, no occlusion, and no other similar moving targets. Lighting should be even and stable, with faint soft-edged shadows that do not interfere with automatic segmentation and tracking. The standard soccer ball remains fully visible with clear boundaries, and its real-world standard size can be used as the scale reference to convert the soccer-ball center pixel trajectory into real displacement. Track only the soccer-ball center and keep a sufficiently long motion interval suitable for quadratic fitting."
69,B1.2,69,A019,"Generate a fixed side-view video of a blue standard tennis ball on a light-colored tabletop, starting from rest and slowly accelerating along a straight line, with target acceleration 0.10 m/s². The camera is fixed, with no zoom, rotation, or shake, and the motion direction is approximately parallel to the image plane. Use a simple, uniform background with consistent color and texture, no clutter, no occlusion, and no other similar moving targets. Lighting should be even and stable, with faint soft-edged shadows that do not interfere with automatic segmentation and tracking. The standard tennis ball remains fully visible with clear boundaries, and its real-world standard size can be used as the scale reference to convert the tennis-ball center pixel trajectory into real displacement. Track only the tennis-ball center and keep a sufficiently long motion interval suitable for quadratic fitting."
70,B1.2,70,A020,"Generate a fixed top-view video of a green standard basketball on a gym wooden floor, slowly decelerating along a straight line, with target acceleration -0.06 m/s². The camera is fixed directly above the motion plane, with no motion, zoom, or rotation, and the motion plane is approximately parallel to the image plane. Use a simple, uniform background with consistent color and texture, no clutter, no occlusion, and no other similar moving targets. Lighting should be even and stable, with faint soft-edged shadows that do not interfere with automatic segmentation and tracking. The standard basketball remains fully visible with clear boundaries, and its real-world standard size can be used as the scale reference to convert the basketball center pixel trajectory into real displacement. Track only the basketball center and keep a sufficiently long motion interval suitable for quadratic fitting."
71,B1.2,71,A021,"Generate a fixed side-view video of a yellow standard hockey puck on a campus hallway floor, starting from rest and slowly accelerating along a straight line, with target acceleration 0.08 m/s². The camera is fixed, with no zoom, rotation, or shake, and the motion direction is approximately parallel to the image plane. Use a simple, uniform background with consistent color and texture, no clutter, no occlusion, and no other similar moving targets. Lighting should be even and stable, with faint soft-edged shadows that do not interfere with automatic segmentation and tracking. The standard hockey puck remains fully visible with clear boundaries, and its real-world standard size can be used as the scale reference to convert the puck center pixel trajectory into real displacement. Track only the puck center and keep a sufficiently long motion interval suitable for quadratic fitting."
72,B1.2,72,A022,"Generate a fixed side-view video of a orange standard ping-pong ball on a white low-friction tabletop, starting from rest and slowly accelerating along a straight line, with target acceleration 0.04 m/s². The camera is fixed, with no zoom, rotation, or shake, and the motion direction is approximately parallel to the image plane. Use a simple, uniform background with consistent color and texture, no clutter, no occlusion, and no other similar moving targets. Lighting should be even and stable, with faint soft-edged shadows that do not interfere with automatic segmentation and tracking. The standard ping-pong ball remains fully visible with clear boundaries, and its real-world standard size can be used as the scale reference to convert the ping-pong-ball center pixel trajectory into real displacement. Track only the ping-pong-ball center and keep a sufficiently long motion interval suitable for quadratic fitting."
73,B1.2,73,A023,"Generate a fixed side-view video of a purple standard golf ball on a flat lab bench, starting from rest and slowly accelerating along a straight line, with target acceleration 0.06 m/s². The camera is fixed, with no zoom, rotation, or shake, and the motion direction is approximately parallel to the image plane. Use a simple, uniform background with consistent color and texture, no clutter, no occlusion, and no other similar moving targets. Lighting should be even and stable, with faint soft-edged shadows that do not interfere with automatic segmentation and tracking. The standard golf ball remains fully visible with clear boundaries, and its real-world standard size can be used as the scale reference to convert the golf-ball center pixel trajectory into real displacement. Track only the golf-ball center and keep a sufficiently long motion interval suitable for quadratic fitting."
74,B1.2,74,A024,"Generate a fixed side-view video of a black standard soccer ball on a light gray floor, slowly decelerating along a straight line, with target acceleration -0.12 m/s². The camera is fixed, with no zoom, rotation, or shake, and the motion direction is approximately parallel to the image plane. Use a simple, uniform background with consistent color and texture, no clutter, no occlusion, and no other similar moving targets. Lighting should be even and stable, with faint soft-edged shadows that do not interfere with automatic segmentation and tracking. The standard soccer ball remains fully visible with clear boundaries, and its real-world standard size can be used as the scale reference to convert the soccer-ball center pixel trajectory into real displacement. Track only the soccer-ball center and keep a sufficiently long motion interval suitable for quadratic fitting."
75,B1.2,75,A025,"Generate a fixed top-view video of a white standard tennis ball on a flat classroom floor, starting from rest and slowly accelerating along a straight line, with target acceleration 0.05 m/s². The camera is fixed directly above the motion plane, with no motion, zoom, or rotation, and the motion plane is approximately parallel to the image plane. Use a simple, uniform background with consistent color and texture, no clutter, no occlusion, and no other similar moving targets. Lighting should be even and stable, with faint soft-edged shadows that do not interfere with automatic segmentation and tracking. The standard tennis ball remains fully visible with clear boundaries, and its real-world standard size can be used as the scale reference to convert the tennis-ball center pixel trajectory into real displacement. Track only the tennis-ball center and keep a sufficiently long motion interval suitable for quadratic fitting."
76,B1.2,76,A026,"Generate a fixed side-view video of a cyan standard basketball on a light wooden floor, starting from rest and slowly accelerating along a straight line, with target acceleration 0.10 m/s². The camera is fixed, with no zoom, rotation, or shake, and the motion direction is approximately parallel to the image plane. Use a simple, uniform background with consistent color and texture, no clutter, no occlusion, and no other similar moving targets. Lighting should be even and stable, with faint soft-edged shadows that do not interfere with automatic segmentation and tracking. The standard basketball remains fully visible with clear boundaries, and its real-world standard size can be used as the scale reference to convert the basketball center pixel trajectory into real displacement. Track only the basketball center and keep a sufficiently long motion interval suitable for quadratic fitting."
77,B1.2,77,A027,"Generate a fixed side-view video of a pink standard hockey puck on a white tabletop, starting from rest and slowly accelerating along a straight line, with target acceleration 0.12 m/s². The camera is fixed, with no zoom, rotation, or shake, and the motion direction is approximately parallel to the image plane. Use a simple, uniform background with consistent color and texture, no clutter, no occlusion, and no other similar moving targets. Lighting should be even and stable, with faint soft-edged shadows that do not interfere with automatic segmentation and tracking. The standard hockey puck remains fully visible with clear boundaries, and its real-world standard size can be used as the scale reference to convert the puck center pixel trajectory into real displacement. Track only the puck center and keep a sufficiently long motion interval suitable for quadratic fitting."
78,B1.2,78,A028,"Generate a fixed side-view video of a red standard ping-pong ball on a light indoor floor, slowly decelerating along a straight line, with target acceleration -0.04 m/s². The camera is fixed, with no zoom, rotation, or shake, and the motion direction is approximately parallel to the image plane. Use a simple, uniform background with consistent color and texture, no clutter, no occlusion, and no other similar moving targets. Lighting should be even and stable, with faint soft-edged shadows that do not interfere with automatic segmentation and tracking. The standard ping-pong ball remains fully visible with clear boundaries, and its real-world standard size can be used as the scale reference to convert the ping-pong-ball center pixel trajectory into real displacement. Track only the ping-pong-ball center and keep a sufficiently long motion interval suitable for quadratic fitting."
79,B1.2,79,A029,"Generate a fixed side-view video of a blue standard golf ball on a light-colored tabletop, starting from rest and slowly accelerating along a straight line, with target acceleration 0.06 m/s². The camera is fixed, with no zoom, rotation, or shake, and the motion direction is approximately parallel to the image plane. Use a simple, uniform background with consistent color and texture, no clutter, no occlusion, and no other similar moving targets. Lighting should be even and stable, with faint soft-edged shadows that do not interfere with automatic segmentation and tracking. The standard golf ball remains fully visible with clear boundaries, and its real-world standard size can be used as the scale reference to convert the golf-ball center pixel trajectory into real displacement. Track only the golf-ball center and keep a sufficiently long motion interval suitable for quadratic fitting."
80,B1.2,80,A030,"Generate a fixed top-view video of a green standard soccer ball on a gym wooden floor, starting from rest and slowly accelerating along a straight line, with target acceleration 0.06 m/s². The camera is fixed directly above the motion plane, with no motion, zoom, or rotation, and the motion plane is approximately parallel to the image plane. Use a simple, uniform background with consistent color and texture, no clutter, no occlusion, and no other similar moving targets. Lighting should be even and stable, with faint soft-edged shadows that do not interfere with automatic segmentation and tracking. The standard soccer ball remains fully visible with clear boundaries, and its real-world standard size can be used as the scale reference to convert the soccer-ball center pixel trajectory into real displacement. Track only the soccer-ball center and keep a sufficiently long motion interval suitable for quadratic fitting."
81,B1.2,81,A031,"Generate a fixed side-view video of a yellow standard tennis ball on a campus hallway floor, starting from rest and slowly accelerating along a straight line, with target acceleration 0.08 m/s². The camera is fixed, with no zoom, rotation, or shake, and the motion direction is approximately parallel to the image plane. Use a simple, uniform background with consistent color and texture, no clutter, no occlusion, and no other similar moving targets. Lighting should be even and stable, with faint soft-edged shadows that do not interfere with automatic segmentation and tracking. The standard tennis ball remains fully visible with clear boundaries, and its real-world standard size can be used as the scale reference to convert the tennis-ball center pixel trajectory into real displacement. Track only the tennis-ball center and keep a sufficiently long motion interval suitable for quadratic fitting."
82,B1.2,82,A032,"Generate a fixed side-view video of a orange standard basketball on a white low-friction tabletop, slowly decelerating along a straight line, with target acceleration -0.15 m/s². The camera is fixed, with no zoom, rotation, or shake, and the motion direction is approximately parallel to the image plane. Use a simple, uniform background with consistent color and texture, no clutter, no occlusion, and no other similar moving targets. Lighting should be even and stable, with faint soft-edged shadows that do not interfere with automatic segmentation and tracking. The standard basketball remains fully visible with clear boundaries, and its real-world standard size can be used as the scale reference to convert the basketball center pixel trajectory into real displacement. Track only the basketball center and keep a sufficiently long motion interval suitable for quadratic fitting."
83,B1.2,83,A033,"Generate a fixed side-view video of a purple standard hockey puck on a flat lab bench, starting from rest and slowly accelerating along a straight line, with target acceleration 0.06 m/s². The camera is fixed, with no zoom, rotation, or shake, and the motion direction is approximately parallel to the image plane. Use a simple, uniform background with consistent color and texture, no clutter, no occlusion, and no other similar moving targets. Lighting should be even and stable, with faint soft-edged shadows that do not interfere with automatic segmentation and tracking. The standard hockey puck remains fully visible with clear boundaries, and its real-world standard size can be used as the scale reference to convert the puck center pixel trajectory into real displacement. Track only the puck center and keep a sufficiently long motion interval suitable for quadratic fitting."
84,B1.2,84,A034,"Generate a fixed side-view video of a black standard ping-pong ball on a light gray floor, starting from rest and slowly accelerating along a straight line, with target acceleration 0.04 m/s². The camera is fixed, with no zoom, rotation, or shake, and the motion direction is approximately parallel to the image plane. Use a simple, uniform background with consistent color and texture, no clutter, no occlusion, and no other similar moving targets. Lighting should be even and stable, with faint soft-edged shadows that do not interfere with automatic segmentation and tracking. The standard ping-pong ball remains fully visible with clear boundaries, and its real-world standard size can be used as the scale reference to convert the ping-pong-ball center pixel trajectory into real displacement. Track only the ping-pong-ball center and keep a sufficiently long motion interval suitable for quadratic fitting."
85,B1.2,85,A035,"Generate a fixed top-view video of a white standard golf ball on a flat classroom floor, starting from rest and slowly accelerating along a straight line, with target acceleration 0.06 m/s². The camera is fixed directly above the motion plane, with no motion, zoom, or rotation, and the motion plane is approximately parallel to the image plane. Use a simple, uniform background with consistent color and texture, no clutter, no occlusion, and no other similar moving targets. Lighting should be even and stable, with faint soft-edged shadows that do not interfere with automatic segmentation and tracking. The standard golf ball remains fully visible with clear boundaries, and its real-world standard size can be used as the scale reference to convert the golf-ball center pixel trajectory into real displacement. Track only the golf-ball center and keep a sufficiently long motion interval suitable for quadratic fitting."
86,B1.2,86,A036,"Generate a fixed side-view video of a cyan standard soccer ball on a light wooden floor, slowly decelerating along a straight line, with target acceleration -0.10 m/s². The camera is fixed, with no zoom, rotation, or shake, and the motion direction is approximately parallel to the image plane. Use a simple, uniform background with consistent color and texture, no clutter, no occlusion, and no other similar moving targets. Lighting should be even and stable, with faint soft-edged shadows that do not interfere with automatic segmentation and tracking. The standard soccer ball remains fully visible with clear boundaries, and its real-world standard size can be used as the scale reference to convert the soccer-ball center pixel trajectory into real displacement. Track only the soccer-ball center and keep a sufficiently long motion interval suitable for quadratic fitting."
87,B1.2,87,A037,"Generate a fixed side-view video of a pink standard tennis ball on a white tabletop, starting from rest and slowly accelerating along a straight line, with target acceleration 0.12 m/s². The camera is fixed, with no zoom, rotation, or shake, and the motion direction is approximately parallel to the image plane. Use a simple, uniform background with consistent color and texture, no clutter, no occlusion, and no other similar moving targets. Lighting should be even and stable, with faint soft-edged shadows that do not interfere with automatic segmentation and tracking. The standard tennis ball remains fully visible with clear boundaries, and its real-world standard size can be used as the scale reference to convert the tennis-ball center pixel trajectory into real displacement. Track only the tennis-ball center and keep a sufficiently long motion interval suitable for quadratic fitting."
88,B1.2,88,A038,"Generate a fixed side-view video of a red standard basketball on a light indoor floor, starting from rest and slowly accelerating along a straight line, with target acceleration 0.08 m/s². The camera is fixed, with no zoom, rotation, or shake, and the motion direction is approximately parallel to the image plane. Use a simple, uniform background with consistent color and texture, no clutter, no occlusion, and no other similar moving targets. Lighting should be even and stable, with faint soft-edged shadows that do not interfere with automatic segmentation and tracking. The standard basketball remains fully visible with clear boundaries, and its real-world standard size can be used as the scale reference to convert the basketball center pixel trajectory into real displacement. Track only the basketball center and keep a sufficiently long motion interval suitable for quadratic fitting."
89,B1.2,89,A039,"Generate a fixed side-view video of a blue standard hockey puck on a light-colored tabletop, starting from rest and slowly accelerating along a straight line, with target acceleration 0.10 m/s². The camera is fixed, with no zoom, rotation, or shake, and the motion direction is approximately parallel to the image plane. Use a simple, uniform background with consistent color and texture, no clutter, no occlusion, and no other similar moving targets. Lighting should be even and stable, with faint soft-edged shadows that do not interfere with automatic segmentation and tracking. The standard hockey puck remains fully visible with clear boundaries, and its real-world standard size can be used as the scale reference to convert the puck center pixel trajectory into real displacement. Track only the puck center and keep a sufficiently long motion interval suitable for quadratic fitting."
90,B1.2,90,A040,"Generate a fixed top-view video of a green standard ping-pong ball on a gym wooden floor, slowly decelerating along a straight line, with target acceleration -0.04 m/s². The camera is fixed directly above the motion plane, with no motion, zoom, or rotation, and the motion plane is approximately parallel to the image plane. Use a simple, uniform background with consistent color and texture, no clutter, no occlusion, and no other similar moving targets. Lighting should be even and stable, with faint soft-edged shadows that do not interfere with automatic segmentation and tracking. The standard ping-pong ball remains fully visible with clear boundaries, and its real-world standard size can be used as the scale reference to convert the ping-pong-ball center pixel trajectory into real displacement. Track only the ping-pong-ball center and keep a sufficiently long motion interval suitable for quadratic fitting."
91,B1.2,91,A041,"Generate a fixed side-view video of a yellow standard golf ball on a campus hallway floor, starting from rest and slowly accelerating along a straight line, with target acceleration 0.06 m/s². The camera is fixed, with no zoom, rotation, or shake, and the motion direction is approximately parallel to the image plane. Use a simple, uniform background with consistent color and texture, no clutter, no occlusion, and no other similar moving targets. Lighting should be even and stable, with faint soft-edged shadows that do not interfere with automatic segmentation and tracking. The standard golf ball remains fully visible with clear boundaries, and its real-world standard size can be used as the scale reference to convert the golf-ball center pixel trajectory into real displacement. Track only the golf-ball center and keep a sufficiently long motion interval suitable for quadratic fitting."
92,B1.2,92,A042,"Generate a fixed side-view video of a orange standard soccer ball on a white low-friction tabletop, starting from rest and slowly accelerating along a straight line, with target acceleration 0.15 m/s². The camera is fixed, with no zoom, rotation, or shake, and the motion direction is approximately parallel to the image plane. Use a simple, uniform background with consistent color and texture, no clutter, no occlusion, and no other similar moving targets. Lighting should be even and stable, with faint soft-edged shadows that do not interfere with automatic segmentation and tracking. The standard soccer ball remains fully visible with clear boundaries, and its real-world standard size can be used as the scale reference to convert the soccer-ball center pixel trajectory into real displacement. Track only the soccer-ball center and keep a sufficiently long motion interval suitable for quadratic fitting."
93,B1.2,93,A043,"Generate a fixed side-view video of a purple standard tennis ball on a flat lab bench, starting from rest and slowly accelerating along a straight line, with target acceleration 0.06 m/s². The camera is fixed, with no zoom, rotation, or shake, and the motion direction is approximately parallel to the image plane. Use a simple, uniform background with consistent color and texture, no clutter, no occlusion, and no other similar moving targets. Lighting should be even and stable, with faint soft-edged shadows that do not interfere with automatic segmentation and tracking. The standard tennis ball remains fully visible with clear boundaries, and its real-world standard size can be used as the scale reference to convert the tennis-ball center pixel trajectory into real displacement. Track only the tennis-ball center and keep a sufficiently long motion interval suitable for quadratic fitting."
94,B1.2,94,A044,"Generate a fixed side-view video of a black standard basketball on a light gray floor, slowly decelerating along a straight line, with target acceleration -0.12 m/s². The camera is fixed, with no zoom, rotation, or shake, and the motion direction is approximately parallel to the image plane. Use a simple, uniform background with consistent color and texture, no clutter, no occlusion, and no other similar moving targets. Lighting should be even and stable, with faint soft-edged shadows that do not interfere with automatic segmentation and tracking. The standard basketball remains fully visible with clear boundaries, and its real-world standard size can be used as the scale reference to convert the basketball center pixel trajectory into real displacement. Track only the basketball center and keep a sufficiently long motion interval suitable for quadratic fitting."
95,B1.2,95,A045,"Generate a fixed top-view video of a white standard hockey puck on a flat classroom floor, starting from rest and slowly accelerating along a straight line, with target acceleration 0.05 m/s². The camera is fixed directly above the motion plane, with no motion, zoom, or rotation, and the motion plane is approximately parallel to the image plane. Use a simple, uniform background with consistent color and texture, no clutter, no occlusion, and no other similar moving targets. Lighting should be even and stable, with faint soft-edged shadows that do not interfere with automatic segmentation and tracking. The standard hockey puck remains fully visible with clear boundaries, and its real-world standard size can be used as the scale reference to convert the puck center pixel trajectory into real displacement. Track only the puck center and keep a sufficiently long motion interval suitable for quadratic fitting."
96,B1.2,96,A046,"Generate a fixed side-view video of a cyan standard ping-pong ball on a light wooden floor, starting from rest and slowly accelerating along a straight line, with target acceleration 0.04 m/s². The camera is fixed, with no zoom, rotation, or shake, and the motion direction is approximately parallel to the image plane. Use a simple, uniform background with consistent color and texture, no clutter, no occlusion, and no other similar moving targets. Lighting should be even and stable, with faint soft-edged shadows that do not interfere with automatic segmentation and tracking. The standard ping-pong ball remains fully visible with clear boundaries, and its real-world standard size can be used as the scale reference to convert the ping-pong-ball center pixel trajectory into real displacement. Track only the ping-pong-ball center and keep a sufficiently long motion interval suitable for quadratic fitting."
97,B1.2,97,A047,"Generate a fixed side-view video of a pink standard golf ball on a white tabletop, starting from rest and slowly accelerating along a straight line, with target acceleration 0.06 m/s². The camera is fixed, with no zoom, rotation, or shake, and the motion direction is approximately parallel to the image plane. Use a simple, uniform background with consistent color and texture, no clutter, no occlusion, and no other similar moving targets. Lighting should be even and stable, with faint soft-edged shadows that do not interfere with automatic segmentation and tracking. The standard golf ball remains fully visible with clear boundaries, and its real-world standard size can be used as the scale reference to convert the golf-ball center pixel trajectory into real displacement. Track only the golf-ball center and keep a sufficiently long motion interval suitable for quadratic fitting."
98,B1.2,98,A048,"Generate a fixed side-view video of a red standard soccer ball on a light indoor floor, slowly decelerating along a straight line, with target acceleration -0.08 m/s². The camera is fixed, with no zoom, rotation, or shake, and the motion direction is approximately parallel to the image plane. Use a simple, uniform background with consistent color and texture, no clutter, no occlusion, and no other similar moving targets. Lighting should be even and stable, with faint soft-edged shadows that do not interfere with automatic segmentation and tracking. The standard soccer ball remains fully visible with clear boundaries, and its real-world standard size can be used as the scale reference to convert the soccer-ball center pixel trajectory into real displacement. Track only the soccer-ball center and keep a sufficiently long motion interval suitable for quadratic fitting."
99,B1.2,99,A049,"Generate a fixed side-view video of a blue standard tennis ball on a light-colored tabletop, starting from rest and slowly accelerating along a straight line, with target acceleration 0.10 m/s². The camera is fixed, with no zoom, rotation, or shake, and the motion direction is approximately parallel to the image plane. Use a simple, uniform background with consistent color and texture, no clutter, no occlusion, and no other similar moving targets. Lighting should be even and stable, with faint soft-edged shadows that do not interfere with automatic segmentation and tracking. The standard tennis ball remains fully visible with clear boundaries, and its real-world standard size can be used as the scale reference to convert the tennis-ball center pixel trajectory into real displacement. Track only the tennis-ball center and keep a sufficiently long motion interval suitable for quadratic fitting."
100,B1.2,100,A050,"Generate a fixed top-view video of a green standard basketball on a gym wooden floor, starting from rest and slowly accelerating along a straight line, with target acceleration 0.06 m/s². The camera is fixed directly above the motion plane, with no motion, zoom, or rotation, and the motion plane is approximately parallel to the image plane. Use a simple, uniform background with consistent color and texture, no clutter, no occlusion, and no other similar moving targets. Lighting should be even and stable, with faint soft-edged shadows that do not interfere with automatic segmentation and tracking. The standard basketball remains fully visible with clear boundaries, and its real-world standard size can be used as the scale reference to convert the basketball center pixel trajectory into real displacement. Track only the basketball center and keep a sufficiently long motion interval suitable for quadratic fitting."
101,B2,101,G001,"Generate a fixed side-view video of a purple standard tennis ball released from rest and falling vertically in a normal Earth-gravity environment, in a scene beside an indoor lab bench. The camera is fixed, with no zoom, rotation, or shake, and the falling plane is approximately parallel to the image plane. Use a simple, uniform background with consistent color and texture, no clutter, no occlusion, and no other similar moving targets. Lighting should be even and stable, with faint soft-edged shadows that do not interfere with automatic segmentation and tracking. The standard tennis ball remains fully visible with clear boundaries, and its real-world standard size can be used as the scale reference to convert the tennis-ball center vertical pixel trajectory into real vertical displacement. Track only the tennis-ball center and keep a clear vertical falling interval visible."
102,B2,102,G002,"Generate a fixed side-view video of a black standard basketball released from rest and falling vertically in a normal Earth-gravity environment, in a scene inside a gym. The camera is fixed, with no zoom, rotation, or shake, and the falling plane is approximately parallel to the image plane. Use a simple, uniform background with consistent color and texture, no clutter, no occlusion, and no other similar moving targets. Lighting should be even and stable, with faint soft-edged shadows that do not interfere with automatic segmentation and tracking. The standard basketball remains fully visible with clear boundaries, and its real-world standard size can be used as the scale reference to convert the basketball center vertical pixel trajectory into real vertical displacement. Track only the basketball center and keep a clear vertical falling interval visible."
103,B2,103,G003,"Generate a fixed side-view video of a white standard ping-pong ball released from rest and falling vertically in a normal Earth-gravity environment, in a scene in a campus hallway. The camera is fixed, with no zoom, rotation, or shake, and the falling plane is approximately parallel to the image plane. Use a simple, uniform background with consistent color and texture, no clutter, no occlusion, and no other similar moving targets. Lighting should be even and stable, with faint soft-edged shadows that do not interfere with automatic segmentation and tracking. The standard ping-pong ball remains fully visible with clear boundaries, and its real-world standard size can be used as the scale reference to convert the ping-pong-ball center vertical pixel trajectory into real vertical displacement. Track only the ping-pong-ball center and keep a clear vertical falling interval visible."
104,B2,104,G004,"Generate a fixed side-view video of a cyan standard golf ball released from rest and falling vertically in a normal Earth-gravity environment, in a scene in a simple classroom scene. The camera is fixed, with no zoom, rotation, or shake, and the falling plane is approximately parallel to the image plane. Use a simple, uniform background with consistent color and texture, no clutter, no occlusion, and no other similar moving targets. Lighting should be even and stable, with faint soft-edged shadows that do not interfere with automatic segmentation and tracking. The standard golf ball remains fully visible with clear boundaries, and its real-world standard size can be used as the scale reference to convert the golf-ball center vertical pixel trajectory into real vertical displacement. Track only the golf-ball center and keep a clear vertical falling interval visible."
105,B2,105,G005,"Generate a fixed side-view video of a pink standard baseball released from rest and falling vertically in a normal Earth-gravity environment, in a scene in front of a light-colored background. The camera is fixed, with no zoom, rotation, or shake, and the falling plane is approximately parallel to the image plane. Use a simple, uniform background with consistent color and texture, no clutter, no occlusion, and no other similar moving targets. Lighting should be even and stable, with faint soft-edged shadows that do not interfere with automatic segmentation and tracking. The standard baseball remains fully visible with clear boundaries, and its real-world standard size can be used as the scale reference to convert the baseball center vertical pixel trajectory into real vertical displacement. Track only the baseball center and keep a clear vertical falling interval visible."
106,B2,106,G006,"Generate a fixed side-view video of a red standard soccer ball released from rest and falling vertically in a normal Earth-gravity environment, in a scene beside an indoor lab bench. The camera is fixed, with no zoom, rotation, or shake, and the falling plane is approximately parallel to the image plane. Use a simple, uniform background with consistent color and texture, no clutter, no occlusion, and no other similar moving targets. Lighting should be even and stable, with faint soft-edged shadows that do not interfere with automatic segmentation and tracking. The standard soccer ball remains fully visible with clear boundaries, and its real-world standard size can be used as the scale reference to convert the soccer-ball center vertical pixel trajectory into real vertical displacement. Track only the soccer-ball center and keep a clear vertical falling interval visible."
107,B2,107,G007,"Generate a fixed side-view video of a blue standard volleyball released from rest and falling vertically in a normal Earth-gravity environment, in a scene inside a gym. The camera is fixed, with no zoom, rotation, or shake, and the falling plane is approximately parallel to the image plane. Use a simple, uniform background with consistent color and texture, no clutter, no occlusion, and no other similar moving targets. Lighting should be even and stable, with faint soft-edged shadows that do not interfere with automatic segmentation and tracking. The standard volleyball remains fully visible with clear boundaries, and its real-world standard size can be used as the scale reference to convert the volleyball center vertical pixel trajectory into real vertical displacement. Track only the volleyball center and keep a clear vertical falling interval visible."
108,B2,108,G008,"Generate a fixed side-view video of a green standard tennis ball released from rest and falling vertically in a normal Earth-gravity environment, in a scene in a campus hallway. The camera is fixed, with no zoom, rotation, or shake, and the falling plane is approximately parallel to the image plane. Use a simple, uniform background with consistent color and texture, no clutter, no occlusion, and no other similar moving targets. Lighting should be even and stable, with faint soft-edged shadows that do not interfere with automatic segmentation and tracking. The standard tennis ball remains fully visible with clear boundaries, and its real-world standard size can be used as the scale reference to convert the tennis-ball center vertical pixel trajectory into real vertical displacement. Track only the tennis-ball center and keep a clear vertical falling interval visible."
109,B2,109,G009,"Generate a fixed side-view video of a yellow standard basketball released from rest and falling vertically in a normal Earth-gravity environment, in a scene in a simple classroom scene. The camera is fixed, with no zoom, rotation, or shake, and the falling plane is approximately parallel to the image plane. Use a simple, uniform background with consistent color and texture, no clutter, no occlusion, and no other similar moving targets. Lighting should be even and stable, with faint soft-edged shadows that do not interfere with automatic segmentation and tracking. The standard basketball remains fully visible with clear boundaries, and its real-world standard size can be used as the scale reference to convert the basketball center vertical pixel trajectory into real vertical displacement. Track only the basketball center and keep a clear vertical falling interval visible."
110,B2,110,G010,"Generate a fixed side-view video of a orange standard ping-pong ball released from rest and falling vertically in a normal Earth-gravity environment, in a scene in front of a light-colored background. The camera is fixed, with no zoom, rotation, or shake, and the falling plane is approximately parallel to the image plane. Use a simple, uniform background with consistent color and texture, no clutter, no occlusion, and no other similar moving targets. Lighting should be even and stable, with faint soft-edged shadows that do not interfere with automatic segmentation and tracking. The standard ping-pong ball remains fully visible with clear boundaries, and its real-world standard size can be used as the scale reference to convert the ping-pong-ball center vertical pixel trajectory into real vertical displacement. Track only the ping-pong-ball center and keep a clear vertical falling interval visible."
111,B2,111,G011,"Generate a fixed side-view video of a purple standard golf ball released from rest and falling vertically in a normal Earth-gravity environment, in a scene beside an indoor lab bench. The camera is fixed, with no zoom, rotation, or shake, and the falling plane is approximately parallel to the image plane. Use a simple, uniform background with consistent color and texture, no clutter, no occlusion, and no other similar moving targets. Lighting should be even and stable, with faint soft-edged shadows that do not interfere with automatic segmentation and tracking. The standard golf ball remains fully visible with clear boundaries, and its real-world standard size can be used as the scale reference to convert the golf-ball center vertical pixel trajectory into real vertical displacement. Track only the golf-ball center and keep a clear vertical falling interval visible."
112,B2,112,G012,"Generate a fixed side-view video of a black standard baseball released from rest and falling vertically in a normal Earth-gravity environment, in a scene inside a gym. The camera is fixed, with no zoom, rotation, or shake, and the falling plane is approximately parallel to the image plane. Use a simple, uniform background with consistent color and texture, no clutter, no occlusion, and no other similar moving targets. Lighting should be even and stable, with faint soft-edged shadows that do not interfere with automatic segmentation and tracking. The standard baseball remains fully visible with clear boundaries, and its real-world standard size can be used as the scale reference to convert the baseball center vertical pixel trajectory into real vertical displacement. Track only the baseball center and keep a clear vertical falling interval visible."
113,B2,113,G013,"Generate a fixed side-view video of a white standard soccer ball released from rest and falling vertically in a normal Earth-gravity environment, in a scene in a campus hallway. The camera is fixed, with no zoom, rotation, or shake, and the falling plane is approximately parallel to the image plane. Use a simple, uniform background with consistent color and texture, no clutter, no occlusion, and no other similar moving targets. Lighting should be even and stable, with faint soft-edged shadows that do not interfere with automatic segmentation and tracking. The standard soccer ball remains fully visible with clear boundaries, and its real-world standard size can be used as the scale reference to convert the soccer-ball center vertical pixel trajectory into real vertical displacement. Track only the soccer-ball center and keep a clear vertical falling interval visible."
114,B2,114,G014,"Generate a fixed side-view video of a cyan standard volleyball released from rest and falling vertically in a normal Earth-gravity environment, in a scene in a simple classroom scene. The camera is fixed, with no zoom, rotation, or shake, and the falling plane is approximately parallel to the image plane. Use a simple, uniform background with consistent color and texture, no clutter, no occlusion, and no other similar moving targets. Lighting should be even and stable, with faint soft-edged shadows that do not interfere with automatic segmentation and tracking. The standard volleyball remains fully visible with clear boundaries, and its real-world standard size can be used as the scale reference to convert the volleyball center vertical pixel trajectory into real vertical displacement. Track only the volleyball center and keep a clear vertical falling interval visible."
115,B2,115,G015,"Generate a fixed side-view video of a pink standard tennis ball released from rest and falling vertically in a normal Earth-gravity environment, in a scene in front of a light-colored background. The camera is fixed, with no zoom, rotation, or shake, and the falling plane is approximately parallel to the image plane. Use a simple, uniform background with consistent color and texture, no clutter, no occlusion, and no other similar moving targets. Lighting should be even and stable, with faint soft-edged shadows that do not interfere with automatic segmentation and tracking. The standard tennis ball remains fully visible with clear boundaries, and its real-world standard size can be used as the scale reference to convert the tennis-ball center vertical pixel trajectory into real vertical displacement. Track only the tennis-ball center and keep a clear vertical falling interval visible."
116,B2,116,G016,"Generate a fixed side-view video of a red standard basketball released from rest and falling vertically in a normal Earth-gravity environment, in a scene beside an indoor lab bench. The camera is fixed, with no zoom, rotation, or shake, and the falling plane is approximately parallel to the image plane. Use a simple, uniform background with consistent color and texture, no clutter, no occlusion, and no other similar moving targets. Lighting should be even and stable, with faint soft-edged shadows that do not interfere with automatic segmentation and tracking. The standard basketball remains fully visible with clear boundaries, and its real-world standard size can be used as the scale reference to convert the basketball center vertical pixel trajectory into real vertical displacement. Track only the basketball center and keep a clear vertical falling interval visible."
117,B2,117,G017,"Generate a fixed side-view video of a blue standard ping-pong ball released from rest and falling vertically in a normal Earth-gravity environment, in a scene inside a gym. The camera is fixed, with no zoom, rotation, or shake, and the falling plane is approximately parallel to the image plane. Use a simple, uniform background with consistent color and texture, no clutter, no occlusion, and no other similar moving targets. Lighting should be even and stable, with faint soft-edged shadows that do not interfere with automatic segmentation and tracking. The standard ping-pong ball remains fully visible with clear boundaries, and its real-world standard size can be used as the scale reference to convert the ping-pong-ball center vertical pixel trajectory into real vertical displacement. Track only the ping-pong-ball center and keep a clear vertical falling interval visible."
118,B2,118,G018,"Generate a fixed side-view video of a green standard golf ball released from rest and falling vertically in a normal Earth-gravity environment, in a scene in a campus hallway. The camera is fixed, with no zoom, rotation, or shake, and the falling plane is approximately parallel to the image plane. Use a simple, uniform background with consistent color and texture, no clutter, no occlusion, and no other similar moving targets. Lighting should be even and stable, with faint soft-edged shadows that do not interfere with automatic segmentation and tracking. The standard golf ball remains fully visible with clear boundaries, and its real-world standard size can be used as the scale reference to convert the golf-ball center vertical pixel trajectory into real vertical displacement. Track only the golf-ball center and keep a clear vertical falling interval visible."
119,B2,119,G019,"Generate a fixed side-view video of a yellow standard baseball released from rest and falling vertically in a normal Earth-gravity environment, in a scene in a simple classroom scene. The camera is fixed, with no zoom, rotation, or shake, and the falling plane is approximately parallel to the image plane. Use a simple, uniform background with consistent color and texture, no clutter, no occlusion, and no other similar moving targets. Lighting should be even and stable, with faint soft-edged shadows that do not interfere with automatic segmentation and tracking. The standard baseball remains fully visible with clear boundaries, and its real-world standard size can be used as the scale reference to convert the baseball center vertical pixel trajectory into real vertical displacement. Track only the baseball center and keep a clear vertical falling interval visible."
120,B2,120,G020,"Generate a fixed side-view video of a orange standard soccer ball released from rest and falling vertically in a normal Earth-gravity environment, in a scene in front of a light-colored background. The camera is fixed, with no zoom, rotation, or shake, and the falling plane is approximately parallel to the image plane. Use a simple, uniform background with consistent color and texture, no clutter, no occlusion, and no other similar moving targets. Lighting should be even and stable, with faint soft-edged shadows that do not interfere with automatic segmentation and tracking. The standard soccer ball remains fully visible with clear boundaries, and its real-world standard size can be used as the scale reference to convert the soccer-ball center vertical pixel trajectory into real vertical displacement. Track only the soccer-ball center and keep a clear vertical falling interval visible."
121,B2,121,G021,"Generate a fixed side-view video of a purple standard volleyball released from rest and falling vertically in a normal Earth-gravity environment, in a scene beside an indoor lab bench. The camera is fixed, with no zoom, rotation, or shake, and the falling plane is approximately parallel to the image plane. Use a simple, uniform background with consistent color and texture, no clutter, no occlusion, and no other similar moving targets. Lighting should be even and stable, with faint soft-edged shadows that do not interfere with automatic segmentation and tracking. The standard volleyball remains fully visible with clear boundaries, and its real-world standard size can be used as the scale reference to convert the volleyball center vertical pixel trajectory into real vertical displacement. Track only the volleyball center and keep a clear vertical falling interval visible."
122,B2,122,G022,"Generate a fixed side-view video of a black standard tennis ball released from rest and falling vertically in a normal Earth-gravity environment, in a scene inside a gym. The camera is fixed, with no zoom, rotation, or shake, and the falling plane is approximately parallel to the image plane. Use a simple, uniform background with consistent color and texture, no clutter, no occlusion, and no other similar moving targets. Lighting should be even and stable, with faint soft-edged shadows that do not interfere with automatic segmentation and tracking. The standard tennis ball remains fully visible with clear boundaries, and its real-world standard size can be used as the scale reference to convert the tennis-ball center vertical pixel trajectory into real vertical displacement. Track only the tennis-ball center and keep a clear vertical falling interval visible."
123,B2,123,G023,"Generate a fixed side-view video of a white standard basketball released from rest and falling vertically in a normal Earth-gravity environment, in a scene in a campus hallway. The camera is fixed, with no zoom, rotation, or shake, and the falling plane is approximately parallel to the image plane. Use a simple, uniform background with consistent color and texture, no clutter, no occlusion, and no other similar moving targets. Lighting should be even and stable, with faint soft-edged shadows that do not interfere with automatic segmentation and tracking. The standard basketball remains fully visible with clear boundaries, and its real-world standard size can be used as the scale reference to convert the basketball center vertical pixel trajectory into real vertical displacement. Track only the basketball center and keep a clear vertical falling interval visible."
124,B2,124,G024,"Generate a fixed side-view video of a cyan standard ping-pong ball released from rest and falling vertically in a normal Earth-gravity environment, in a scene in a simple classroom scene. The camera is fixed, with no zoom, rotation, or shake, and the falling plane is approximately parallel to the image plane. Use a simple, uniform background with consistent color and texture, no clutter, no occlusion, and no other similar moving targets. Lighting should be even and stable, with faint soft-edged shadows that do not interfere with automatic segmentation and tracking. The standard ping-pong ball remains fully visible with clear boundaries, and its real-world standard size can be used as the scale reference to convert the ping-pong-ball center vertical pixel trajectory into real vertical displacement. Track only the ping-pong-ball center and keep a clear vertical falling interval visible."
125,B2,125,G025,"Generate a fixed side-view video of a pink standard golf ball released from rest and falling vertically in a normal Earth-gravity environment, in a scene in front of a light-colored background. The camera is fixed, with no zoom, rotation, or shake, and the falling plane is approximately parallel to the image plane. Use a simple, uniform background with consistent color and texture, no clutter, no occlusion, and no other similar moving targets. Lighting should be even and stable, with faint soft-edged shadows that do not interfere with automatic segmentation and tracking. The standard golf ball remains fully visible with clear boundaries, and its real-world standard size can be used as the scale reference to convert the golf-ball center vertical pixel trajectory into real vertical displacement. Track only the golf-ball center and keep a clear vertical falling interval visible."
126,B2,126,G026,"Generate a fixed side-view video of a red standard baseball released from rest and falling vertically in a normal Earth-gravity environment, in a scene beside an indoor lab bench. The camera is fixed, with no zoom, rotation, or shake, and the falling plane is approximately parallel to the image plane. Use a simple, uniform background with consistent color and texture, no clutter, no occlusion, and no other similar moving targets. Lighting should be even and stable, with faint soft-edged shadows that do not interfere with automatic segmentation and tracking. The standard baseball remains fully visible with clear boundaries, and its real-world standard size can be used as the scale reference to convert the baseball center vertical pixel trajectory into real vertical displacement. Track only the baseball center and keep a clear vertical falling interval visible."
127,B2,127,G027,"Generate a fixed side-view video of a blue standard soccer ball released from rest and falling vertically in a normal Earth-gravity environment, in a scene inside a gym. The camera is fixed, with no zoom, rotation, or shake, and the falling plane is approximately parallel to the image plane. Use a simple, uniform background with consistent color and texture, no clutter, no occlusion, and no other similar moving targets. Lighting should be even and stable, with faint soft-edged shadows that do not interfere with automatic segmentation and tracking. The standard soccer ball remains fully visible with clear boundaries, and its real-world standard size can be used as the scale reference to convert the soccer-ball center vertical pixel trajectory into real vertical displacement. Track only the soccer-ball center and keep a clear vertical falling interval visible."
128,B2,128,G028,"Generate a fixed side-view video of a green standard volleyball released from rest and falling vertically in a normal Earth-gravity environment, in a scene in a campus hallway. The camera is fixed, with no zoom, rotation, or shake, and the falling plane is approximately parallel to the image plane. Use a simple, uniform background with consistent color and texture, no clutter, no occlusion, and no other similar moving targets. Lighting should be even and stable, with faint soft-edged shadows that do not interfere with automatic segmentation and tracking. The standard volleyball remains fully visible with clear boundaries, and its real-world standard size can be used as the scale reference to convert the volleyball center vertical pixel trajectory into real vertical displacement. Track only the volleyball center and keep a clear vertical falling interval visible."
129,B2,129,G029,"Generate a fixed side-view video of a yellow standard tennis ball released from rest and falling vertically in a normal Earth-gravity environment, in a scene in a simple classroom scene. The camera is fixed, with no zoom, rotation, or shake, and the falling plane is approximately parallel to the image plane. Use a simple, uniform background with consistent color and texture, no clutter, no occlusion, and no other similar moving targets. Lighting should be even and stable, with faint soft-edged shadows that do not interfere with automatic segmentation and tracking. The standard tennis ball remains fully visible with clear boundaries, and its real-world standard size can be used as the scale reference to convert the tennis-ball center vertical pixel trajectory into real vertical displacement. Track only the tennis-ball center and keep a clear vertical falling interval visible."
130,B2,130,G030,"Generate a fixed side-view video of a orange standard basketball released from rest and falling vertically in a normal Earth-gravity environment, in a scene in front of a light-colored background. The camera is fixed, with no zoom, rotation, or shake, and the falling plane is approximately parallel to the image plane. Use a simple, uniform background with consistent color and texture, no clutter, no occlusion, and no other similar moving targets. Lighting should be even and stable, with faint soft-edged shadows that do not interfere with automatic segmentation and tracking. The standard basketball remains fully visible with clear boundaries, and its real-world standard size can be used as the scale reference to convert the basketball center vertical pixel trajectory into real vertical displacement. Track only the basketball center and keep a clear vertical falling interval visible."
131,B2,131,G031,"Generate a fixed side-view video of a purple standard ping-pong ball released from rest and falling vertically in a normal Earth-gravity environment, in a scene beside an indoor lab bench. The camera is fixed, with no zoom, rotation, or shake, and the falling plane is approximately parallel to the image plane. Use a simple, uniform background with consistent color and texture, no clutter, no occlusion, and no other similar moving targets. Lighting should be even and stable, with faint soft-edged shadows that do not interfere with automatic segmentation and tracking. The standard ping-pong ball remains fully visible with clear boundaries, and its real-world standard size can be used as the scale reference to convert the ping-pong-ball center vertical pixel trajectory into real vertical displacement. Track only the ping-pong-ball center and keep a clear vertical falling interval visible."
132,B2,132,G032,"Generate a fixed side-view video of a black standard golf ball released from rest and falling vertically in a normal Earth-gravity environment, in a scene inside a gym. The camera is fixed, with no zoom, rotation, or shake, and the falling plane is approximately parallel to the image plane. Use a simple, uniform background with consistent color and texture, no clutter, no occlusion, and no other similar moving targets. Lighting should be even and stable, with faint soft-edged shadows that do not interfere with automatic segmentation and tracking. The standard golf ball remains fully visible with clear boundaries, and its real-world standard size can be used as the scale reference to convert the golf-ball center vertical pixel trajectory into real vertical displacement. Track only the golf-ball center and keep a clear vertical falling interval visible."
133,B2,133,G033,"Generate a fixed side-view video of a white standard baseball released from rest and falling vertically in a normal Earth-gravity environment, in a scene in a campus hallway. The camera is fixed, with no zoom, rotation, or shake, and the falling plane is approximately parallel to the image plane. Use a simple, uniform background with consistent color and texture, no clutter, no occlusion, and no other similar moving targets. Lighting should be even and stable, with faint soft-edged shadows that do not interfere with automatic segmentation and tracking. The standard baseball remains fully visible with clear boundaries, and its real-world standard size can be used as the scale reference to convert the baseball center vertical pixel trajectory into real vertical displacement. Track only the baseball center and keep a clear vertical falling interval visible."
134,B2,134,G034,"Generate a fixed side-view video of a cyan standard soccer ball released from rest and falling vertically in a normal Earth-gravity environment, in a scene in a simple classroom scene. The camera is fixed, with no zoom, rotation, or shake, and the falling plane is approximately parallel to the image plane. Use a simple, uniform background with consistent color and texture, no clutter, no occlusion, and no other similar moving targets. Lighting should be even and stable, with faint soft-edged shadows that do not interfere with automatic segmentation and tracking. The standard soccer ball remains fully visible with clear boundaries, and its real-world standard size can be used as the scale reference to convert the soccer-ball center vertical pixel trajectory into real vertical displacement. Track only the soccer-ball center and keep a clear vertical falling interval visible."
135,B2,135,G035,"Generate a fixed side-view video of a pink standard volleyball released from rest and falling vertically in a normal Earth-gravity environment, in a scene in front of a light-colored background. The camera is fixed, with no zoom, rotation, or shake, and the falling plane is approximately parallel to the image plane. Use a simple, uniform background with consistent color and texture, no clutter, no occlusion, and no other similar moving targets. Lighting should be even and stable, with faint soft-edged shadows that do not interfere with automatic segmentation and tracking. The standard volleyball remains fully visible with clear boundaries, and its real-world standard size can be used as the scale reference to convert the volleyball center vertical pixel trajectory into real vertical displacement. Track only the volleyball center and keep a clear vertical falling interval visible."
136,B2,136,G036,"Generate a fixed side-view video of a red standard tennis ball released from rest and falling vertically in a normal Earth-gravity environment, in a scene beside an indoor lab bench. The camera is fixed, with no zoom, rotation, or shake, and the falling plane is approximately parallel to the image plane. Use a simple, uniform background with consistent color and texture, no clutter, no occlusion, and no other similar moving targets. Lighting should be even and stable, with faint soft-edged shadows that do not interfere with automatic segmentation and tracking. The standard tennis ball remains fully visible with clear boundaries, and its real-world standard size can be used as the scale reference to convert the tennis-ball center vertical pixel trajectory into real vertical displacement. Track only the tennis-ball center and keep a clear vertical falling interval visible."
137,B2,137,G037,"Generate a fixed side-view video of a blue standard basketball released from rest and falling vertically in a normal Earth-gravity environment, in a scene inside a gym. The camera is fixed, with no zoom, rotation, or shake, and the falling plane is approximately parallel to the image plane. Use a simple, uniform background with consistent color and texture, no clutter, no occlusion, and no other similar moving targets. Lighting should be even and stable, with faint soft-edged shadows that do not interfere with automatic segmentation and tracking. The standard basketball remains fully visible with clear boundaries, and its real-world standard size can be used as the scale reference to convert the basketball center vertical pixel trajectory into real vertical displacement. Track only the basketball center and keep a clear vertical falling interval visible."
138,B2,138,G038,"Generate a fixed side-view video of a green standard ping-pong ball released from rest and falling vertically in a normal Earth-gravity environment, in a scene in a campus hallway. The camera is fixed, with no zoom, rotation, or shake, and the falling plane is approximately parallel to the image plane. Use a simple, uniform background with consistent color and texture, no clutter, no occlusion, and no other similar moving targets. Lighting should be even and stable, with faint soft-edged shadows that do not interfere with automatic segmentation and tracking. The standard ping-pong ball remains fully visible with clear boundaries, and its real-world standard size can be used as the scale reference to convert the ping-pong-ball center vertical pixel trajectory into real vertical displacement. Track only the ping-pong-ball center and keep a clear vertical falling interval visible."
139,B2,139,G039,"Generate a fixed side-view video of a yellow standard golf ball released from rest and falling vertically in a normal Earth-gravity environment, in a scene in a simple classroom scene. The camera is fixed, with no zoom, rotation, or shake, and the falling plane is approximately parallel to the image plane. Use a simple, uniform background with consistent color and texture, no clutter, no occlusion, and no other similar moving targets. Lighting should be even and stable, with faint soft-edged shadows that do not interfere with automatic segmentation and tracking. The standard golf ball remains fully visible with clear boundaries, and its real-world standard size can be used as the scale reference to convert the golf-ball center vertical pixel trajectory into real vertical displacement. Track only the golf-ball center and keep a clear vertical falling interval visible."
140,B2,140,G040,"Generate a fixed side-view video of a orange standard baseball released from rest and falling vertically in a normal Earth-gravity environment, in a scene in front of a light-colored background. The camera is fixed, with no zoom, rotation, or shake, and the falling plane is approximately parallel to the image plane. Use a simple, uniform background with consistent color and texture, no clutter, no occlusion, and no other similar moving targets. Lighting should be even and stable, with faint soft-edged shadows that do not interfere with automatic segmentation and tracking. The standard baseball remains fully visible with clear boundaries, and its real-world standard size can be used as the scale reference to convert the baseball center vertical pixel trajectory into real vertical displacement. Track only the baseball center and keep a clear vertical falling interval visible."
141,B2,141,G041,"Generate a fixed side-view video of a purple standard soccer ball released from rest and falling vertically in a normal Earth-gravity environment, in a scene beside an indoor lab bench. The camera is fixed, with no zoom, rotation, or shake, and the falling plane is approximately parallel to the image plane. Use a simple, uniform background with consistent color and texture, no clutter, no occlusion, and no other similar moving targets. Lighting should be even and stable, with faint soft-edged shadows that do not interfere with automatic segmentation and tracking. The standard soccer ball remains fully visible with clear boundaries, and its real-world standard size can be used as the scale reference to convert the soccer-ball center vertical pixel trajectory into real vertical displacement. Track only the soccer-ball center and keep a clear vertical falling interval visible."
142,B2,142,G042,"Generate a fixed side-view video of a black standard volleyball released from rest and falling vertically in a normal Earth-gravity environment, in a scene inside a gym. The camera is fixed, with no zoom, rotation, or shake, and the falling plane is approximately parallel to the image plane. Use a simple, uniform background with consistent color and texture, no clutter, no occlusion, and no other similar moving targets. Lighting should be even and stable, with faint soft-edged shadows that do not interfere with automatic segmentation and tracking. The standard volleyball remains fully visible with clear boundaries, and its real-world standard size can be used as the scale reference to convert the volleyball center vertical pixel trajectory into real vertical displacement. Track only the volleyball center and keep a clear vertical falling interval visible."
143,B2,143,G043,"Generate a fixed side-view video of a white standard tennis ball released from rest and falling vertically in a normal Earth-gravity environment, in a scene in a campus hallway. The camera is fixed, with no zoom, rotation, or shake, and the falling plane is approximately parallel to the image plane. Use a simple, uniform background with consistent color and texture, no clutter, no occlusion, and no other similar moving targets. Lighting should be even and stable, with faint soft-edged shadows that do not interfere with automatic segmentation and tracking. The standard tennis ball remains fully visible with clear boundaries, and its real-world standard size can be used as the scale reference to convert the tennis-ball center vertical pixel trajectory into real vertical displacement. Track only the tennis-ball center and keep a clear vertical falling interval visible."
144,B2,144,G044,"Generate a fixed side-view video of a cyan standard basketball released from rest and falling vertically in a normal Earth-gravity environment, in a scene in a simple classroom scene. The camera is fixed, with no zoom, rotation, or shake, and the falling plane is approximately parallel to the image plane. Use a simple, uniform background with consistent color and texture, no clutter, no occlusion, and no other similar moving targets. Lighting should be even and stable, with faint soft-edged shadows that do not interfere with automatic segmentation and tracking. The standard basketball remains fully visible with clear boundaries, and its real-world standard size can be used as the scale reference to convert the basketball center vertical pixel trajectory into real vertical displacement. Track only the basketball center and keep a clear vertical falling interval visible."
145,B2,145,G045,"Generate a fixed side-view video of a pink standard ping-pong ball released from rest and falling vertically in a normal Earth-gravity environment, in a scene in front of a light-colored background. The camera is fixed, with no zoom, rotation, or shake, and the falling plane is approximately parallel to the image plane. Use a simple, uniform background with consistent color and texture, no clutter, no occlusion, and no other similar moving targets. Lighting should be even and stable, with faint soft-edged shadows that do not interfere with automatic segmentation and tracking. The standard ping-pong ball remains fully visible with clear boundaries, and its real-world standard size can be used as the scale reference to convert the ping-pong-ball center vertical pixel trajectory into real vertical displacement. Track only the ping-pong-ball center and keep a clear vertical falling interval visible."
146,B2,146,G046,"Generate a fixed side-view video of a red standard golf ball released from rest and falling vertically in a normal Earth-gravity environment, in a scene beside an indoor lab bench. The camera is fixed, with no zoom, rotation, or shake, and the falling plane is approximately parallel to the image plane. Use a simple, uniform background with consistent color and texture, no clutter, no occlusion, and no other similar moving targets. Lighting should be even and stable, with faint soft-edged shadows that do not interfere with automatic segmentation and tracking. The standard golf ball remains fully visible with clear boundaries, and its real-world standard size can be used as the scale reference to convert the golf-ball center vertical pixel trajectory into real vertical displacement. Track only the golf-ball center and keep a clear vertical falling interval visible."
147,B2,147,G047,"Generate a fixed side-view video of a blue standard baseball released from rest and falling vertically in a normal Earth-gravity environment, in a scene inside a gym. The camera is fixed, with no zoom, rotation, or shake, and the falling plane is approximately parallel to the image plane. Use a simple, uniform background with consistent color and texture, no clutter, no occlusion, and no other similar moving targets. Lighting should be even and stable, with faint soft-edged shadows that do not interfere with automatic segmentation and tracking. The standard baseball remains fully visible with clear boundaries, and its real-world standard size can be used as the scale reference to convert the baseball center vertical pixel trajectory into real vertical displacement. Track only the baseball center and keep a clear vertical falling interval visible."
148,B2,148,G048,"Generate a fixed side-view video of a green standard soccer ball released from rest and falling vertically in a normal Earth-gravity environment, in a scene in a campus hallway. The camera is fixed, with no zoom, rotation, or shake, and the falling plane is approximately parallel to the image plane. Use a simple, uniform background with consistent color and texture, no clutter, no occlusion, and no other similar moving targets. Lighting should be even and stable, with faint soft-edged shadows that do not interfere with automatic segmentation and tracking. The standard soccer ball remains fully visible with clear boundaries, and its real-world standard size can be used as the scale reference to convert the soccer-ball center vertical pixel trajectory into real vertical displacement. Track only the soccer-ball center and keep a clear vertical falling interval visible."
149,B2,149,G049,"Generate a fixed side-view video of a yellow standard volleyball released from rest and falling vertically in a normal Earth-gravity environment, in a scene in a simple classroom scene. The camera is fixed, with no zoom, rotation, or shake, and the falling plane is approximately parallel to the image plane. Use a simple, uniform background with consistent color and texture, no clutter, no occlusion, and no other similar moving targets. Lighting should be even and stable, with faint soft-edged shadows that do not interfere with automatic segmentation and tracking. The standard volleyball remains fully visible with clear boundaries, and its real-world standard size can be used as the scale reference to convert the volleyball center vertical pixel trajectory into real vertical displacement. Track only the volleyball center and keep a clear vertical falling interval visible."
150,B2,150,G050,"Generate a fixed side-view video of a orange standard tennis ball released from rest and falling vertically in a normal Earth-gravity environment, in a scene in front of a light-colored background. The camera is fixed, with no zoom, rotation, or shake, and the falling plane is approximately parallel to the image plane. Use a simple, uniform background with consistent color and texture, no clutter, no occlusion, and no other similar moving targets. Lighting should be even and stable, with faint soft-edged shadows that do not interfere with automatic segmentation and tracking. The standard tennis ball remains fully visible with clear boundaries, and its real-world standard size can be used as the scale reference to convert the tennis-ball center vertical pixel trajectory into real vertical displacement. Track only the tennis-ball center and keep a clear vertical falling interval visible."
151,B3.1,151,F001,"Generate a fixed near-perfect side-view video of a green square slider sliding in a straight line on a horizontal wooden tabletop and gradually coming to rest, with kinetic friction coefficient μ = 0.15. The slider front face is a clearly visible square with side length 8 cm. Use a fixed near-perfect side view, with no motion, zoom, rotation, or shake; the camera optical axis is approximately perpendicular to the front face of the slider, so the slider appears as almost one visible face, with only slight perspective imperfection allowed. The slider motion direction is approximately parallel to the image plane. Use a simple, uniform background with consistent color and texture, no clutter, no occlusion, and no other similar moving targets. Lighting should be even and stable, with faint soft-edged shadows that do not interfere with automatic segmentation and tracking. The slider remains fully visible with clear boundaries, and the 8 cm side length can be used as the scale source for pixel-to-real-length calibration. Track only the slider center and keep the sliding start, speed decay, and near-stop interval visible."
152,B3.1,152,F002,"Generate a fixed near-perfect side-view video of a yellow square slider sliding in a straight line on a horizontal rubber-mat surface and gradually coming to rest, with kinetic friction coefficient μ = 0.22. The slider front face is a clearly visible square with side length 10 cm. Use a fixed near-perfect side view, with no motion, zoom, rotation, or shake; the camera optical axis is approximately perpendicular to the front face of the slider, so the slider appears as almost one visible face, with only slight perspective imperfection allowed. The slider motion direction is approximately parallel to the image plane. Use a simple, uniform background with consistent color and texture, no clutter, no occlusion, and no other similar moving targets. Lighting should be even and stable, with faint soft-edged shadows that do not interfere with automatic segmentation and tracking. The slider remains fully visible with clear boundaries, and the 10 cm side length can be used as the scale source for pixel-to-real-length calibration. Track only the slider center and keep the sliding start, speed decay, and near-stop interval visible."
153,B3.1,153,F003,"Generate a fixed near-perfect side-view video of a orange square slider sliding in a straight line on a horizontal plastic board and gradually coming to rest, with kinetic friction coefficient μ = 0.30. The slider front face is a clearly visible square with side length 6 cm. Use a fixed near-perfect side view, with no motion, zoom, rotation, or shake; the camera optical axis is approximately perpendicular to the front face of the slider, so the slider appears as almost one visible face, with only slight perspective imperfection allowed. The slider motion direction is approximately parallel to the image plane. Use a simple, uniform background with consistent color and texture, no clutter, no occlusion, and no other similar moving targets. Lighting should be even and stable, with faint soft-edged shadows that do not interfere with automatic segmentation and tracking. The slider remains fully visible with clear boundaries, and the 6 cm side length can be used as the scale source for pixel-to-real-length calibration. Track only the slider center and keep the sliding start, speed decay, and near-stop interval visible."
154,B3.1,154,F004,"Generate a fixed near-perfect side-view video of a purple square slider sliding in a straight line on a horizontal tile floor and gradually coming to rest, with kinetic friction coefficient μ = 0.08. The slider front face is a clearly visible square with side length 8 cm. Use a fixed near-perfect side view, with no motion, zoom, rotation, or shake; the camera optical axis is approximately perpendicular to the front face of the slider, so the slider appears as almost one visible face, with only slight perspective imperfection allowed. The slider motion direction is approximately parallel to the image plane. Use a simple, uniform background with consistent color and texture, no clutter, no occlusion, and no other similar moving targets. Lighting should be even and stable, with faint soft-edged shadows that do not interfere with automatic segmentation and tracking. The slider remains fully visible with clear boundaries, and the 8 cm side length can be used as the scale source for pixel-to-real-length calibration. Track only the slider center and keep the sliding start, speed decay, and near-stop interval visible."
155,B3.1,155,F005,"Generate a fixed top-view video of a black square slider sliding in a straight line on a horizontal composite-board surface and gradually coming to rest, with kinetic friction coefficient μ = 0.15. The slider top face is a clearly visible square with side length 10 cm. The camera is fixed directly above the slider motion plane, with no motion, zoom, or rotation; the motion plane is approximately parallel to the image plane. Use a simple, uniform background with consistent color and texture, no clutter, no occlusion, and no other similar moving targets. Lighting should be even and stable, with faint soft-edged shadows that do not interfere with automatic segmentation and tracking. The slider remains fully visible with clear boundaries, and the 10 cm side length can be used as the scale source for pixel-to-real-length calibration. Track only the slider center and keep the sliding start, speed decay, and near-stop interval visible."
156,B3.1,156,F006,"Generate a fixed near-perfect side-view video of a white square slider sliding in a straight line on a horizontal lab bench and gradually coming to rest, with kinetic friction coefficient μ = 0.22. The slider front face is a clearly visible square with side length 6 cm. Use a fixed near-perfect side view, with no motion, zoom, rotation, or shake; the camera optical axis is approximately perpendicular to the front face of the slider, so the slider appears as almost one visible face, with only slight perspective imperfection allowed. The slider motion direction is approximately parallel to the image plane. Use a simple, uniform background with consistent color and texture, no clutter, no occlusion, and no other similar moving targets. Lighting should be even and stable, with faint soft-edged shadows that do not interfere with automatic segmentation and tracking. The slider remains fully visible with clear boundaries, and the 6 cm side length can be used as the scale source for pixel-to-real-length calibration. Track only the slider center and keep the sliding start, speed decay, and near-stop interval visible."
157,B3.1,157,F007,"Generate a fixed near-perfect side-view video of a cyan square slider sliding in a straight line on a horizontal wooden tabletop and gradually coming to rest, with kinetic friction coefficient μ = 0.30. The slider front face is a clearly visible square with side length 8 cm. Use a fixed near-perfect side view, with no motion, zoom, rotation, or shake; the camera optical axis is approximately perpendicular to the front face of the slider, so the slider appears as almost one visible face, with only slight perspective imperfection allowed. The slider motion direction is approximately parallel to the image plane. Use a simple, uniform background with consistent color and texture, no clutter, no occlusion, and no other similar moving targets. Lighting should be even and stable, with faint soft-edged shadows that do not interfere with automatic segmentation and tracking. The slider remains fully visible with clear boundaries, and the 8 cm side length can be used as the scale source for pixel-to-real-length calibration. Track only the slider center and keep the sliding start, speed decay, and near-stop interval visible."
158,B3.1,158,F008,"Generate a fixed near-perfect side-view video of a pink square slider sliding in a straight line on a horizontal rubber-mat surface and gradually coming to rest, with kinetic friction coefficient μ = 0.08. The slider front face is a clearly visible square with side length 10 cm. Use a fixed near-perfect side view, with no motion, zoom, rotation, or shake; the camera optical axis is approximately perpendicular to the front face of the slider, so the slider appears as almost one visible face, with only slight perspective imperfection allowed. The slider motion direction is approximately parallel to the image plane. Use a simple, uniform background with consistent color and texture, no clutter, no occlusion, and no other similar moving targets. Lighting should be even and stable, with faint soft-edged shadows that do not interfere with automatic segmentation and tracking. The slider remains fully visible with clear boundaries, and the 10 cm side length can be used as the scale source for pixel-to-real-length calibration. Track only the slider center and keep the sliding start, speed decay, and near-stop interval visible."
159,B3.1,159,F009,"Generate a fixed near-perfect side-view video of a red square slider sliding in a straight line on a horizontal plastic board and gradually coming to rest, with kinetic friction coefficient μ = 0.15. The slider front face is a clearly visible square with side length 6 cm. Use a fixed near-perfect side view, with no motion, zoom, rotation, or shake; the camera optical axis is approximately perpendicular to the front face of the slider, so the slider appears as almost one visible face, with only slight perspective imperfection allowed. The slider motion direction is approximately parallel to the image plane. Use a simple, uniform background with consistent color and texture, no clutter, no occlusion, and no other similar moving targets. Lighting should be even and stable, with faint soft-edged shadows that do not interfere with automatic segmentation and tracking. The slider remains fully visible with clear boundaries, and the 6 cm side length can be used as the scale source for pixel-to-real-length calibration. Track only the slider center and keep the sliding start, speed decay, and near-stop interval visible."
160,B3.1,160,F010,"Generate a fixed top-view video of a blue square slider sliding in a straight line on a horizontal tile floor and gradually coming to rest, with kinetic friction coefficient μ = 0.22. The slider top face is a clearly visible square with side length 8 cm. The camera is fixed directly above the slider motion plane, with no motion, zoom, or rotation; the motion plane is approximately parallel to the image plane. Use a simple, uniform background with consistent color and texture, no clutter, no occlusion, and no other similar moving targets. Lighting should be even and stable, with faint soft-edged shadows that do not interfere with automatic segmentation and tracking. The slider remains fully visible with clear boundaries, and the 8 cm side length can be used as the scale source for pixel-to-real-length calibration. Track only the slider center and keep the sliding start, speed decay, and near-stop interval visible."
161,B3.1,161,F011,"Generate a fixed near-perfect side-view video of a green square slider sliding in a straight line on a horizontal composite-board surface and gradually coming to rest, with kinetic friction coefficient μ = 0.30. The slider front face is a clearly visible square with side length 10 cm. Use a fixed near-perfect side view, with no motion, zoom, rotation, or shake; the camera optical axis is approximately perpendicular to the front face of the slider, so the slider appears as almost one visible face, with only slight perspective imperfection allowed. The slider motion direction is approximately parallel to the image plane. Use a simple, uniform background with consistent color and texture, no clutter, no occlusion, and no other similar moving targets. Lighting should be even and stable, with faint soft-edged shadows that do not interfere with automatic segmentation and tracking. The slider remains fully visible with clear boundaries, and the 10 cm side length can be used as the scale source for pixel-to-real-length calibration. Track only the slider center and keep the sliding start, speed decay, and near-stop interval visible."
162,B3.1,162,F012,"Generate a fixed near-perfect side-view video of a yellow square slider sliding in a straight line on a horizontal lab bench and gradually coming to rest, with kinetic friction coefficient μ = 0.08. The slider front face is a clearly visible square with side length 6 cm. Use a fixed near-perfect side view, with no motion, zoom, rotation, or shake; the camera optical axis is approximately perpendicular to the front face of the slider, so the slider appears as almost one visible face, with only slight perspective imperfection allowed. The slider motion direction is approximately parallel to the image plane. Use a simple, uniform background with consistent color and texture, no clutter, no occlusion, and no other similar moving targets. Lighting should be even and stable, with faint soft-edged shadows that do not interfere with automatic segmentation and tracking. The slider remains fully visible with clear boundaries, and the 6 cm side length can be used as the scale source for pixel-to-real-length calibration. Track only the slider center and keep the sliding start, speed decay, and near-stop interval visible."
163,B3.1,163,F013,"Generate a fixed near-perfect side-view video of a orange square slider sliding in a straight line on a horizontal wooden tabletop and gradually coming to rest, with kinetic friction coefficient μ = 0.15. The slider front face is a clearly visible square with side length 8 cm. Use a fixed near-perfect side view, with no motion, zoom, rotation, or shake; the camera optical axis is approximately perpendicular to the front face of the slider, so the slider appears as almost one visible face, with only slight perspective imperfection allowed. The slider motion direction is approximately parallel to the image plane. Use a simple, uniform background with consistent color and texture, no clutter, no occlusion, and no other similar moving targets. Lighting should be even and stable, with faint soft-edged shadows that do not interfere with automatic segmentation and tracking. The slider remains fully visible with clear boundaries, and the 8 cm side length can be used as the scale source for pixel-to-real-length calibration. Track only the slider center and keep the sliding start, speed decay, and near-stop interval visible."
164,B3.1,164,F014,"Generate a fixed near-perfect side-view video of a purple square slider sliding in a straight line on a horizontal rubber-mat surface and gradually coming to rest, with kinetic friction coefficient μ = 0.22. The slider front face is a clearly visible square with side length 10 cm. Use a fixed near-perfect side view, with no motion, zoom, rotation, or shake; the camera optical axis is approximately perpendicular to the front face of the slider, so the slider appears as almost one visible face, with only slight perspective imperfection allowed. The slider motion direction is approximately parallel to the image plane. Use a simple, uniform background with consistent color and texture, no clutter, no occlusion, and no other similar moving targets. Lighting should be even and stable, with faint soft-edged shadows that do not interfere with automatic segmentation and tracking. The slider remains fully visible with clear boundaries, and the 10 cm side length can be used as the scale source for pixel-to-real-length calibration. Track only the slider center and keep the sliding start, speed decay, and near-stop interval visible."
165,B3.1,165,F015,"Generate a fixed top-view video of a black square slider sliding in a straight line on a horizontal plastic board and gradually coming to rest, with kinetic friction coefficient μ = 0.30. The slider top face is a clearly visible square with side length 6 cm. The camera is fixed directly above the slider motion plane, with no motion, zoom, or rotation; the motion plane is approximately parallel to the image plane. Use a simple, uniform background with consistent color and texture, no clutter, no occlusion, and no other similar moving targets. Lighting should be even and stable, with faint soft-edged shadows that do not interfere with automatic segmentation and tracking. The slider remains fully visible with clear boundaries, and the 6 cm side length can be used as the scale source for pixel-to-real-length calibration. Track only the slider center and keep the sliding start, speed decay, and near-stop interval visible."
166,B3.1,166,F016,"Generate a fixed near-perfect side-view video of a white square slider sliding in a straight line on a horizontal tile floor and gradually coming to rest, with kinetic friction coefficient μ = 0.08. The slider front face is a clearly visible square with side length 8 cm. Use a fixed near-perfect side view, with no motion, zoom, rotation, or shake; the camera optical axis is approximately perpendicular to the front face of the slider, so the slider appears as almost one visible face, with only slight perspective imperfection allowed. The slider motion direction is approximately parallel to the image plane. Use a simple, uniform background with consistent color and texture, no clutter, no occlusion, and no other similar moving targets. Lighting should be even and stable, with faint soft-edged shadows that do not interfere with automatic segmentation and tracking. The slider remains fully visible with clear boundaries, and the 8 cm side length can be used as the scale source for pixel-to-real-length calibration. Track only the slider center and keep the sliding start, speed decay, and near-stop interval visible."
167,B3.1,167,F017,"Generate a fixed near-perfect side-view video of a cyan square slider sliding in a straight line on a horizontal composite-board surface and gradually coming to rest, with kinetic friction coefficient μ = 0.15. The slider front face is a clearly visible square with side length 10 cm. Use a fixed near-perfect side view, with no motion, zoom, rotation, or shake; the camera optical axis is approximately perpendicular to the front face of the slider, so the slider appears as almost one visible face, with only slight perspective imperfection allowed. The slider motion direction is approximately parallel to the image plane. Use a simple, uniform background with consistent color and texture, no clutter, no occlusion, and no other similar moving targets. Lighting should be even and stable, with faint soft-edged shadows that do not interfere with automatic segmentation and tracking. The slider remains fully visible with clear boundaries, and the 10 cm side length can be used as the scale source for pixel-to-real-length calibration. Track only the slider center and keep the sliding start, speed decay, and near-stop interval visible."
168,B3.1,168,F018,"Generate a fixed near-perfect side-view video of a pink square slider sliding in a straight line on a horizontal lab bench and gradually coming to rest, with kinetic friction coefficient μ = 0.22. The slider front face is a clearly visible square with side length 6 cm. Use a fixed near-perfect side view, with no motion, zoom, rotation, or shake; the camera optical axis is approximately perpendicular to the front face of the slider, so the slider appears as almost one visible face, with only slight perspective imperfection allowed. The slider motion direction is approximately parallel to the image plane. Use a simple, uniform background with consistent color and texture, no clutter, no occlusion, and no other similar moving targets. Lighting should be even and stable, with faint soft-edged shadows that do not interfere with automatic segmentation and tracking. The slider remains fully visible with clear boundaries, and the 6 cm side length can be used as the scale source for pixel-to-real-length calibration. Track only the slider center and keep the sliding start, speed decay, and near-stop interval visible."
169,B3.1,169,F019,"Generate a fixed near-perfect side-view video of a red square slider sliding in a straight line on a horizontal wooden tabletop and gradually coming to rest, with kinetic friction coefficient μ = 0.30. The slider front face is a clearly visible square with side length 8 cm. Use a fixed near-perfect side view, with no motion, zoom, rotation, or shake; the camera optical axis is approximately perpendicular to the front face of the slider, so the slider appears as almost one visible face, with only slight perspective imperfection allowed. The slider motion direction is approximately parallel to the image plane. Use a simple, uniform background with consistent color and texture, no clutter, no occlusion, and no other similar moving targets. Lighting should be even and stable, with faint soft-edged shadows that do not interfere with automatic segmentation and tracking. The slider remains fully visible with clear boundaries, and the 8 cm side length can be used as the scale source for pixel-to-real-length calibration. Track only the slider center and keep the sliding start, speed decay, and near-stop interval visible."
170,B3.1,170,F020,"Generate a fixed top-view video of a blue square slider sliding in a straight line on a horizontal rubber-mat surface and gradually coming to rest, with kinetic friction coefficient μ = 0.08. The slider top face is a clearly visible square with side length 10 cm. The camera is fixed directly above the slider motion plane, with no motion, zoom, or rotation; the motion plane is approximately parallel to the image plane. Use a simple, uniform background with consistent color and texture, no clutter, no occlusion, and no other similar moving targets. Lighting should be even and stable, with faint soft-edged shadows that do not interfere with automatic segmentation and tracking. The slider remains fully visible with clear boundaries, and the 10 cm side length can be used as the scale source for pixel-to-real-length calibration. Track only the slider center and keep the sliding start, speed decay, and near-stop interval visible."
171,B3.1,171,F021,"Generate a fixed near-perfect side-view video of a green square slider sliding in a straight line on a horizontal plastic board and gradually coming to rest, with kinetic friction coefficient μ = 0.15. The slider front face is a clearly visible square with side length 6 cm. Use a fixed near-perfect side view, with no motion, zoom, rotation, or shake; the camera optical axis is approximately perpendicular to the front face of the slider, so the slider appears as almost one visible face, with only slight perspective imperfection allowed. The slider motion direction is approximately parallel to the image plane. Use a simple, uniform background with consistent color and texture, no clutter, no occlusion, and no other similar moving targets. Lighting should be even and stable, with faint soft-edged shadows that do not interfere with automatic segmentation and tracking. The slider remains fully visible with clear boundaries, and the 6 cm side length can be used as the scale source for pixel-to-real-length calibration. Track only the slider center and keep the sliding start, speed decay, and near-stop interval visible."
172,B3.1,172,F022,"Generate a fixed near-perfect side-view video of a yellow square slider sliding in a straight line on a horizontal tile floor and gradually coming to rest, with kinetic friction coefficient μ = 0.22. The slider front face is a clearly visible square with side length 8 cm. Use a fixed near-perfect side view, with no motion, zoom, rotation, or shake; the camera optical axis is approximately perpendicular to the front face of the slider, so the slider appears as almost one visible face, with only slight perspective imperfection allowed. The slider motion direction is approximately parallel to the image plane. Use a simple, uniform background with consistent color and texture, no clutter, no occlusion, and no other similar moving targets. Lighting should be even and stable, with faint soft-edged shadows that do not interfere with automatic segmentation and tracking. The slider remains fully visible with clear boundaries, and the 8 cm side length can be used as the scale source for pixel-to-real-length calibration. Track only the slider center and keep the sliding start, speed decay, and near-stop interval visible."
173,B3.1,173,F023,"Generate a fixed near-perfect side-view video of a orange square slider sliding in a straight line on a horizontal composite-board surface and gradually coming to rest, with kinetic friction coefficient μ = 0.30. The slider front face is a clearly visible square with side length 10 cm. Use a fixed near-perfect side view, with no motion, zoom, rotation, or shake; the camera optical axis is approximately perpendicular to the front face of the slider, so the slider appears as almost one visible face, with only slight perspective imperfection allowed. The slider motion direction is approximately parallel to the image plane. Use a simple, uniform background with consistent color and texture, no clutter, no occlusion, and no other similar moving targets. Lighting should be even and stable, with faint soft-edged shadows that do not interfere with automatic segmentation and tracking. The slider remains fully visible with clear boundaries, and the 10 cm side length can be used as the scale source for pixel-to-real-length calibration. Track only the slider center and keep the sliding start, speed decay, and near-stop interval visible."
174,B3.1,174,F024,"Generate a fixed near-perfect side-view video of a purple square slider sliding in a straight line on a horizontal lab bench and gradually coming to rest, with kinetic friction coefficient μ = 0.08. The slider front face is a clearly visible square with side length 6 cm. Use a fixed near-perfect side view, with no motion, zoom, rotation, or shake; the camera optical axis is approximately perpendicular to the front face of the slider, so the slider appears as almost one visible face, with only slight perspective imperfection allowed. The slider motion direction is approximately parallel to the image plane. Use a simple, uniform background with consistent color and texture, no clutter, no occlusion, and no other similar moving targets. Lighting should be even and stable, with faint soft-edged shadows that do not interfere with automatic segmentation and tracking. The slider remains fully visible with clear boundaries, and the 6 cm side length can be used as the scale source for pixel-to-real-length calibration. Track only the slider center and keep the sliding start, speed decay, and near-stop interval visible."
175,B3.1,175,F025,"Generate a fixed top-view video of a black square slider sliding in a straight line on a horizontal wooden tabletop and gradually coming to rest, with kinetic friction coefficient μ = 0.15. The slider top face is a clearly visible square with side length 8 cm. The camera is fixed directly above the slider motion plane, with no motion, zoom, or rotation; the motion plane is approximately parallel to the image plane. Use a simple, uniform background with consistent color and texture, no clutter, no occlusion, and no other similar moving targets. Lighting should be even and stable, with faint soft-edged shadows that do not interfere with automatic segmentation and tracking. The slider remains fully visible with clear boundaries, and the 8 cm side length can be used as the scale source for pixel-to-real-length calibration. Track only the slider center and keep the sliding start, speed decay, and near-stop interval visible."
176,B3.1,176,F026,"Generate a fixed near-perfect side-view video of a white square slider sliding in a straight line on a horizontal rubber-mat surface and gradually coming to rest, with kinetic friction coefficient μ = 0.22. The slider front face is a clearly visible square with side length 10 cm. Use a fixed near-perfect side view, with no motion, zoom, rotation, or shake; the camera optical axis is approximately perpendicular to the front face of the slider, so the slider appears as almost one visible face, with only slight perspective imperfection allowed. The slider motion direction is approximately parallel to the image plane. Use a simple, uniform background with consistent color and texture, no clutter, no occlusion, and no other similar moving targets. Lighting should be even and stable, with faint soft-edged shadows that do not interfere with automatic segmentation and tracking. The slider remains fully visible with clear boundaries, and the 10 cm side length can be used as the scale source for pixel-to-real-length calibration. Track only the slider center and keep the sliding start, speed decay, and near-stop interval visible."
177,B3.1,177,F027,"Generate a fixed near-perfect side-view video of a cyan square slider sliding in a straight line on a horizontal plastic board and gradually coming to rest, with kinetic friction coefficient μ = 0.30. The slider front face is a clearly visible square with side length 6 cm. Use a fixed near-perfect side view, with no motion, zoom, rotation, or shake; the camera optical axis is approximately perpendicular to the front face of the slider, so the slider appears as almost one visible face, with only slight perspective imperfection allowed. The slider motion direction is approximately parallel to the image plane. Use a simple, uniform background with consistent color and texture, no clutter, no occlusion, and no other similar moving targets. Lighting should be even and stable, with faint soft-edged shadows that do not interfere with automatic segmentation and tracking. The slider remains fully visible with clear boundaries, and the 6 cm side length can be used as the scale source for pixel-to-real-length calibration. Track only the slider center and keep the sliding start, speed decay, and near-stop interval visible."
178,B3.1,178,F028,"Generate a fixed near-perfect side-view video of a pink square slider sliding in a straight line on a horizontal tile floor and gradually coming to rest, with kinetic friction coefficient μ = 0.08. The slider front face is a clearly visible square with side length 8 cm. Use a fixed near-perfect side view, with no motion, zoom, rotation, or shake; the camera optical axis is approximately perpendicular to the front face of the slider, so the slider appears as almost one visible face, with only slight perspective imperfection allowed. The slider motion direction is approximately parallel to the image plane. Use a simple, uniform background with consistent color and texture, no clutter, no occlusion, and no other similar moving targets. Lighting should be even and stable, with faint soft-edged shadows that do not interfere with automatic segmentation and tracking. The slider remains fully visible with clear boundaries, and the 8 cm side length can be used as the scale source for pixel-to-real-length calibration. Track only the slider center and keep the sliding start, speed decay, and near-stop interval visible."
179,B3.1,179,F029,"Generate a fixed near-perfect side-view video of a red square slider sliding in a straight line on a horizontal composite-board surface and gradually coming to rest, with kinetic friction coefficient μ = 0.15. The slider front face is a clearly visible square with side length 10 cm. Use a fixed near-perfect side view, with no motion, zoom, rotation, or shake; the camera optical axis is approximately perpendicular to the front face of the slider, so the slider appears as almost one visible face, with only slight perspective imperfection allowed. The slider motion direction is approximately parallel to the image plane. Use a simple, uniform background with consistent color and texture, no clutter, no occlusion, and no other similar moving targets. Lighting should be even and stable, with faint soft-edged shadows that do not interfere with automatic segmentation and tracking. The slider remains fully visible with clear boundaries, and the 10 cm side length can be used as the scale source for pixel-to-real-length calibration. Track only the slider center and keep the sliding start, speed decay, and near-stop interval visible."
180,B3.1,180,F030,"Generate a fixed top-view video of a blue square slider sliding in a straight line on a horizontal lab bench and gradually coming to rest, with kinetic friction coefficient μ = 0.22. The slider top face is a clearly visible square with side length 6 cm. The camera is fixed directly above the slider motion plane, with no motion, zoom, or rotation; the motion plane is approximately parallel to the image plane. Use a simple, uniform background with consistent color and texture, no clutter, no occlusion, and no other similar moving targets. Lighting should be even and stable, with faint soft-edged shadows that do not interfere with automatic segmentation and tracking. The slider remains fully visible with clear boundaries, and the 6 cm side length can be used as the scale source for pixel-to-real-length calibration. Track only the slider center and keep the sliding start, speed decay, and near-stop interval visible."
181,B3.1,181,F031,"Generate a fixed near-perfect side-view video of a green square slider sliding in a straight line on a horizontal wooden tabletop and gradually coming to rest, with kinetic friction coefficient μ = 0.30. The slider front face is a clearly visible square with side length 8 cm. Use a fixed near-perfect side view, with no motion, zoom, rotation, or shake; the camera optical axis is approximately perpendicular to the front face of the slider, so the slider appears as almost one visible face, with only slight perspective imperfection allowed. The slider motion direction is approximately parallel to the image plane. Use a simple, uniform background with consistent color and texture, no clutter, no occlusion, and no other similar moving targets. Lighting should be even and stable, with faint soft-edged shadows that do not interfere with automatic segmentation and tracking. The slider remains fully visible with clear boundaries, and the 8 cm side length can be used as the scale source for pixel-to-real-length calibration. Track only the slider center and keep the sliding start, speed decay, and near-stop interval visible."
182,B3.1,182,F032,"Generate a fixed near-perfect side-view video of a yellow square slider sliding in a straight line on a horizontal rubber-mat surface and gradually coming to rest, with kinetic friction coefficient μ = 0.08. The slider front face is a clearly visible square with side length 10 cm. Use a fixed near-perfect side view, with no motion, zoom, rotation, or shake; the camera optical axis is approximately perpendicular to the front face of the slider, so the slider appears as almost one visible face, with only slight perspective imperfection allowed. The slider motion direction is approximately parallel to the image plane. Use a simple, uniform background with consistent color and texture, no clutter, no occlusion, and no other similar moving targets. Lighting should be even and stable, with faint soft-edged shadows that do not interfere with automatic segmentation and tracking. The slider remains fully visible with clear boundaries, and the 10 cm side length can be used as the scale source for pixel-to-real-length calibration. Track only the slider center and keep the sliding start, speed decay, and near-stop interval visible."
183,B3.1,183,F033,"Generate a fixed near-perfect side-view video of a orange square slider sliding in a straight line on a horizontal plastic board and gradually coming to rest, with kinetic friction coefficient μ = 0.15. The slider front face is a clearly visible square with side length 6 cm. Use a fixed near-perfect side view, with no motion, zoom, rotation, or shake; the camera optical axis is approximately perpendicular to the front face of the slider, so the slider appears as almost one visible face, with only slight perspective imperfection allowed. The slider motion direction is approximately parallel to the image plane. Use a simple, uniform background with consistent color and texture, no clutter, no occlusion, and no other similar moving targets. Lighting should be even and stable, with faint soft-edged shadows that do not interfere with automatic segmentation and tracking. The slider remains fully visible with clear boundaries, and the 6 cm side length can be used as the scale source for pixel-to-real-length calibration. Track only the slider center and keep the sliding start, speed decay, and near-stop interval visible."
184,B3.1,184,F034,"Generate a fixed near-perfect side-view video of a purple square slider sliding in a straight line on a horizontal tile floor and gradually coming to rest, with kinetic friction coefficient μ = 0.22. The slider front face is a clearly visible square with side length 8 cm. Use a fixed near-perfect side view, with no motion, zoom, rotation, or shake; the camera optical axis is approximately perpendicular to the front face of the slider, so the slider appears as almost one visible face, with only slight perspective imperfection allowed. The slider motion direction is approximately parallel to the image plane. Use a simple, uniform background with consistent color and texture, no clutter, no occlusion, and no other similar moving targets. Lighting should be even and stable, with faint soft-edged shadows that do not interfere with automatic segmentation and tracking. The slider remains fully visible with clear boundaries, and the 8 cm side length can be used as the scale source for pixel-to-real-length calibration. Track only the slider center and keep the sliding start, speed decay, and near-stop interval visible."
185,B3.1,185,F035,"Generate a fixed top-view video of a black square slider sliding in a straight line on a horizontal composite-board surface and gradually coming to rest, with kinetic friction coefficient μ = 0.30. The slider top face is a clearly visible square with side length 10 cm. The camera is fixed directly above the slider motion plane, with no motion, zoom, or rotation; the motion plane is approximately parallel to the image plane. Use a simple, uniform background with consistent color and texture, no clutter, no occlusion, and no other similar moving targets. Lighting should be even and stable, with faint soft-edged shadows that do not interfere with automatic segmentation and tracking. The slider remains fully visible with clear boundaries, and the 10 cm side length can be used as the scale source for pixel-to-real-length calibration. Track only the slider center and keep the sliding start, speed decay, and near-stop interval visible."
186,B3.1,186,F036,"Generate a fixed near-perfect side-view video of a white square slider sliding in a straight line on a horizontal lab bench and gradually coming to rest, with kinetic friction coefficient μ = 0.08. The slider front face is a clearly visible square with side length 6 cm. Use a fixed near-perfect side view, with no motion, zoom, rotation, or shake; the camera optical axis is approximately perpendicular to the front face of the slider, so the slider appears as almost one visible face, with only slight perspective imperfection allowed. The slider motion direction is approximately parallel to the image plane. Use a simple, uniform background with consistent color and texture, no clutter, no occlusion, and no other similar moving targets. Lighting should be even and stable, with faint soft-edged shadows that do not interfere with automatic segmentation and tracking. The slider remains fully visible with clear boundaries, and the 6 cm side length can be used as the scale source for pixel-to-real-length calibration. Track only the slider center and keep the sliding start, speed decay, and near-stop interval visible."
187,B3.1,187,F037,"Generate a fixed near-perfect side-view video of a cyan square slider sliding in a straight line on a horizontal wooden tabletop and gradually coming to rest, with kinetic friction coefficient μ = 0.15. The slider front face is a clearly visible square with side length 8 cm. Use a fixed near-perfect side view, with no motion, zoom, rotation, or shake; the camera optical axis is approximately perpendicular to the front face of the slider, so the slider appears as almost one visible face, with only slight perspective imperfection allowed. The slider motion direction is approximately parallel to the image plane. Use a simple, uniform background with consistent color and texture, no clutter, no occlusion, and no other similar moving targets. Lighting should be even and stable, with faint soft-edged shadows that do not interfere with automatic segmentation and tracking. The slider remains fully visible with clear boundaries, and the 8 cm side length can be used as the scale source for pixel-to-real-length calibration. Track only the slider center and keep the sliding start, speed decay, and near-stop interval visible."
188,B3.1,188,F038,"Generate a fixed near-perfect side-view video of a pink square slider sliding in a straight line on a horizontal rubber-mat surface and gradually coming to rest, with kinetic friction coefficient μ = 0.22. The slider front face is a clearly visible square with side length 10 cm. Use a fixed near-perfect side view, with no motion, zoom, rotation, or shake; the camera optical axis is approximately perpendicular to the front face of the slider, so the slider appears as almost one visible face, with only slight perspective imperfection allowed. The slider motion direction is approximately parallel to the image plane. Use a simple, uniform background with consistent color and texture, no clutter, no occlusion, and no other similar moving targets. Lighting should be even and stable, with faint soft-edged shadows that do not interfere with automatic segmentation and tracking. The slider remains fully visible with clear boundaries, and the 10 cm side length can be used as the scale source for pixel-to-real-length calibration. Track only the slider center and keep the sliding start, speed decay, and near-stop interval visible."
189,B3.1,189,F039,"Generate a fixed near-perfect side-view video of a red square slider sliding in a straight line on a horizontal plastic board and gradually coming to rest, with kinetic friction coefficient μ = 0.30. The slider front face is a clearly visible square with side length 6 cm. Use a fixed near-perfect side view, with no motion, zoom, rotation, or shake; the camera optical axis is approximately perpendicular to the front face of the slider, so the slider appears as almost one visible face, with only slight perspective imperfection allowed. The slider motion direction is approximately parallel to the image plane. Use a simple, uniform background with consistent color and texture, no clutter, no occlusion, and no other similar moving targets. Lighting should be even and stable, with faint soft-edged shadows that do not interfere with automatic segmentation and tracking. The slider remains fully visible with clear boundaries, and the 6 cm side length can be used as the scale source for pixel-to-real-length calibration. Track only the slider center and keep the sliding start, speed decay, and near-stop interval visible."
190,B3.1,190,F040,"Generate a fixed top-view video of a blue square slider sliding in a straight line on a horizontal tile floor and gradually coming to rest, with kinetic friction coefficient μ = 0.08. The slider top face is a clearly visible square with side length 8 cm. The camera is fixed directly above the slider motion plane, with no motion, zoom, or rotation; the motion plane is approximately parallel to the image plane. Use a simple, uniform background with consistent color and texture, no clutter, no occlusion, and no other similar moving targets. Lighting should be even and stable, with faint soft-edged shadows that do not interfere with automatic segmentation and tracking. The slider remains fully visible with clear boundaries, and the 8 cm side length can be used as the scale source for pixel-to-real-length calibration. Track only the slider center and keep the sliding start, speed decay, and near-stop interval visible."
191,B3.1,191,F041,"Generate a fixed near-perfect side-view video of a green square slider sliding in a straight line on a horizontal composite-board surface and gradually coming to rest, with kinetic friction coefficient μ = 0.15. The slider front face is a clearly visible square with side length 10 cm. Use a fixed near-perfect side view, with no motion, zoom, rotation, or shake; the camera optical axis is approximately perpendicular to the front face of the slider, so the slider appears as almost one visible face, with only slight perspective imperfection allowed. The slider motion direction is approximately parallel to the image plane. Use a simple, uniform background with consistent color and texture, no clutter, no occlusion, and no other similar moving targets. Lighting should be even and stable, with faint soft-edged shadows that do not interfere with automatic segmentation and tracking. The slider remains fully visible with clear boundaries, and the 10 cm side length can be used as the scale source for pixel-to-real-length calibration. Track only the slider center and keep the sliding start, speed decay, and near-stop interval visible."
192,B3.1,192,F042,"Generate a fixed near-perfect side-view video of a yellow square slider sliding in a straight line on a horizontal lab bench and gradually coming to rest, with kinetic friction coefficient μ = 0.22. The slider front face is a clearly visible square with side length 6 cm. Use a fixed near-perfect side view, with no motion, zoom, rotation, or shake; the camera optical axis is approximately perpendicular to the front face of the slider, so the slider appears as almost one visible face, with only slight perspective imperfection allowed. The slider motion direction is approximately parallel to the image plane. Use a simple, uniform background with consistent color and texture, no clutter, no occlusion, and no other similar moving targets. Lighting should be even and stable, with faint soft-edged shadows that do not interfere with automatic segmentation and tracking. The slider remains fully visible with clear boundaries, and the 6 cm side length can be used as the scale source for pixel-to-real-length calibration. Track only the slider center and keep the sliding start, speed decay, and near-stop interval visible."
193,B3.1,193,F043,"Generate a fixed near-perfect side-view video of a orange square slider sliding in a straight line on a horizontal wooden tabletop and gradually coming to rest, with kinetic friction coefficient μ = 0.30. The slider front face is a clearly visible square with side length 8 cm. Use a fixed near-perfect side view, with no motion, zoom, rotation, or shake; the camera optical axis is approximately perpendicular to the front face of the slider, so the slider appears as almost one visible face, with only slight perspective imperfection allowed. The slider motion direction is approximately parallel to the image plane. Use a simple, uniform background with consistent color and texture, no clutter, no occlusion, and no other similar moving targets. Lighting should be even and stable, with faint soft-edged shadows that do not interfere with automatic segmentation and tracking. The slider remains fully visible with clear boundaries, and the 8 cm side length can be used as the scale source for pixel-to-real-length calibration. Track only the slider center and keep the sliding start, speed decay, and near-stop interval visible."
194,B3.1,194,F044,"Generate a fixed near-perfect side-view video of a purple square slider sliding in a straight line on a horizontal rubber-mat surface and gradually coming to rest, with kinetic friction coefficient μ = 0.08. The slider front face is a clearly visible square with side length 10 cm. Use a fixed near-perfect side view, with no motion, zoom, rotation, or shake; the camera optical axis is approximately perpendicular to the front face of the slider, so the slider appears as almost one visible face, with only slight perspective imperfection allowed. The slider motion direction is approximately parallel to the image plane. Use a simple, uniform background with consistent color and texture, no clutter, no occlusion, and no other similar moving targets. Lighting should be even and stable, with faint soft-edged shadows that do not interfere with automatic segmentation and tracking. The slider remains fully visible with clear boundaries, and the 10 cm side length can be used as the scale source for pixel-to-real-length calibration. Track only the slider center and keep the sliding start, speed decay, and near-stop interval visible."
195,B3.1,195,F045,"Generate a fixed top-view video of a black square slider sliding in a straight line on a horizontal plastic board and gradually coming to rest, with kinetic friction coefficient μ = 0.15. The slider top face is a clearly visible square with side length 6 cm. The camera is fixed directly above the slider motion plane, with no motion, zoom, or rotation; the motion plane is approximately parallel to the image plane. Use a simple, uniform background with consistent color and texture, no clutter, no occlusion, and no other similar moving targets. Lighting should be even and stable, with faint soft-edged shadows that do not interfere with automatic segmentation and tracking. The slider remains fully visible with clear boundaries, and the 6 cm side length can be used as the scale source for pixel-to-real-length calibration. Track only the slider center and keep the sliding start, speed decay, and near-stop interval visible."
196,B3.1,196,F046,"Generate a fixed near-perfect side-view video of a white square slider sliding in a straight line on a horizontal tile floor and gradually coming to rest, with kinetic friction coefficient μ = 0.22. The slider front face is a clearly visible square with side length 8 cm. Use a fixed near-perfect side view, with no motion, zoom, rotation, or shake; the camera optical axis is approximately perpendicular to the front face of the slider, so the slider appears as almost one visible face, with only slight perspective imperfection allowed. The slider motion direction is approximately parallel to the image plane. Use a simple, uniform background with consistent color and texture, no clutter, no occlusion, and no other similar moving targets. Lighting should be even and stable, with faint soft-edged shadows that do not interfere with automatic segmentation and tracking. The slider remains fully visible with clear boundaries, and the 8 cm side length can be used as the scale source for pixel-to-real-length calibration. Track only the slider center and keep the sliding start, speed decay, and near-stop interval visible."
197,B3.1,197,F047,"Generate a fixed near-perfect side-view video of a cyan square slider sliding in a straight line on a horizontal composite-board surface and gradually coming to rest, with kinetic friction coefficient μ = 0.30. The slider front face is a clearly visible square with side length 10 cm. Use a fixed near-perfect side view, with no motion, zoom, rotation, or shake; the camera optical axis is approximately perpendicular to the front face of the slider, so the slider appears as almost one visible face, with only slight perspective imperfection allowed. The slider motion direction is approximately parallel to the image plane. Use a simple, uniform background with consistent color and texture, no clutter, no occlusion, and no other similar moving targets. Lighting should be even and stable, with faint soft-edged shadows that do not interfere with automatic segmentation and tracking. The slider remains fully visible with clear boundaries, and the 10 cm side length can be used as the scale source for pixel-to-real-length calibration. Track only the slider center and keep the sliding start, speed decay, and near-stop interval visible."
198,B3.1,198,F048,"Generate a fixed near-perfect side-view video of a pink square slider sliding in a straight line on a horizontal lab bench and gradually coming to rest, with kinetic friction coefficient μ = 0.08. The slider front face is a clearly visible square with side length 6 cm. Use a fixed near-perfect side view, with no motion, zoom, rotation, or shake; the camera optical axis is approximately perpendicular to the front face of the slider, so the slider appears as almost one visible face, with only slight perspective imperfection allowed. The slider motion direction is approximately parallel to the image plane. Use a simple, uniform background with consistent color and texture, no clutter, no occlusion, and no other similar moving targets. Lighting should be even and stable, with faint soft-edged shadows that do not interfere with automatic segmentation and tracking. The slider remains fully visible with clear boundaries, and the 6 cm side length can be used as the scale source for pixel-to-real-length calibration. Track only the slider center and keep the sliding start, speed decay, and near-stop interval visible."
199,B3.1,199,F049,"Generate a fixed near-perfect side-view video of a red square slider sliding in a straight line on a horizontal wooden tabletop and gradually coming to rest, with kinetic friction coefficient μ = 0.15. The slider front face is a clearly visible square with side length 8 cm. Use a fixed near-perfect side view, with no motion, zoom, rotation, or shake; the camera optical axis is approximately perpendicular to the front face of the slider, so the slider appears as almost one visible face, with only slight perspective imperfection allowed. The slider motion direction is approximately parallel to the image plane. Use a simple, uniform background with consistent color and texture, no clutter, no occlusion, and no other similar moving targets. Lighting should be even and stable, with faint soft-edged shadows that do not interfere with automatic segmentation and tracking. The slider remains fully visible with clear boundaries, and the 8 cm side length can be used as the scale source for pixel-to-real-length calibration. Track only the slider center and keep the sliding start, speed decay, and near-stop interval visible."
200,B3.1,200,F050,"Generate a fixed top-view video of a blue square slider sliding in a straight line on a horizontal rubber-mat surface and gradually coming to rest, with kinetic friction coefficient μ = 0.22. The slider top face is a clearly visible square with side length 10 cm. The camera is fixed directly above the slider motion plane, with no motion, zoom, or rotation; the motion plane is approximately parallel to the image plane. Use a simple, uniform background with consistent color and texture, no clutter, no occlusion, and no other similar moving targets. Lighting should be even and stable, with faint soft-edged shadows that do not interfere with automatic segmentation and tracking. The slider remains fully visible with clear boundaries, and the 10 cm side length can be used as the scale source for pixel-to-real-length calibration. Track only the slider center and keep the sliding start, speed decay, and near-stop interval visible."
201,B3.2,201,R001,"Generate a fixed side-view video of a orange standard tennis ball moving from left to right in a straight line on a horizontal light-colored floor, colliding head-on with a vertical hard wall on the right, and then moving backward along the same line, with coefficient of restitution e = 0.55. The camera is fixed, with no zoom, rotation, or shake, and the ball's horizontal motion direction is approximately parallel to the image plane. Use a simple, uniform background with consistent color and texture, no clutter, no occlusion, and no other similar moving targets. Lighting should be even and stable, with faint soft-edged shadows that do not interfere with automatic segmentation and tracking. The standard tennis ball remains fully visible with clear boundaries. Track only the tennis-ball center and keep clear intervals before impact, during impact, and after the backward motion."
202,B3.2,202,R002,"Generate a fixed side-view video of a purple standard basketball moving from left to right in a straight line on a horizontal light-colored floor, colliding head-on with a vertical wooden wall on the right, and then moving backward along the same line, with coefficient of restitution e = 0.75. The camera is fixed, with no zoom, rotation, or shake, and the ball's horizontal motion direction is approximately parallel to the image plane. Use a simple, uniform background with consistent color and texture, no clutter, no occlusion, and no other similar moving targets. Lighting should be even and stable, with faint soft-edged shadows that do not interfere with automatic segmentation and tracking. The standard basketball remains fully visible with clear boundaries. Track only the basketball center and keep clear intervals before impact, during impact, and after the backward motion."
203,B3.2,203,R003,"Generate a fixed side-view video of a black standard golf ball moving from left to right in a straight line on a horizontal light-colored floor, colliding head-on with a vertical metal stop on the right, and then moving backward along the same line, with coefficient of restitution e = 0.85. The camera is fixed, with no zoom, rotation, or shake, and the ball's horizontal motion direction is approximately parallel to the image plane. Use a simple, uniform background with consistent color and texture, no clutter, no occlusion, and no other similar moving targets. Lighting should be even and stable, with faint soft-edged shadows that do not interfere with automatic segmentation and tracking. The standard golf ball remains fully visible with clear boundaries. Track only the golf-ball center and keep clear intervals before impact, during impact, and after the backward motion."
204,B3.2,204,R004,"Generate a fixed side-view video of a white standard ping-pong ball moving from left to right in a straight line on a horizontal light-colored floor, colliding head-on with a vertical padded wall on the right, and then moving backward along the same line, with coefficient of restitution e = 0.35. The camera is fixed, with no zoom, rotation, or shake, and the ball's horizontal motion direction is approximately parallel to the image plane. Use a simple, uniform background with consistent color and texture, no clutter, no occlusion, and no other similar moving targets. Lighting should be even and stable, with faint soft-edged shadows that do not interfere with automatic segmentation and tracking. The standard ping-pong ball remains fully visible with clear boundaries. Track only the ping-pong-ball center and keep clear intervals before impact, during impact, and after the backward motion."
205,B3.2,205,R005,"Generate a fixed side-view video of a cyan standard baseball moving from left to right in a straight line on a horizontal light-colored floor, colliding head-on with a vertical hard wall on the right, and then moving backward along the same line, with coefficient of restitution e = 0.55. The camera is fixed, with no zoom, rotation, or shake, and the ball's horizontal motion direction is approximately parallel to the image plane. Use a simple, uniform background with consistent color and texture, no clutter, no occlusion, and no other similar moving targets. Lighting should be even and stable, with faint soft-edged shadows that do not interfere with automatic segmentation and tracking. The standard baseball remains fully visible with clear boundaries. Track only the baseball center and keep clear intervals before impact, during impact, and after the backward motion."
206,B3.2,206,R006,"Generate a fixed side-view video of a pink standard soccer ball moving from left to right in a straight line on a horizontal light-colored floor, colliding head-on with a vertical wooden wall on the right, and then moving backward along the same line, with coefficient of restitution e = 0.75. The camera is fixed, with no zoom, rotation, or shake, and the ball's horizontal motion direction is approximately parallel to the image plane. Use a simple, uniform background with consistent color and texture, no clutter, no occlusion, and no other similar moving targets. Lighting should be even and stable, with faint soft-edged shadows that do not interfere with automatic segmentation and tracking. The standard soccer ball remains fully visible with clear boundaries. Track only the soccer-ball center and keep clear intervals before impact, during impact, and after the backward motion."
207,B3.2,207,R007,"Generate a fixed side-view video of a red standard tennis ball moving from left to right in a straight line on a horizontal light-colored floor, colliding head-on with a vertical metal stop on the right, and then moving backward along the same line, with coefficient of restitution e = 0.85. The camera is fixed, with no zoom, rotation, or shake, and the ball's horizontal motion direction is approximately parallel to the image plane. Use a simple, uniform background with consistent color and texture, no clutter, no occlusion, and no other similar moving targets. Lighting should be even and stable, with faint soft-edged shadows that do not interfere with automatic segmentation and tracking. The standard tennis ball remains fully visible with clear boundaries. Track only the tennis-ball center and keep clear intervals before impact, during impact, and after the backward motion."
208,B3.2,208,R008,"Generate a fixed side-view video of a blue standard basketball moving from left to right in a straight line on a horizontal light-colored floor, colliding head-on with a vertical padded wall on the right, and then moving backward along the same line, with coefficient of restitution e = 0.35. The camera is fixed, with no zoom, rotation, or shake, and the ball's horizontal motion direction is approximately parallel to the image plane. Use a simple, uniform background with consistent color and texture, no clutter, no occlusion, and no other similar moving targets. Lighting should be even and stable, with faint soft-edged shadows that do not interfere with automatic segmentation and tracking. The standard basketball remains fully visible with clear boundaries. Track only the basketball center and keep clear intervals before impact, during impact, and after the backward motion."
209,B3.2,209,R009,"Generate a fixed side-view video of a green standard golf ball moving from left to right in a straight line on a horizontal light-colored floor, colliding head-on with a vertical hard wall on the right, and then moving backward along the same line, with coefficient of restitution e = 0.55. The camera is fixed, with no zoom, rotation, or shake, and the ball's horizontal motion direction is approximately parallel to the image plane. Use a simple, uniform background with consistent color and texture, no clutter, no occlusion, and no other similar moving targets. Lighting should be even and stable, with faint soft-edged shadows that do not interfere with automatic segmentation and tracking. The standard golf ball remains fully visible with clear boundaries. Track only the golf-ball center and keep clear intervals before impact, during impact, and after the backward motion."
210,B3.2,210,R010,"Generate a fixed side-view video of a yellow standard ping-pong ball moving from left to right in a straight line on a horizontal light-colored floor, colliding head-on with a vertical wooden wall on the right, and then moving backward along the same line, with coefficient of restitution e = 0.75. The camera is fixed, with no zoom, rotation, or shake, and the ball's horizontal motion direction is approximately parallel to the image plane. Use a simple, uniform background with consistent color and texture, no clutter, no occlusion, and no other similar moving targets. Lighting should be even and stable, with faint soft-edged shadows that do not interfere with automatic segmentation and tracking. The standard ping-pong ball remains fully visible with clear boundaries. Track only the ping-pong-ball center and keep clear intervals before impact, during impact, and after the backward motion."
211,B3.2,211,R011,"Generate a fixed side-view video of a orange standard baseball moving from left to right in a straight line on a horizontal light-colored floor, colliding head-on with a vertical metal stop on the right, and then moving backward along the same line, with coefficient of restitution e = 0.85. The camera is fixed, with no zoom, rotation, or shake, and the ball's horizontal motion direction is approximately parallel to the image plane. Use a simple, uniform background with consistent color and texture, no clutter, no occlusion, and no other similar moving targets. Lighting should be even and stable, with faint soft-edged shadows that do not interfere with automatic segmentation and tracking. The standard baseball remains fully visible with clear boundaries. Track only the baseball center and keep clear intervals before impact, during impact, and after the backward motion."
212,B3.2,212,R012,"Generate a fixed side-view video of a purple standard soccer ball moving from left to right in a straight line on a horizontal light-colored floor, colliding head-on with a vertical padded wall on the right, and then moving backward along the same line, with coefficient of restitution e = 0.35. The camera is fixed, with no zoom, rotation, or shake, and the ball's horizontal motion direction is approximately parallel to the image plane. Use a simple, uniform background with consistent color and texture, no clutter, no occlusion, and no other similar moving targets. Lighting should be even and stable, with faint soft-edged shadows that do not interfere with automatic segmentation and tracking. The standard soccer ball remains fully visible with clear boundaries. Track only the soccer-ball center and keep clear intervals before impact, during impact, and after the backward motion."
213,B3.2,213,R013,"Generate a fixed side-view video of a black standard tennis ball moving from left to right in a straight line on a horizontal light-colored floor, colliding head-on with a vertical hard wall on the right, and then moving backward along the same line, with coefficient of restitution e = 0.55. The camera is fixed, with no zoom, rotation, or shake, and the ball's horizontal motion direction is approximately parallel to the image plane. Use a simple, uniform background with consistent color and texture, no clutter, no occlusion, and no other similar moving targets. Lighting should be even and stable, with faint soft-edged shadows that do not interfere with automatic segmentation and tracking. The standard tennis ball remains fully visible with clear boundaries. Track only the tennis-ball center and keep clear intervals before impact, during impact, and after the backward motion."
214,B3.2,214,R014,"Generate a fixed side-view video of a white standard basketball moving from left to right in a straight line on a horizontal light-colored floor, colliding head-on with a vertical wooden wall on the right, and then moving backward along the same line, with coefficient of restitution e = 0.75. The camera is fixed, with no zoom, rotation, or shake, and the ball's horizontal motion direction is approximately parallel to the image plane. Use a simple, uniform background with consistent color and texture, no clutter, no occlusion, and no other similar moving targets. Lighting should be even and stable, with faint soft-edged shadows that do not interfere with automatic segmentation and tracking. The standard basketball remains fully visible with clear boundaries. Track only the basketball center and keep clear intervals before impact, during impact, and after the backward motion."
215,B3.2,215,R015,"Generate a fixed side-view video of a cyan standard golf ball moving from left to right in a straight line on a horizontal light-colored floor, colliding head-on with a vertical metal stop on the right, and then moving backward along the same line, with coefficient of restitution e = 0.85. The camera is fixed, with no zoom, rotation, or shake, and the ball's horizontal motion direction is approximately parallel to the image plane. Use a simple, uniform background with consistent color and texture, no clutter, no occlusion, and no other similar moving targets. Lighting should be even and stable, with faint soft-edged shadows that do not interfere with automatic segmentation and tracking. The standard golf ball remains fully visible with clear boundaries. Track only the golf-ball center and keep clear intervals before impact, during impact, and after the backward motion."
216,B3.2,216,R016,"Generate a fixed side-view video of a pink standard ping-pong ball moving from left to right in a straight line on a horizontal light-colored floor, colliding head-on with a vertical padded wall on the right, and then moving backward along the same line, with coefficient of restitution e = 0.35. The camera is fixed, with no zoom, rotation, or shake, and the ball's horizontal motion direction is approximately parallel to the image plane. Use a simple, uniform background with consistent color and texture, no clutter, no occlusion, and no other similar moving targets. Lighting should be even and stable, with faint soft-edged shadows that do not interfere with automatic segmentation and tracking. The standard ping-pong ball remains fully visible with clear boundaries. Track only the ping-pong-ball center and keep clear intervals before impact, during impact, and after the backward motion."
217,B3.2,217,R017,"Generate a fixed side-view video of a red standard baseball moving from left to right in a straight line on a horizontal light-colored floor, colliding head-on with a vertical hard wall on the right, and then moving backward along the same line, with coefficient of restitution e = 0.55. The camera is fixed, with no zoom, rotation, or shake, and the ball's horizontal motion direction is approximately parallel to the image plane. Use a simple, uniform background with consistent color and texture, no clutter, no occlusion, and no other similar moving targets. Lighting should be even and stable, with faint soft-edged shadows that do not interfere with automatic segmentation and tracking. The standard baseball remains fully visible with clear boundaries. Track only the baseball center and keep clear intervals before impact, during impact, and after the backward motion."
218,B3.2,218,R018,"Generate a fixed side-view video of a blue standard soccer ball moving from left to right in a straight line on a horizontal light-colored floor, colliding head-on with a vertical wooden wall on the right, and then moving backward along the same line, with coefficient of restitution e = 0.75. The camera is fixed, with no zoom, rotation, or shake, and the ball's horizontal motion direction is approximately parallel to the image plane. Use a simple, uniform background with consistent color and texture, no clutter, no occlusion, and no other similar moving targets. Lighting should be even and stable, with faint soft-edged shadows that do not interfere with automatic segmentation and tracking. The standard soccer ball remains fully visible with clear boundaries. Track only the soccer-ball center and keep clear intervals before impact, during impact, and after the backward motion."
219,B3.2,219,R019,"Generate a fixed side-view video of a green standard tennis ball moving from left to right in a straight line on a horizontal light-colored floor, colliding head-on with a vertical metal stop on the right, and then moving backward along the same line, with coefficient of restitution e = 0.85. The camera is fixed, with no zoom, rotation, or shake, and the ball's horizontal motion direction is approximately parallel to the image plane. Use a simple, uniform background with consistent color and texture, no clutter, no occlusion, and no other similar moving targets. Lighting should be even and stable, with faint soft-edged shadows that do not interfere with automatic segmentation and tracking. The standard tennis ball remains fully visible with clear boundaries. Track only the tennis-ball center and keep clear intervals before impact, during impact, and after the backward motion."
220,B3.2,220,R020,"Generate a fixed side-view video of a yellow standard basketball moving from left to right in a straight line on a horizontal light-colored floor, colliding head-on with a vertical padded wall on the right, and then moving backward along the same line, with coefficient of restitution e = 0.35. The camera is fixed, with no zoom, rotation, or shake, and the ball's horizontal motion direction is approximately parallel to the image plane. Use a simple, uniform background with consistent color and texture, no clutter, no occlusion, and no other similar moving targets. Lighting should be even and stable, with faint soft-edged shadows that do not interfere with automatic segmentation and tracking. The standard basketball remains fully visible with clear boundaries. Track only the basketball center and keep clear intervals before impact, during impact, and after the backward motion."
221,B3.2,221,R021,"Generate a fixed side-view video of a orange standard golf ball moving from left to right in a straight line on a horizontal light-colored floor, colliding head-on with a vertical hard wall on the right, and then moving backward along the same line, with coefficient of restitution e = 0.55. The camera is fixed, with no zoom, rotation, or shake, and the ball's horizontal motion direction is approximately parallel to the image plane. Use a simple, uniform background with consistent color and texture, no clutter, no occlusion, and no other similar moving targets. Lighting should be even and stable, with faint soft-edged shadows that do not interfere with automatic segmentation and tracking. The standard golf ball remains fully visible with clear boundaries. Track only the golf-ball center and keep clear intervals before impact, during impact, and after the backward motion."
222,B3.2,222,R022,"Generate a fixed side-view video of a purple standard ping-pong ball moving from left to right in a straight line on a horizontal light-colored floor, colliding head-on with a vertical wooden wall on the right, and then moving backward along the same line, with coefficient of restitution e = 0.75. The camera is fixed, with no zoom, rotation, or shake, and the ball's horizontal motion direction is approximately parallel to the image plane. Use a simple, uniform background with consistent color and texture, no clutter, no occlusion, and no other similar moving targets. Lighting should be even and stable, with faint soft-edged shadows that do not interfere with automatic segmentation and tracking. The standard ping-pong ball remains fully visible with clear boundaries. Track only the ping-pong-ball center and keep clear intervals before impact, during impact, and after the backward motion."
223,B3.2,223,R023,"Generate a fixed side-view video of a black standard baseball moving from left to right in a straight line on a horizontal light-colored floor, colliding head-on with a vertical metal stop on the right, and then moving backward along the same line, with coefficient of restitution e = 0.85. The camera is fixed, with no zoom, rotation, or shake, and the ball's horizontal motion direction is approximately parallel to the image plane. Use a simple, uniform background with consistent color and texture, no clutter, no occlusion, and no other similar moving targets. Lighting should be even and stable, with faint soft-edged shadows that do not interfere with automatic segmentation and tracking. The standard baseball remains fully visible with clear boundaries. Track only the baseball center and keep clear intervals before impact, during impact, and after the backward motion."
224,B3.2,224,R024,"Generate a fixed side-view video of a white standard soccer ball moving from left to right in a straight line on a horizontal light-colored floor, colliding head-on with a vertical padded wall on the right, and then moving backward along the same line, with coefficient of restitution e = 0.35. The camera is fixed, with no zoom, rotation, or shake, and the ball's horizontal motion direction is approximately parallel to the image plane. Use a simple, uniform background with consistent color and texture, no clutter, no occlusion, and no other similar moving targets. Lighting should be even and stable, with faint soft-edged shadows that do not interfere with automatic segmentation and tracking. The standard soccer ball remains fully visible with clear boundaries. Track only the soccer-ball center and keep clear intervals before impact, during impact, and after the backward motion."
225,B3.2,225,R025,"Generate a fixed side-view video of a cyan standard tennis ball moving from left to right in a straight line on a horizontal light-colored floor, colliding head-on with a vertical hard wall on the right, and then moving backward along the same line, with coefficient of restitution e = 0.55. The camera is fixed, with no zoom, rotation, or shake, and the ball's horizontal motion direction is approximately parallel to the image plane. Use a simple, uniform background with consistent color and texture, no clutter, no occlusion, and no other similar moving targets. Lighting should be even and stable, with faint soft-edged shadows that do not interfere with automatic segmentation and tracking. The standard tennis ball remains fully visible with clear boundaries. Track only the tennis-ball center and keep clear intervals before impact, during impact, and after the backward motion."
226,B3.2,226,R026,"Generate a fixed side-view video of a pink standard basketball moving from left to right in a straight line on a horizontal light-colored floor, colliding head-on with a vertical wooden wall on the right, and then moving backward along the same line, with coefficient of restitution e = 0.75. The camera is fixed, with no zoom, rotation, or shake, and the ball's horizontal motion direction is approximately parallel to the image plane. Use a simple, uniform background with consistent color and texture, no clutter, no occlusion, and no other similar moving targets. Lighting should be even and stable, with faint soft-edged shadows that do not interfere with automatic segmentation and tracking. The standard basketball remains fully visible with clear boundaries. Track only the basketball center and keep clear intervals before impact, during impact, and after the backward motion."
227,B3.2,227,R027,"Generate a fixed side-view video of a red standard golf ball moving from left to right in a straight line on a horizontal light-colored floor, colliding head-on with a vertical metal stop on the right, and then moving backward along the same line, with coefficient of restitution e = 0.85. The camera is fixed, with no zoom, rotation, or shake, and the ball's horizontal motion direction is approximately parallel to the image plane. Use a simple, uniform background with consistent color and texture, no clutter, no occlusion, and no other similar moving targets. Lighting should be even and stable, with faint soft-edged shadows that do not interfere with automatic segmentation and tracking. The standard golf ball remains fully visible with clear boundaries. Track only the golf-ball center and keep clear intervals before impact, during impact, and after the backward motion."
228,B3.2,228,R028,"Generate a fixed side-view video of a blue standard ping-pong ball moving from left to right in a straight line on a horizontal light-colored floor, colliding head-on with a vertical padded wall on the right, and then moving backward along the same line, with coefficient of restitution e = 0.35. The camera is fixed, with no zoom, rotation, or shake, and the ball's horizontal motion direction is approximately parallel to the image plane. Use a simple, uniform background with consistent color and texture, no clutter, no occlusion, and no other similar moving targets. Lighting should be even and stable, with faint soft-edged shadows that do not interfere with automatic segmentation and tracking. The standard ping-pong ball remains fully visible with clear boundaries. Track only the ping-pong-ball center and keep clear intervals before impact, during impact, and after the backward motion."
229,B3.2,229,R029,"Generate a fixed side-view video of a green standard baseball moving from left to right in a straight line on a horizontal light-colored floor, colliding head-on with a vertical hard wall on the right, and then moving backward along the same line, with coefficient of restitution e = 0.55. The camera is fixed, with no zoom, rotation, or shake, and the ball's horizontal motion direction is approximately parallel to the image plane. Use a simple, uniform background with consistent color and texture, no clutter, no occlusion, and no other similar moving targets. Lighting should be even and stable, with faint soft-edged shadows that do not interfere with automatic segmentation and tracking. The standard baseball remains fully visible with clear boundaries. Track only the baseball center and keep clear intervals before impact, during impact, and after the backward motion."
230,B3.2,230,R030,"Generate a fixed side-view video of a yellow standard soccer ball moving from left to right in a straight line on a horizontal light-colored floor, colliding head-on with a vertical wooden wall on the right, and then moving backward along the same line, with coefficient of restitution e = 0.75. The camera is fixed, with no zoom, rotation, or shake, and the ball's horizontal motion direction is approximately parallel to the image plane. Use a simple, uniform background with consistent color and texture, no clutter, no occlusion, and no other similar moving targets. Lighting should be even and stable, with faint soft-edged shadows that do not interfere with automatic segmentation and tracking. The standard soccer ball remains fully visible with clear boundaries. Track only the soccer-ball center and keep clear intervals before impact, during impact, and after the backward motion."
231,B3.2,231,R031,"Generate a fixed side-view video of a orange standard tennis ball moving from left to right in a straight line on a horizontal light-colored floor, colliding head-on with a vertical metal stop on the right, and then moving backward along the same line, with coefficient of restitution e = 0.85. The camera is fixed, with no zoom, rotation, or shake, and the ball's horizontal motion direction is approximately parallel to the image plane. Use a simple, uniform background with consistent color and texture, no clutter, no occlusion, and no other similar moving targets. Lighting should be even and stable, with faint soft-edged shadows that do not interfere with automatic segmentation and tracking. The standard tennis ball remains fully visible with clear boundaries. Track only the tennis-ball center and keep clear intervals before impact, during impact, and after the backward motion."
232,B3.2,232,R032,"Generate a fixed side-view video of a purple standard basketball moving from left to right in a straight line on a horizontal light-colored floor, colliding head-on with a vertical padded wall on the right, and then moving backward along the same line, with coefficient of restitution e = 0.35. The camera is fixed, with no zoom, rotation, or shake, and the ball's horizontal motion direction is approximately parallel to the image plane. Use a simple, uniform background with consistent color and texture, no clutter, no occlusion, and no other similar moving targets. Lighting should be even and stable, with faint soft-edged shadows that do not interfere with automatic segmentation and tracking. The standard basketball remains fully visible with clear boundaries. Track only the basketball center and keep clear intervals before impact, during impact, and after the backward motion."
233,B3.2,233,R033,"Generate a fixed side-view video of a black standard golf ball moving from left to right in a straight line on a horizontal light-colored floor, colliding head-on with a vertical hard wall on the right, and then moving backward along the same line, with coefficient of restitution e = 0.55. The camera is fixed, with no zoom, rotation, or shake, and the ball's horizontal motion direction is approximately parallel to the image plane. Use a simple, uniform background with consistent color and texture, no clutter, no occlusion, and no other similar moving targets. Lighting should be even and stable, with faint soft-edged shadows that do not interfere with automatic segmentation and tracking. The standard golf ball remains fully visible with clear boundaries. Track only the golf-ball center and keep clear intervals before impact, during impact, and after the backward motion."
234,B3.2,234,R034,"Generate a fixed side-view video of a white standard ping-pong ball moving from left to right in a straight line on a horizontal light-colored floor, colliding head-on with a vertical wooden wall on the right, and then moving backward along the same line, with coefficient of restitution e = 0.75. The camera is fixed, with no zoom, rotation, or shake, and the ball's horizontal motion direction is approximately parallel to the image plane. Use a simple, uniform background with consistent color and texture, no clutter, no occlusion, and no other similar moving targets. Lighting should be even and stable, with faint soft-edged shadows that do not interfere with automatic segmentation and tracking. The standard ping-pong ball remains fully visible with clear boundaries. Track only the ping-pong-ball center and keep clear intervals before impact, during impact, and after the backward motion."
235,B3.2,235,R035,"Generate a fixed side-view video of a cyan standard baseball moving from left to right in a straight line on a horizontal light-colored floor, colliding head-on with a vertical metal stop on the right, and then moving backward along the same line, with coefficient of restitution e = 0.85. The camera is fixed, with no zoom, rotation, or shake, and the ball's horizontal motion direction is approximately parallel to the image plane. Use a simple, uniform background with consistent color and texture, no clutter, no occlusion, and no other similar moving targets. Lighting should be even and stable, with faint soft-edged shadows that do not interfere with automatic segmentation and tracking. The standard baseball remains fully visible with clear boundaries. Track only the baseball center and keep clear intervals before impact, during impact, and after the backward motion."
236,B3.2,236,R036,"Generate a fixed side-view video of a pink standard soccer ball moving from left to right in a straight line on a horizontal light-colored floor, colliding head-on with a vertical padded wall on the right, and then moving backward along the same line, with coefficient of restitution e = 0.35. The camera is fixed, with no zoom, rotation, or shake, and the ball's horizontal motion direction is approximately parallel to the image plane. Use a simple, uniform background with consistent color and texture, no clutter, no occlusion, and no other similar moving targets. Lighting should be even and stable, with faint soft-edged shadows that do not interfere with automatic segmentation and tracking. The standard soccer ball remains fully visible with clear boundaries. Track only the soccer-ball center and keep clear intervals before impact, during impact, and after the backward motion."
237,B3.2,237,R037,"Generate a fixed side-view video of a red standard tennis ball moving from left to right in a straight line on a horizontal light-colored floor, colliding head-on with a vertical hard wall on the right, and then moving backward along the same line, with coefficient of restitution e = 0.55. The camera is fixed, with no zoom, rotation, or shake, and the ball's horizontal motion direction is approximately parallel to the image plane. Use a simple, uniform background with consistent color and texture, no clutter, no occlusion, and no other similar moving targets. Lighting should be even and stable, with faint soft-edged shadows that do not interfere with automatic segmentation and tracking. The standard tennis ball remains fully visible with clear boundaries. Track only the tennis-ball center and keep clear intervals before impact, during impact, and after the backward motion."
238,B3.2,238,R038,"Generate a fixed side-view video of a blue standard basketball moving from left to right in a straight line on a horizontal light-colored floor, colliding head-on with a vertical wooden wall on the right, and then moving backward along the same line, with coefficient of restitution e = 0.75. The camera is fixed, with no zoom, rotation, or shake, and the ball's horizontal motion direction is approximately parallel to the image plane. Use a simple, uniform background with consistent color and texture, no clutter, no occlusion, and no other similar moving targets. Lighting should be even and stable, with faint soft-edged shadows that do not interfere with automatic segmentation and tracking. The standard basketball remains fully visible with clear boundaries. Track only the basketball center and keep clear intervals before impact, during impact, and after the backward motion."
239,B3.2,239,R039,"Generate a fixed side-view video of a green standard golf ball moving from left to right in a straight line on a horizontal light-colored floor, colliding head-on with a vertical metal stop on the right, and then moving backward along the same line, with coefficient of restitution e = 0.85. The camera is fixed, with no zoom, rotation, or shake, and the ball's horizontal motion direction is approximately parallel to the image plane. Use a simple, uniform background with consistent color and texture, no clutter, no occlusion, and no other similar moving targets. Lighting should be even and stable, with faint soft-edged shadows that do not interfere with automatic segmentation and tracking. The standard golf ball remains fully visible with clear boundaries. Track only the golf-ball center and keep clear intervals before impact, during impact, and after the backward motion."
240,B3.2,240,R040,"Generate a fixed side-view video of a yellow standard ping-pong ball moving from left to right in a straight line on a horizontal light-colored floor, colliding head-on with a vertical padded wall on the right, and then moving backward along the same line, with coefficient of restitution e = 0.35. The camera is fixed, with no zoom, rotation, or shake, and the ball's horizontal motion direction is approximately parallel to the image plane. Use a simple, uniform background with consistent color and texture, no clutter, no occlusion, and no other similar moving targets. Lighting should be even and stable, with faint soft-edged shadows that do not interfere with automatic segmentation and tracking. The standard ping-pong ball remains fully visible with clear boundaries. Track only the ping-pong-ball center and keep clear intervals before impact, during impact, and after the backward motion."
241,B3.2,241,R041,"Generate a fixed side-view video of a orange standard baseball moving from left to right in a straight line on a horizontal light-colored floor, colliding head-on with a vertical hard wall on the right, and then moving backward along the same line, with coefficient of restitution e = 0.55. The camera is fixed, with no zoom, rotation, or shake, and the ball's horizontal motion direction is approximately parallel to the image plane. Use a simple, uniform background with consistent color and texture, no clutter, no occlusion, and no other similar moving targets. Lighting should be even and stable, with faint soft-edged shadows that do not interfere with automatic segmentation and tracking. The standard baseball remains fully visible with clear boundaries. Track only the baseball center and keep clear intervals before impact, during impact, and after the backward motion."
242,B3.2,242,R042,"Generate a fixed side-view video of a purple standard soccer ball moving from left to right in a straight line on a horizontal light-colored floor, colliding head-on with a vertical wooden wall on the right, and then moving backward along the same line, with coefficient of restitution e = 0.75. The camera is fixed, with no zoom, rotation, or shake, and the ball's horizontal motion direction is approximately parallel to the image plane. Use a simple, uniform background with consistent color and texture, no clutter, no occlusion, and no other similar moving targets. Lighting should be even and stable, with faint soft-edged shadows that do not interfere with automatic segmentation and tracking. The standard soccer ball remains fully visible with clear boundaries. Track only the soccer-ball center and keep clear intervals before impact, during impact, and after the backward motion."
243,B3.2,243,R043,"Generate a fixed side-view video of a black standard tennis ball moving from left to right in a straight line on a horizontal light-colored floor, colliding head-on with a vertical metal stop on the right, and then moving backward along the same line, with coefficient of restitution e = 0.85. The camera is fixed, with no zoom, rotation, or shake, and the ball's horizontal motion direction is approximately parallel to the image plane. Use a simple, uniform background with consistent color and texture, no clutter, no occlusion, and no other similar moving targets. Lighting should be even and stable, with faint soft-edged shadows that do not interfere with automatic segmentation and tracking. The standard tennis ball remains fully visible with clear boundaries. Track only the tennis-ball center and keep clear intervals before impact, during impact, and after the backward motion."
244,B3.2,244,R044,"Generate a fixed side-view video of a white standard basketball moving from left to right in a straight line on a horizontal light-colored floor, colliding head-on with a vertical padded wall on the right, and then moving backward along the same line, with coefficient of restitution e = 0.35. The camera is fixed, with no zoom, rotation, or shake, and the ball's horizontal motion direction is approximately parallel to the image plane. Use a simple, uniform background with consistent color and texture, no clutter, no occlusion, and no other similar moving targets. Lighting should be even and stable, with faint soft-edged shadows that do not interfere with automatic segmentation and tracking. The standard basketball remains fully visible with clear boundaries. Track only the basketball center and keep clear intervals before impact, during impact, and after the backward motion."
245,B3.2,245,R045,"Generate a fixed side-view video of a cyan standard golf ball moving from left to right in a straight line on a horizontal light-colored floor, colliding head-on with a vertical hard wall on the right, and then moving backward along the same line, with coefficient of restitution e = 0.55. The camera is fixed, with no zoom, rotation, or shake, and the ball's horizontal motion direction is approximately parallel to the image plane. Use a simple, uniform background with consistent color and texture, no clutter, no occlusion, and no other similar moving targets. Lighting should be even and stable, with faint soft-edged shadows that do not interfere with automatic segmentation and tracking. The standard golf ball remains fully visible with clear boundaries. Track only the golf-ball center and keep clear intervals before impact, during impact, and after the backward motion."
246,B3.2,246,R046,"Generate a fixed side-view video of a pink standard ping-pong ball moving from left to right in a straight line on a horizontal light-colored floor, colliding head-on with a vertical wooden wall on the right, and then moving backward along the same line, with coefficient of restitution e = 0.75. The camera is fixed, with no zoom, rotation, or shake, and the ball's horizontal motion direction is approximately parallel to the image plane. Use a simple, uniform background with consistent color and texture, no clutter, no occlusion, and no other similar moving targets. Lighting should be even and stable, with faint soft-edged shadows that do not interfere with automatic segmentation and tracking. The standard ping-pong ball remains fully visible with clear boundaries. Track only the ping-pong-ball center and keep clear intervals before impact, during impact, and after the backward motion."
247,B3.2,247,R047,"Generate a fixed side-view video of a red standard baseball moving from left to right in a straight line on a horizontal light-colored floor, colliding head-on with a vertical metal stop on the right, and then moving backward along the same line, with coefficient of restitution e = 0.85. The camera is fixed, with no zoom, rotation, or shake, and the ball's horizontal motion direction is approximately parallel to the image plane. Use a simple, uniform background with consistent color and texture, no clutter, no occlusion, and no other similar moving targets. Lighting should be even and stable, with faint soft-edged shadows that do not interfere with automatic segmentation and tracking. The standard baseball remains fully visible with clear boundaries. Track only the baseball center and keep clear intervals before impact, during impact, and after the backward motion."
248,B3.2,248,R048,"Generate a fixed side-view video of a blue standard soccer ball moving from left to right in a straight line on a horizontal light-colored floor, colliding head-on with a vertical padded wall on the right, and then moving backward along the same line, with coefficient of restitution e = 0.35. The camera is fixed, with no zoom, rotation, or shake, and the ball's horizontal motion direction is approximately parallel to the image plane. Use a simple, uniform background with consistent color and texture, no clutter, no occlusion, and no other similar moving targets. Lighting should be even and stable, with faint soft-edged shadows that do not interfere with automatic segmentation and tracking. The standard soccer ball remains fully visible with clear boundaries. Track only the soccer-ball center and keep clear intervals before impact, during impact, and after the backward motion."
249,B3.2,249,R049,"Generate a fixed side-view video of a green standard tennis ball moving from left to right in a straight line on a horizontal light-colored floor, colliding head-on with a vertical hard wall on the right, and then moving backward along the same line, with coefficient of restitution e = 0.55. The camera is fixed, with no zoom, rotation, or shake, and the ball's horizontal motion direction is approximately parallel to the image plane. Use a simple, uniform background with consistent color and texture, no clutter, no occlusion, and no other similar moving targets. Lighting should be even and stable, with faint soft-edged shadows that do not interfere with automatic segmentation and tracking. The standard tennis ball remains fully visible with clear boundaries. Track only the tennis-ball center and keep clear intervals before impact, during impact, and after the backward motion."
250,B3.2,250,R050,"Generate a fixed side-view video of a yellow standard basketball moving from left to right in a straight line on a horizontal light-colored floor, colliding head-on with a vertical wooden wall on the right, and then moving backward along the same line, with coefficient of restitution e = 0.75. The camera is fixed, with no zoom, rotation, or shake, and the ball's horizontal motion direction is approximately parallel to the image plane. Use a simple, uniform background with consistent color and texture, no clutter, no occlusion, and no other similar moving targets. Lighting should be even and stable, with faint soft-edged shadows that do not interfere with automatic segmentation and tracking. The standard basketball remains fully visible with clear boundaries. Track only the basketball center and keep clear intervals before impact, during impact, and after the backward motion."
251,B3.3,251,D001,"Generate a fixed side-view video of a black solid sphere with diameter 3.0 cm and density 1100 kg/m³ fully submerged in still clear water, then released from rest and moving vertically. The liquid remains still, transparent, and free of bubbles or stirring. The camera is fixed, with no zoom, rotation, or shake, and the container front face is approximately parallel to the image plane. Use a simple, uniform background with consistent color and texture, no clutter, no occlusion, and no other similar moving targets. Lighting should be even and stable, with faint soft-edged shadows that do not interfere with automatic segmentation and tracking. The sphere stays near the front-center region of the container, far from the liquid surface, bottom, and side walls; it remains fully visible with clear boundaries, and its 3.0 cm diameter can be used for pixel-to-meter scale calibration. Track only the sphere center and keep the initial motion interval after release visible."
252,B3.3,252,D002,"Generate a fixed side-view video of a white solid sphere with diameter 4.0 cm and density 1400 kg/m³ fully submerged in still low-viscosity transparent silicone oil, then released from rest and moving vertically. The liquid remains still, transparent, and free of bubbles or stirring. The camera is fixed, with no zoom, rotation, or shake, and the container front face is approximately parallel to the image plane. Use a simple, uniform background with consistent color and texture, no clutter, no occlusion, and no other similar moving targets. Lighting should be even and stable, with faint soft-edged shadows that do not interfere with automatic segmentation and tracking. The sphere stays near the front-center region of the container, far from the liquid surface, bottom, and side walls; it remains fully visible with clear boundaries, and its 4.0 cm diameter can be used for pixel-to-meter scale calibration. Track only the sphere center and keep the initial motion interval after release visible."
253,B3.3,253,D003,"Generate a fixed side-view video of a cyan solid sphere with diameter 2.5 cm and density 850 kg/m³ fully submerged in still low-viscosity clear oil, then released from rest and moving vertically. The liquid remains still, transparent, and free of bubbles or stirring. The camera is fixed, with no zoom, rotation, or shake, and the container front face is approximately parallel to the image plane. Use a simple, uniform background with consistent color and texture, no clutter, no occlusion, and no other similar moving targets. Lighting should be even and stable, with faint soft-edged shadows that do not interfere with automatic segmentation and tracking. The sphere stays near the front-center region of the container, far from the liquid surface, bottom, and side walls; it remains fully visible with clear boundaries, and its 2.5 cm diameter can be used for pixel-to-meter scale calibration. Track only the sphere center and keep the initial motion interval after release visible."
254,B3.3,254,D004,"Generate a fixed side-view video of a pink solid sphere with diameter 3.5 cm and density 1100 kg/m³ fully submerged in still clear water, then released from rest and moving vertically. The liquid remains still, transparent, and free of bubbles or stirring. The camera is fixed, with no zoom, rotation, or shake, and the container front face is approximately parallel to the image plane. Use a simple, uniform background with consistent color and texture, no clutter, no occlusion, and no other similar moving targets. Lighting should be even and stable, with faint soft-edged shadows that do not interfere with automatic segmentation and tracking. The sphere stays near the front-center region of the container, far from the liquid surface, bottom, and side walls; it remains fully visible with clear boundaries, and its 3.5 cm diameter can be used for pixel-to-meter scale calibration. Track only the sphere center and keep the initial motion interval after release visible."
255,B3.3,255,D005,"Generate a fixed side-view video of a red solid sphere with diameter 2.0 cm and density 1400 kg/m³ fully submerged in still low-viscosity transparent silicone oil, then released from rest and moving vertically. The liquid remains still, transparent, and free of bubbles or stirring. The camera is fixed, with no zoom, rotation, or shake, and the container front face is approximately parallel to the image plane. Use a simple, uniform background with consistent color and texture, no clutter, no occlusion, and no other similar moving targets. Lighting should be even and stable, with faint soft-edged shadows that do not interfere with automatic segmentation and tracking. The sphere stays near the front-center region of the container, far from the liquid surface, bottom, and side walls; it remains fully visible with clear boundaries, and its 2.0 cm diameter can be used for pixel-to-meter scale calibration. Track only the sphere center and keep the initial motion interval after release visible."
256,B3.3,256,D006,"Generate a fixed side-view video of a blue solid sphere with diameter 3.0 cm and density 850 kg/m³ fully submerged in still low-viscosity clear oil, then released from rest and moving vertically. The liquid remains still, transparent, and free of bubbles or stirring. The camera is fixed, with no zoom, rotation, or shake, and the container front face is approximately parallel to the image plane. Use a simple, uniform background with consistent color and texture, no clutter, no occlusion, and no other similar moving targets. Lighting should be even and stable, with faint soft-edged shadows that do not interfere with automatic segmentation and tracking. The sphere stays near the front-center region of the container, far from the liquid surface, bottom, and side walls; it remains fully visible with clear boundaries, and its 3.0 cm diameter can be used for pixel-to-meter scale calibration. Track only the sphere center and keep the initial motion interval after release visible."
257,B3.3,257,D007,"Generate a fixed side-view video of a green solid sphere with diameter 4.0 cm and density 1100 kg/m³ fully submerged in still clear water, then released from rest and moving vertically. The liquid remains still, transparent, and free of bubbles or stirring. The camera is fixed, with no zoom, rotation, or shake, and the container front face is approximately parallel to the image plane. Use a simple, uniform background with consistent color and texture, no clutter, no occlusion, and no other similar moving targets. Lighting should be even and stable, with faint soft-edged shadows that do not interfere with automatic segmentation and tracking. The sphere stays near the front-center region of the container, far from the liquid surface, bottom, and side walls; it remains fully visible with clear boundaries, and its 4.0 cm diameter can be used for pixel-to-meter scale calibration. Track only the sphere center and keep the initial motion interval after release visible."
258,B3.3,258,D008,"Generate a fixed side-view video of a yellow solid sphere with diameter 2.5 cm and density 1400 kg/m³ fully submerged in still low-viscosity transparent silicone oil, then released from rest and moving vertically. The liquid remains still, transparent, and free of bubbles or stirring. The camera is fixed, with no zoom, rotation, or shake, and the container front face is approximately parallel to the image plane. Use a simple, uniform background with consistent color and texture, no clutter, no occlusion, and no other similar moving targets. Lighting should be even and stable, with faint soft-edged shadows that do not interfere with automatic segmentation and tracking. The sphere stays near the front-center region of the container, far from the liquid surface, bottom, and side walls; it remains fully visible with clear boundaries, and its 2.5 cm diameter can be used for pixel-to-meter scale calibration. Track only the sphere center and keep the initial motion interval after release visible."
259,B3.3,259,D009,"Generate a fixed side-view video of a orange solid sphere with diameter 3.5 cm and density 850 kg/m³ fully submerged in still low-viscosity clear oil, then released from rest and moving vertically. The liquid remains still, transparent, and free of bubbles or stirring. The camera is fixed, with no zoom, rotation, or shake, and the container front face is approximately parallel to the image plane. Use a simple, uniform background with consistent color and texture, no clutter, no occlusion, and no other similar moving targets. Lighting should be even and stable, with faint soft-edged shadows that do not interfere with automatic segmentation and tracking. The sphere stays near the front-center region of the container, far from the liquid surface, bottom, and side walls; it remains fully visible with clear boundaries, and its 3.5 cm diameter can be used for pixel-to-meter scale calibration. Track only the sphere center and keep the initial motion interval after release visible."
260,B3.3,260,D010,"Generate a fixed side-view video of a purple solid sphere with diameter 2.0 cm and density 1100 kg/m³ fully submerged in still clear water, then released from rest and moving vertically. The liquid remains still, transparent, and free of bubbles or stirring. The camera is fixed, with no zoom, rotation, or shake, and the container front face is approximately parallel to the image plane. Use a simple, uniform background with consistent color and texture, no clutter, no occlusion, and no other similar moving targets. Lighting should be even and stable, with faint soft-edged shadows that do not interfere with automatic segmentation and tracking. The sphere stays near the front-center region of the container, far from the liquid surface, bottom, and side walls; it remains fully visible with clear boundaries, and its 2.0 cm diameter can be used for pixel-to-meter scale calibration. Track only the sphere center and keep the initial motion interval after release visible."
261,B3.3,261,D011,"Generate a fixed side-view video of a black solid sphere with diameter 3.0 cm and density 1400 kg/m³ fully submerged in still low-viscosity transparent silicone oil, then released from rest and moving vertically. The liquid remains still, transparent, and free of bubbles or stirring. The camera is fixed, with no zoom, rotation, or shake, and the container front face is approximately parallel to the image plane. Use a simple, uniform background with consistent color and texture, no clutter, no occlusion, and no other similar moving targets. Lighting should be even and stable, with faint soft-edged shadows that do not interfere with automatic segmentation and tracking. The sphere stays near the front-center region of the container, far from the liquid surface, bottom, and side walls; it remains fully visible with clear boundaries, and its 3.0 cm diameter can be used for pixel-to-meter scale calibration. Track only the sphere center and keep the initial motion interval after release visible."
262,B3.3,262,D012,"Generate a fixed side-view video of a white solid sphere with diameter 4.0 cm and density 850 kg/m³ fully submerged in still low-viscosity clear oil, then released from rest and moving vertically. The liquid remains still, transparent, and free of bubbles or stirring. The camera is fixed, with no zoom, rotation, or shake, and the container front face is approximately parallel to the image plane. Use a simple, uniform background with consistent color and texture, no clutter, no occlusion, and no other similar moving targets. Lighting should be even and stable, with faint soft-edged shadows that do not interfere with automatic segmentation and tracking. The sphere stays near the front-center region of the container, far from the liquid surface, bottom, and side walls; it remains fully visible with clear boundaries, and its 4.0 cm diameter can be used for pixel-to-meter scale calibration. Track only the sphere center and keep the initial motion interval after release visible."
263,B3.3,263,D013,"Generate a fixed side-view video of a cyan solid sphere with diameter 2.5 cm and density 1100 kg/m³ fully submerged in still clear water, then released from rest and moving vertically. The liquid remains still, transparent, and free of bubbles or stirring. The camera is fixed, with no zoom, rotation, or shake, and the container front face is approximately parallel to the image plane. Use a simple, uniform background with consistent color and texture, no clutter, no occlusion, and no other similar moving targets. Lighting should be even and stable, with faint soft-edged shadows that do not interfere with automatic segmentation and tracking. The sphere stays near the front-center region of the container, far from the liquid surface, bottom, and side walls; it remains fully visible with clear boundaries, and its 2.5 cm diameter can be used for pixel-to-meter scale calibration. Track only the sphere center and keep the initial motion interval after release visible."
264,B3.3,264,D014,"Generate a fixed side-view video of a pink solid sphere with diameter 3.5 cm and density 1400 kg/m³ fully submerged in still low-viscosity transparent silicone oil, then released from rest and moving vertically. The liquid remains still, transparent, and free of bubbles or stirring. The camera is fixed, with no zoom, rotation, or shake, and the container front face is approximately parallel to the image plane. Use a simple, uniform background with consistent color and texture, no clutter, no occlusion, and no other similar moving targets. Lighting should be even and stable, with faint soft-edged shadows that do not interfere with automatic segmentation and tracking. The sphere stays near the front-center region of the container, far from the liquid surface, bottom, and side walls; it remains fully visible with clear boundaries, and its 3.5 cm diameter can be used for pixel-to-meter scale calibration. Track only the sphere center and keep the initial motion interval after release visible."
265,B3.3,265,D015,"Generate a fixed side-view video of a red solid sphere with diameter 2.0 cm and density 850 kg/m³ fully submerged in still low-viscosity clear oil, then released from rest and moving vertically. The liquid remains still, transparent, and free of bubbles or stirring. The camera is fixed, with no zoom, rotation, or shake, and the container front face is approximately parallel to the image plane. Use a simple, uniform background with consistent color and texture, no clutter, no occlusion, and no other similar moving targets. Lighting should be even and stable, with faint soft-edged shadows that do not interfere with automatic segmentation and tracking. The sphere stays near the front-center region of the container, far from the liquid surface, bottom, and side walls; it remains fully visible with clear boundaries, and its 2.0 cm diameter can be used for pixel-to-meter scale calibration. Track only the sphere center and keep the initial motion interval after release visible."
266,B3.3,266,D016,"Generate a fixed side-view video of a blue solid sphere with diameter 3.0 cm and density 1100 kg/m³ fully submerged in still clear water, then released from rest and moving vertically. The liquid remains still, transparent, and free of bubbles or stirring. The camera is fixed, with no zoom, rotation, or shake, and the container front face is approximately parallel to the image plane. Use a simple, uniform background with consistent color and texture, no clutter, no occlusion, and no other similar moving targets. Lighting should be even and stable, with faint soft-edged shadows that do not interfere with automatic segmentation and tracking. The sphere stays near the front-center region of the container, far from the liquid surface, bottom, and side walls; it remains fully visible with clear boundaries, and its 3.0 cm diameter can be used for pixel-to-meter scale calibration. Track only the sphere center and keep the initial motion interval after release visible."
267,B3.3,267,D017,"Generate a fixed side-view video of a green solid sphere with diameter 4.0 cm and density 1400 kg/m³ fully submerged in still low-viscosity transparent silicone oil, then released from rest and moving vertically. The liquid remains still, transparent, and free of bubbles or stirring. The camera is fixed, with no zoom, rotation, or shake, and the container front face is approximately parallel to the image plane. Use a simple, uniform background with consistent color and texture, no clutter, no occlusion, and no other similar moving targets. Lighting should be even and stable, with faint soft-edged shadows that do not interfere with automatic segmentation and tracking. The sphere stays near the front-center region of the container, far from the liquid surface, bottom, and side walls; it remains fully visible with clear boundaries, and its 4.0 cm diameter can be used for pixel-to-meter scale calibration. Track only the sphere center and keep the initial motion interval after release visible."
268,B3.3,268,D018,"Generate a fixed side-view video of a yellow solid sphere with diameter 2.5 cm and density 850 kg/m³ fully submerged in still low-viscosity clear oil, then released from rest and moving vertically. The liquid remains still, transparent, and free of bubbles or stirring. The camera is fixed, with no zoom, rotation, or shake, and the container front face is approximately parallel to the image plane. Use a simple, uniform background with consistent color and texture, no clutter, no occlusion, and no other similar moving targets. Lighting should be even and stable, with faint soft-edged shadows that do not interfere with automatic segmentation and tracking. The sphere stays near the front-center region of the container, far from the liquid surface, bottom, and side walls; it remains fully visible with clear boundaries, and its 2.5 cm diameter can be used for pixel-to-meter scale calibration. Track only the sphere center and keep the initial motion interval after release visible."
269,B3.3,269,D019,"Generate a fixed side-view video of a orange solid sphere with diameter 3.5 cm and density 1100 kg/m³ fully submerged in still clear water, then released from rest and moving vertically. The liquid remains still, transparent, and free of bubbles or stirring. The camera is fixed, with no zoom, rotation, or shake, and the container front face is approximately parallel to the image plane. Use a simple, uniform background with consistent color and texture, no clutter, no occlusion, and no other similar moving targets. Lighting should be even and stable, with faint soft-edged shadows that do not interfere with automatic segmentation and tracking. The sphere stays near the front-center region of the container, far from the liquid surface, bottom, and side walls; it remains fully visible with clear boundaries, and its 3.5 cm diameter can be used for pixel-to-meter scale calibration. Track only the sphere center and keep the initial motion interval after release visible."
270,B3.3,270,D020,"Generate a fixed side-view video of a purple solid sphere with diameter 2.0 cm and density 1400 kg/m³ fully submerged in still low-viscosity transparent silicone oil, then released from rest and moving vertically. The liquid remains still, transparent, and free of bubbles or stirring. The camera is fixed, with no zoom, rotation, or shake, and the container front face is approximately parallel to the image plane. Use a simple, uniform background with consistent color and texture, no clutter, no occlusion, and no other similar moving targets. Lighting should be even and stable, with faint soft-edged shadows that do not interfere with automatic segmentation and tracking. The sphere stays near the front-center region of the container, far from the liquid surface, bottom, and side walls; it remains fully visible with clear boundaries, and its 2.0 cm diameter can be used for pixel-to-meter scale calibration. Track only the sphere center and keep the initial motion interval after release visible."
271,B3.3,271,D021,"Generate a fixed side-view video of a black solid sphere with diameter 3.0 cm and density 850 kg/m³ fully submerged in still low-viscosity clear oil, then released from rest and moving vertically. The liquid remains still, transparent, and free of bubbles or stirring. The camera is fixed, with no zoom, rotation, or shake, and the container front face is approximately parallel to the image plane. Use a simple, uniform background with consistent color and texture, no clutter, no occlusion, and no other similar moving targets. Lighting should be even and stable, with faint soft-edged shadows that do not interfere with automatic segmentation and tracking. The sphere stays near the front-center region of the container, far from the liquid surface, bottom, and side walls; it remains fully visible with clear boundaries, and its 3.0 cm diameter can be used for pixel-to-meter scale calibration. Track only the sphere center and keep the initial motion interval after release visible."
272,B3.3,272,D022,"Generate a fixed side-view video of a white solid sphere with diameter 4.0 cm and density 1100 kg/m³ fully submerged in still clear water, then released from rest and moving vertically. The liquid remains still, transparent, and free of bubbles or stirring. The camera is fixed, with no zoom, rotation, or shake, and the container front face is approximately parallel to the image plane. Use a simple, uniform background with consistent color and texture, no clutter, no occlusion, and no other similar moving targets. Lighting should be even and stable, with faint soft-edged shadows that do not interfere with automatic segmentation and tracking. The sphere stays near the front-center region of the container, far from the liquid surface, bottom, and side walls; it remains fully visible with clear boundaries, and its 4.0 cm diameter can be used for pixel-to-meter scale calibration. Track only the sphere center and keep the initial motion interval after release visible."
273,B3.3,273,D023,"Generate a fixed side-view video of a cyan solid sphere with diameter 2.5 cm and density 1400 kg/m³ fully submerged in still low-viscosity transparent silicone oil, then released from rest and moving vertically. The liquid remains still, transparent, and free of bubbles or stirring. The camera is fixed, with no zoom, rotation, or shake, and the container front face is approximately parallel to the image plane. Use a simple, uniform background with consistent color and texture, no clutter, no occlusion, and no other similar moving targets. Lighting should be even and stable, with faint soft-edged shadows that do not interfere with automatic segmentation and tracking. The sphere stays near the front-center region of the container, far from the liquid surface, bottom, and side walls; it remains fully visible with clear boundaries, and its 2.5 cm diameter can be used for pixel-to-meter scale calibration. Track only the sphere center and keep the initial motion interval after release visible."
274,B3.3,274,D024,"Generate a fixed side-view video of a pink solid sphere with diameter 3.5 cm and density 850 kg/m³ fully submerged in still low-viscosity clear oil, then released from rest and moving vertically. The liquid remains still, transparent, and free of bubbles or stirring. The camera is fixed, with no zoom, rotation, or shake, and the container front face is approximately parallel to the image plane. Use a simple, uniform background with consistent color and texture, no clutter, no occlusion, and no other similar moving targets. Lighting should be even and stable, with faint soft-edged shadows that do not interfere with automatic segmentation and tracking. The sphere stays near the front-center region of the container, far from the liquid surface, bottom, and side walls; it remains fully visible with clear boundaries, and its 3.5 cm diameter can be used for pixel-to-meter scale calibration. Track only the sphere center and keep the initial motion interval after release visible."
275,B3.3,275,D025,"Generate a fixed side-view video of a red solid sphere with diameter 2.0 cm and density 1100 kg/m³ fully submerged in still clear water, then released from rest and moving vertically. The liquid remains still, transparent, and free of bubbles or stirring. The camera is fixed, with no zoom, rotation, or shake, and the container front face is approximately parallel to the image plane. Use a simple, uniform background with consistent color and texture, no clutter, no occlusion, and no other similar moving targets. Lighting should be even and stable, with faint soft-edged shadows that do not interfere with automatic segmentation and tracking. The sphere stays near the front-center region of the container, far from the liquid surface, bottom, and side walls; it remains fully visible with clear boundaries, and its 2.0 cm diameter can be used for pixel-to-meter scale calibration. Track only the sphere center and keep the initial motion interval after release visible."
276,B3.3,276,D026,"Generate a fixed side-view video of a blue solid sphere with diameter 3.0 cm and density 1400 kg/m³ fully submerged in still low-viscosity transparent silicone oil, then released from rest and moving vertically. The liquid remains still, transparent, and free of bubbles or stirring. The camera is fixed, with no zoom, rotation, or shake, and the container front face is approximately parallel to the image plane. Use a simple, uniform background with consistent color and texture, no clutter, no occlusion, and no other similar moving targets. Lighting should be even and stable, with faint soft-edged shadows that do not interfere with automatic segmentation and tracking. The sphere stays near the front-center region of the container, far from the liquid surface, bottom, and side walls; it remains fully visible with clear boundaries, and its 3.0 cm diameter can be used for pixel-to-meter scale calibration. Track only the sphere center and keep the initial motion interval after release visible."
277,B3.3,277,D027,"Generate a fixed side-view video of a green solid sphere with diameter 4.0 cm and density 850 kg/m³ fully submerged in still low-viscosity clear oil, then released from rest and moving vertically. The liquid remains still, transparent, and free of bubbles or stirring. The camera is fixed, with no zoom, rotation, or shake, and the container front face is approximately parallel to the image plane. Use a simple, uniform background with consistent color and texture, no clutter, no occlusion, and no other similar moving targets. Lighting should be even and stable, with faint soft-edged shadows that do not interfere with automatic segmentation and tracking. The sphere stays near the front-center region of the container, far from the liquid surface, bottom, and side walls; it remains fully visible with clear boundaries, and its 4.0 cm diameter can be used for pixel-to-meter scale calibration. Track only the sphere center and keep the initial motion interval after release visible."
278,B3.3,278,D028,"Generate a fixed side-view video of a yellow solid sphere with diameter 2.5 cm and density 1100 kg/m³ fully submerged in still clear water, then released from rest and moving vertically. The liquid remains still, transparent, and free of bubbles or stirring. The camera is fixed, with no zoom, rotation, or shake, and the container front face is approximately parallel to the image plane. Use a simple, uniform background with consistent color and texture, no clutter, no occlusion, and no other similar moving targets. Lighting should be even and stable, with faint soft-edged shadows that do not interfere with automatic segmentation and tracking. The sphere stays near the front-center region of the container, far from the liquid surface, bottom, and side walls; it remains fully visible with clear boundaries, and its 2.5 cm diameter can be used for pixel-to-meter scale calibration. Track only the sphere center and keep the initial motion interval after release visible."
279,B3.3,279,D029,"Generate a fixed side-view video of a orange solid sphere with diameter 3.5 cm and density 1400 kg/m³ fully submerged in still low-viscosity transparent silicone oil, then released from rest and moving vertically. The liquid remains still, transparent, and free of bubbles or stirring. The camera is fixed, with no zoom, rotation, or shake, and the container front face is approximately parallel to the image plane. Use a simple, uniform background with consistent color and texture, no clutter, no occlusion, and no other similar moving targets. Lighting should be even and stable, with faint soft-edged shadows that do not interfere with automatic segmentation and tracking. The sphere stays near the front-center region of the container, far from the liquid surface, bottom, and side walls; it remains fully visible with clear boundaries, and its 3.5 cm diameter can be used for pixel-to-meter scale calibration. Track only the sphere center and keep the initial motion interval after release visible."
280,B3.3,280,D030,"Generate a fixed side-view video of a purple solid sphere with diameter 2.0 cm and density 850 kg/m³ fully submerged in still low-viscosity clear oil, then released from rest and moving vertically. The liquid remains still, transparent, and free of bubbles or stirring. The camera is fixed, with no zoom, rotation, or shake, and the container front face is approximately parallel to the image plane. Use a simple, uniform background with consistent color and texture, no clutter, no occlusion, and no other similar moving targets. Lighting should be even and stable, with faint soft-edged shadows that do not interfere with automatic segmentation and tracking. The sphere stays near the front-center region of the container, far from the liquid surface, bottom, and side walls; it remains fully visible with clear boundaries, and its 2.0 cm diameter can be used for pixel-to-meter scale calibration. Track only the sphere center and keep the initial motion interval after release visible."
281,B3.3,281,D031,"Generate a fixed side-view video of a black solid sphere with diameter 3.0 cm and density 1100 kg/m³ fully submerged in still clear water, then released from rest and moving vertically. The liquid remains still, transparent, and free of bubbles or stirring. The camera is fixed, with no zoom, rotation, or shake, and the container front face is approximately parallel to the image plane. Use a simple, uniform background with consistent color and texture, no clutter, no occlusion, and no other similar moving targets. Lighting should be even and stable, with faint soft-edged shadows that do not interfere with automatic segmentation and tracking. The sphere stays near the front-center region of the container, far from the liquid surface, bottom, and side walls; it remains fully visible with clear boundaries, and its 3.0 cm diameter can be used for pixel-to-meter scale calibration. Track only the sphere center and keep the initial motion interval after release visible."
282,B3.3,282,D032,"Generate a fixed side-view video of a white solid sphere with diameter 4.0 cm and density 1400 kg/m³ fully submerged in still low-viscosity transparent silicone oil, then released from rest and moving vertically. The liquid remains still, transparent, and free of bubbles or stirring. The camera is fixed, with no zoom, rotation, or shake, and the container front face is approximately parallel to the image plane. Use a simple, uniform background with consistent color and texture, no clutter, no occlusion, and no other similar moving targets. Lighting should be even and stable, with faint soft-edged shadows that do not interfere with automatic segmentation and tracking. The sphere stays near the front-center region of the container, far from the liquid surface, bottom, and side walls; it remains fully visible with clear boundaries, and its 4.0 cm diameter can be used for pixel-to-meter scale calibration. Track only the sphere center and keep the initial motion interval after release visible."
283,B3.3,283,D033,"Generate a fixed side-view video of a cyan solid sphere with diameter 2.5 cm and density 850 kg/m³ fully submerged in still low-viscosity clear oil, then released from rest and moving vertically. The liquid remains still, transparent, and free of bubbles or stirring. The camera is fixed, with no zoom, rotation, or shake, and the container front face is approximately parallel to the image plane. Use a simple, uniform background with consistent color and texture, no clutter, no occlusion, and no other similar moving targets. Lighting should be even and stable, with faint soft-edged shadows that do not interfere with automatic segmentation and tracking. The sphere stays near the front-center region of the container, far from the liquid surface, bottom, and side walls; it remains fully visible with clear boundaries, and its 2.5 cm diameter can be used for pixel-to-meter scale calibration. Track only the sphere center and keep the initial motion interval after release visible."
284,B3.3,284,D034,"Generate a fixed side-view video of a pink solid sphere with diameter 3.5 cm and density 1100 kg/m³ fully submerged in still clear water, then released from rest and moving vertically. The liquid remains still, transparent, and free of bubbles or stirring. The camera is fixed, with no zoom, rotation, or shake, and the container front face is approximately parallel to the image plane. Use a simple, uniform background with consistent color and texture, no clutter, no occlusion, and no other similar moving targets. Lighting should be even and stable, with faint soft-edged shadows that do not interfere with automatic segmentation and tracking. The sphere stays near the front-center region of the container, far from the liquid surface, bottom, and side walls; it remains fully visible with clear boundaries, and its 3.5 cm diameter can be used for pixel-to-meter scale calibration. Track only the sphere center and keep the initial motion interval after release visible."
285,B3.3,285,D035,"Generate a fixed side-view video of a red solid sphere with diameter 2.0 cm and density 1400 kg/m³ fully submerged in still low-viscosity transparent silicone oil, then released from rest and moving vertically. The liquid remains still, transparent, and free of bubbles or stirring. The camera is fixed, with no zoom, rotation, or shake, and the container front face is approximately parallel to the image plane. Use a simple, uniform background with consistent color and texture, no clutter, no occlusion, and no other similar moving targets. Lighting should be even and stable, with faint soft-edged shadows that do not interfere with automatic segmentation and tracking. The sphere stays near the front-center region of the container, far from the liquid surface, bottom, and side walls; it remains fully visible with clear boundaries, and its 2.0 cm diameter can be used for pixel-to-meter scale calibration. Track only the sphere center and keep the initial motion interval after release visible."
286,B3.3,286,D036,"Generate a fixed side-view video of a blue solid sphere with diameter 3.0 cm and density 850 kg/m³ fully submerged in still low-viscosity clear oil, then released from rest and moving vertically. The liquid remains still, transparent, and free of bubbles or stirring. The camera is fixed, with no zoom, rotation, or shake, and the container front face is approximately parallel to the image plane. Use a simple, uniform background with consistent color and texture, no clutter, no occlusion, and no other similar moving targets. Lighting should be even and stable, with faint soft-edged shadows that do not interfere with automatic segmentation and tracking. The sphere stays near the front-center region of the container, far from the liquid surface, bottom, and side walls; it remains fully visible with clear boundaries, and its 3.0 cm diameter can be used for pixel-to-meter scale calibration. Track only the sphere center and keep the initial motion interval after release visible."
287,B3.3,287,D037,"Generate a fixed side-view video of a green solid sphere with diameter 4.0 cm and density 1100 kg/m³ fully submerged in still clear water, then released from rest and moving vertically. The liquid remains still, transparent, and free of bubbles or stirring. The camera is fixed, with no zoom, rotation, or shake, and the container front face is approximately parallel to the image plane. Use a simple, uniform background with consistent color and texture, no clutter, no occlusion, and no other similar moving targets. Lighting should be even and stable, with faint soft-edged shadows that do not interfere with automatic segmentation and tracking. The sphere stays near the front-center region of the container, far from the liquid surface, bottom, and side walls; it remains fully visible with clear boundaries, and its 4.0 cm diameter can be used for pixel-to-meter scale calibration. Track only the sphere center and keep the initial motion interval after release visible."
288,B3.3,288,D038,"Generate a fixed side-view video of a yellow solid sphere with diameter 2.5 cm and density 1400 kg/m³ fully submerged in still low-viscosity transparent silicone oil, then released from rest and moving vertically. The liquid remains still, transparent, and free of bubbles or stirring. The camera is fixed, with no zoom, rotation, or shake, and the container front face is approximately parallel to the image plane. Use a simple, uniform background with consistent color and texture, no clutter, no occlusion, and no other similar moving targets. Lighting should be even and stable, with faint soft-edged shadows that do not interfere with automatic segmentation and tracking. The sphere stays near the front-center region of the container, far from the liquid surface, bottom, and side walls; it remains fully visible with clear boundaries, and its 2.5 cm diameter can be used for pixel-to-meter scale calibration. Track only the sphere center and keep the initial motion interval after release visible."
289,B3.3,289,D039,"Generate a fixed side-view video of a orange solid sphere with diameter 3.5 cm and density 850 kg/m³ fully submerged in still low-viscosity clear oil, then released from rest and moving vertically. The liquid remains still, transparent, and free of bubbles or stirring. The camera is fixed, with no zoom, rotation, or shake, and the container front face is approximately parallel to the image plane. Use a simple, uniform background with consistent color and texture, no clutter, no occlusion, and no other similar moving targets. Lighting should be even and stable, with faint soft-edged shadows that do not interfere with automatic segmentation and tracking. The sphere stays near the front-center region of the container, far from the liquid surface, bottom, and side walls; it remains fully visible with clear boundaries, and its 3.5 cm diameter can be used for pixel-to-meter scale calibration. Track only the sphere center and keep the initial motion interval after release visible."
290,B3.3,290,D040,"Generate a fixed side-view video of a purple solid sphere with diameter 2.0 cm and density 1100 kg/m³ fully submerged in still clear water, then released from rest and moving vertically. The liquid remains still, transparent, and free of bubbles or stirring. The camera is fixed, with no zoom, rotation, or shake, and the container front face is approximately parallel to the image plane. Use a simple, uniform background with consistent color and texture, no clutter, no occlusion, and no other similar moving targets. Lighting should be even and stable, with faint soft-edged shadows that do not interfere with automatic segmentation and tracking. The sphere stays near the front-center region of the container, far from the liquid surface, bottom, and side walls; it remains fully visible with clear boundaries, and its 2.0 cm diameter can be used for pixel-to-meter scale calibration. Track only the sphere center and keep the initial motion interval after release visible."
291,B3.3,291,D041,"Generate a fixed side-view video of a black solid sphere with diameter 3.0 cm and density 1400 kg/m³ fully submerged in still low-viscosity transparent silicone oil, then released from rest and moving vertically. The liquid remains still, transparent, and free of bubbles or stirring. The camera is fixed, with no zoom, rotation, or shake, and the container front face is approximately parallel to the image plane. Use a simple, uniform background with consistent color and texture, no clutter, no occlusion, and no other similar moving targets. Lighting should be even and stable, with faint soft-edged shadows that do not interfere with automatic segmentation and tracking. The sphere stays near the front-center region of the container, far from the liquid surface, bottom, and side walls; it remains fully visible with clear boundaries, and its 3.0 cm diameter can be used for pixel-to-meter scale calibration. Track only the sphere center and keep the initial motion interval after release visible."
292,B3.3,292,D042,"Generate a fixed side-view video of a white solid sphere with diameter 4.0 cm and density 850 kg/m³ fully submerged in still low-viscosity clear oil, then released from rest and moving vertically. The liquid remains still, transparent, and free of bubbles or stirring. The camera is fixed, with no zoom, rotation, or shake, and the container front face is approximately parallel to the image plane. Use a simple, uniform background with consistent color and texture, no clutter, no occlusion, and no other similar moving targets. Lighting should be even and stable, with faint soft-edged shadows that do not interfere with automatic segmentation and tracking. The sphere stays near the front-center region of the container, far from the liquid surface, bottom, and side walls; it remains fully visible with clear boundaries, and its 4.0 cm diameter can be used for pixel-to-meter scale calibration. Track only the sphere center and keep the initial motion interval after release visible."
293,B3.3,293,D043,"Generate a fixed side-view video of a cyan solid sphere with diameter 2.5 cm and density 1100 kg/m³ fully submerged in still clear water, then released from rest and moving vertically. The liquid remains still, transparent, and free of bubbles or stirring. The camera is fixed, with no zoom, rotation, or shake, and the container front face is approximately parallel to the image plane. Use a simple, uniform background with consistent color and texture, no clutter, no occlusion, and no other similar moving targets. Lighting should be even and stable, with faint soft-edged shadows that do not interfere with automatic segmentation and tracking. The sphere stays near the front-center region of the container, far from the liquid surface, bottom, and side walls; it remains fully visible with clear boundaries, and its 2.5 cm diameter can be used for pixel-to-meter scale calibration. Track only the sphere center and keep the initial motion interval after release visible."
294,B3.3,294,D044,"Generate a fixed side-view video of a pink solid sphere with diameter 3.5 cm and density 1400 kg/m³ fully submerged in still low-viscosity transparent silicone oil, then released from rest and moving vertically. The liquid remains still, transparent, and free of bubbles or stirring. The camera is fixed, with no zoom, rotation, or shake, and the container front face is approximately parallel to the image plane. Use a simple, uniform background with consistent color and texture, no clutter, no occlusion, and no other similar moving targets. Lighting should be even and stable, with faint soft-edged shadows that do not interfere with automatic segmentation and tracking. The sphere stays near the front-center region of the container, far from the liquid surface, bottom, and side walls; it remains fully visible with clear boundaries, and its 3.5 cm diameter can be used for pixel-to-meter scale calibration. Track only the sphere center and keep the initial motion interval after release visible."
295,B3.3,295,D045,"Generate a fixed side-view video of a red solid sphere with diameter 2.0 cm and density 850 kg/m³ fully submerged in still low-viscosity clear oil, then released from rest and moving vertically. The liquid remains still, transparent, and free of bubbles or stirring. The camera is fixed, with no zoom, rotation, or shake, and the container front face is approximately parallel to the image plane. Use a simple, uniform background with consistent color and texture, no clutter, no occlusion, and no other similar moving targets. Lighting should be even and stable, with faint soft-edged shadows that do not interfere with automatic segmentation and tracking. The sphere stays near the front-center region of the container, far from the liquid surface, bottom, and side walls; it remains fully visible with clear boundaries, and its 2.0 cm diameter can be used for pixel-to-meter scale calibration. Track only the sphere center and keep the initial motion interval after release visible."
296,B3.3,296,D046,"Generate a fixed side-view video of a blue solid sphere with diameter 3.0 cm and density 1100 kg/m³ fully submerged in still clear water, then released from rest and moving vertically. The liquid remains still, transparent, and free of bubbles or stirring. The camera is fixed, with no zoom, rotation, or shake, and the container front face is approximately parallel to the image plane. Use a simple, uniform background with consistent color and texture, no clutter, no occlusion, and no other similar moving targets. Lighting should be even and stable, with faint soft-edged shadows that do not interfere with automatic segmentation and tracking. The sphere stays near the front-center region of the container, far from the liquid surface, bottom, and side walls; it remains fully visible with clear boundaries, and its 3.0 cm diameter can be used for pixel-to-meter scale calibration. Track only the sphere center and keep the initial motion interval after release visible."
297,B3.3,297,D047,"Generate a fixed side-view video of a green solid sphere with diameter 4.0 cm and density 1400 kg/m³ fully submerged in still low-viscosity transparent silicone oil, then released from rest and moving vertically. The liquid remains still, transparent, and free of bubbles or stirring. The camera is fixed, with no zoom, rotation, or shake, and the container front face is approximately parallel to the image plane. Use a simple, uniform background with consistent color and texture, no clutter, no occlusion, and no other similar moving targets. Lighting should be even and stable, with faint soft-edged shadows that do not interfere with automatic segmentation and tracking. The sphere stays near the front-center region of the container, far from the liquid surface, bottom, and side walls; it remains fully visible with clear boundaries, and its 4.0 cm diameter can be used for pixel-to-meter scale calibration. Track only the sphere center and keep the initial motion interval after release visible."
298,B3.3,298,D048,"Generate a fixed side-view video of a yellow solid sphere with diameter 2.5 cm and density 850 kg/m³ fully submerged in still low-viscosity clear oil, then released from rest and moving vertically. The liquid remains still, transparent, and free of bubbles or stirring. The camera is fixed, with no zoom, rotation, or shake, and the container front face is approximately parallel to the image plane. Use a simple, uniform background with consistent color and texture, no clutter, no occlusion, and no other similar moving targets. Lighting should be even and stable, with faint soft-edged shadows that do not interfere with automatic segmentation and tracking. The sphere stays near the front-center region of the container, far from the liquid surface, bottom, and side walls; it remains fully visible with clear boundaries, and its 2.5 cm diameter can be used for pixel-to-meter scale calibration. Track only the sphere center and keep the initial motion interval after release visible."
299,B3.3,299,D049,"Generate a fixed side-view video of a orange solid sphere with diameter 3.5 cm and density 1100 kg/m³ fully submerged in still clear water, then released from rest and moving vertically. The liquid remains still, transparent, and free of bubbles or stirring. The camera is fixed, with no zoom, rotation, or shake, and the container front face is approximately parallel to the image plane. Use a simple, uniform background with consistent color and texture, no clutter, no occlusion, and no other similar moving targets. Lighting should be even and stable, with faint soft-edged shadows that do not interfere with automatic segmentation and tracking. The sphere stays near the front-center region of the container, far from the liquid surface, bottom, and side walls; it remains fully visible with clear boundaries, and its 3.5 cm diameter can be used for pixel-to-meter scale calibration. Track only the sphere center and keep the initial motion interval after release visible."
300,B3.3,300,D050,"Generate a fixed side-view video of a purple solid sphere with diameter 2.0 cm and density 1400 kg/m³ fully submerged in still low-viscosity transparent silicone oil, then released from rest and moving vertically. The liquid remains still, transparent, and free of bubbles or stirring. The camera is fixed, with no zoom, rotation, or shake, and the container front face is approximately parallel to the image plane. Use a simple, uniform background with consistent color and texture, no clutter, no occlusion, and no other similar moving targets. Lighting should be even and stable, with faint soft-edged shadows that do not interfere with automatic segmentation and tracking. The sphere stays near the front-center region of the container, far from the liquid surface, bottom, and side walls; it remains fully visible with clear boundaries, and its 2.0 cm diameter can be used for pixel-to-meter scale calibration. Track only the sphere center and keep the initial motion interval after release visible."
301,B3.4,301,ETA001,"Generate a fixed side-view video of a standard steel bearing ball with diameter 3 mm sinking vertically in transparent silicone oil, with liquid viscosity η = 0.40 Pa·s. The camera is fixed, with no zoom, rotation, or shake, and the container front face is approximately parallel to the image plane. Use a simple, uniform background with consistent color and texture, no clutter, no occlusion, and no other similar moving targets. Lighting should be even and stable, with faint soft-edged shadows that do not interfere with automatic segmentation and tracking. The steel ball stays near the front-center region of the container, far from the liquid surface, bottom, and side walls; the liquid remains still, transparent, and bubble-free. The ball remains fully visible with clear boundaries, and its 3 mm diameter can be used for pixel-to-meter scale calibration. Track only the steel-ball center and keep a sufficiently long sinking interval to observe a stable-speed segment."
302,B3.4,302,ETA002,"Generate a fixed side-view video of a standard steel bearing ball with diameter 4 mm sinking vertically in transparent silicone oil, with liquid viscosity η = 0.60 Pa·s. The camera is fixed, with no zoom, rotation, or shake, and the container front face is approximately parallel to the image plane. Use a simple, uniform background with consistent color and texture, no clutter, no occlusion, and no other similar moving targets. Lighting should be even and stable, with faint soft-edged shadows that do not interfere with automatic segmentation and tracking. The steel ball stays near the front-center region of the container, far from the liquid surface, bottom, and side walls; the liquid remains still, transparent, and bubble-free. The ball remains fully visible with clear boundaries, and its 4 mm diameter can be used for pixel-to-meter scale calibration. Track only the steel-ball center and keep a sufficiently long sinking interval to observe a stable-speed segment."
303,B3.4,303,ETA003,"Generate a fixed side-view video of a standard steel bearing ball with diameter 5 mm sinking vertically in transparent silicone oil, with liquid viscosity η = 1.00 Pa·s. The camera is fixed, with no zoom, rotation, or shake, and the container front face is approximately parallel to the image plane. Use a simple, uniform background with consistent color and texture, no clutter, no occlusion, and no other similar moving targets. Lighting should be even and stable, with faint soft-edged shadows that do not interfere with automatic segmentation and tracking. The steel ball stays near the front-center region of the container, far from the liquid surface, bottom, and side walls; the liquid remains still, transparent, and bubble-free. The ball remains fully visible with clear boundaries, and its 5 mm diameter can be used for pixel-to-meter scale calibration. Track only the steel-ball center and keep a sufficiently long sinking interval to observe a stable-speed segment."
304,B3.4,304,ETA004,"Generate a fixed side-view video of a standard steel bearing ball with diameter 6 mm sinking vertically in transparent silicone oil, with liquid viscosity η = 0.20 Pa·s. The camera is fixed, with no zoom, rotation, or shake, and the container front face is approximately parallel to the image plane. Use a simple, uniform background with consistent color and texture, no clutter, no occlusion, and no other similar moving targets. Lighting should be even and stable, with faint soft-edged shadows that do not interfere with automatic segmentation and tracking. The steel ball stays near the front-center region of the container, far from the liquid surface, bottom, and side walls; the liquid remains still, transparent, and bubble-free. The ball remains fully visible with clear boundaries, and its 6 mm diameter can be used for pixel-to-meter scale calibration. Track only the steel-ball center and keep a sufficiently long sinking interval to observe a stable-speed segment."
305,B3.4,305,ETA005,"Generate a fixed side-view video of a standard steel bearing ball with diameter 3 mm sinking vertically in transparent silicone oil, with liquid viscosity η = 0.40 Pa·s. The camera is fixed, with no zoom, rotation, or shake, and the container front face is approximately parallel to the image plane. Use a simple, uniform background with consistent color and texture, no clutter, no occlusion, and no other similar moving targets. Lighting should be even and stable, with faint soft-edged shadows that do not interfere with automatic segmentation and tracking. The steel ball stays near the front-center region of the container, far from the liquid surface, bottom, and side walls; the liquid remains still, transparent, and bubble-free. The ball remains fully visible with clear boundaries, and its 3 mm diameter can be used for pixel-to-meter scale calibration. Track only the steel-ball center and keep a sufficiently long sinking interval to observe a stable-speed segment."
306,B3.4,306,ETA006,"Generate a fixed side-view video of a standard steel bearing ball with diameter 4 mm sinking vertically in transparent silicone oil, with liquid viscosity η = 0.60 Pa·s. The camera is fixed, with no zoom, rotation, or shake, and the container front face is approximately parallel to the image plane. Use a simple, uniform background with consistent color and texture, no clutter, no occlusion, and no other similar moving targets. Lighting should be even and stable, with faint soft-edged shadows that do not interfere with automatic segmentation and tracking. The steel ball stays near the front-center region of the container, far from the liquid surface, bottom, and side walls; the liquid remains still, transparent, and bubble-free. The ball remains fully visible with clear boundaries, and its 4 mm diameter can be used for pixel-to-meter scale calibration. Track only the steel-ball center and keep a sufficiently long sinking interval to observe a stable-speed segment."
307,B3.4,307,ETA007,"Generate a fixed side-view video of a standard steel bearing ball with diameter 5 mm sinking vertically in transparent silicone oil, with liquid viscosity η = 1.00 Pa·s. The camera is fixed, with no zoom, rotation, or shake, and the container front face is approximately parallel to the image plane. Use a simple, uniform background with consistent color and texture, no clutter, no occlusion, and no other similar moving targets. Lighting should be even and stable, with faint soft-edged shadows that do not interfere with automatic segmentation and tracking. The steel ball stays near the front-center region of the container, far from the liquid surface, bottom, and side walls; the liquid remains still, transparent, and bubble-free. The ball remains fully visible with clear boundaries, and its 5 mm diameter can be used for pixel-to-meter scale calibration. Track only the steel-ball center and keep a sufficiently long sinking interval to observe a stable-speed segment."
308,B3.4,308,ETA008,"Generate a fixed side-view video of a standard steel bearing ball with diameter 6 mm sinking vertically in transparent silicone oil, with liquid viscosity η = 0.20 Pa·s. The camera is fixed, with no zoom, rotation, or shake, and the container front face is approximately parallel to the image plane. Use a simple, uniform background with consistent color and texture, no clutter, no occlusion, and no other similar moving targets. Lighting should be even and stable, with faint soft-edged shadows that do not interfere with automatic segmentation and tracking. The steel ball stays near the front-center region of the container, far from the liquid surface, bottom, and side walls; the liquid remains still, transparent, and bubble-free. The ball remains fully visible with clear boundaries, and its 6 mm diameter can be used for pixel-to-meter scale calibration. Track only the steel-ball center and keep a sufficiently long sinking interval to observe a stable-speed segment."
309,B3.4,309,ETA009,"Generate a fixed side-view video of a standard steel bearing ball with diameter 3 mm sinking vertically in transparent silicone oil, with liquid viscosity η = 0.40 Pa·s. The camera is fixed, with no zoom, rotation, or shake, and the container front face is approximately parallel to the image plane. Use a simple, uniform background with consistent color and texture, no clutter, no occlusion, and no other similar moving targets. Lighting should be even and stable, with faint soft-edged shadows that do not interfere with automatic segmentation and tracking. The steel ball stays near the front-center region of the container, far from the liquid surface, bottom, and side walls; the liquid remains still, transparent, and bubble-free. The ball remains fully visible with clear boundaries, and its 3 mm diameter can be used for pixel-to-meter scale calibration. Track only the steel-ball center and keep a sufficiently long sinking interval to observe a stable-speed segment."
310,B3.4,310,ETA010,"Generate a fixed side-view video of a standard steel bearing ball with diameter 4 mm sinking vertically in transparent silicone oil, with liquid viscosity η = 0.60 Pa·s. The camera is fixed, with no zoom, rotation, or shake, and the container front face is approximately parallel to the image plane. Use a simple, uniform background with consistent color and texture, no clutter, no occlusion, and no other similar moving targets. Lighting should be even and stable, with faint soft-edged shadows that do not interfere with automatic segmentation and tracking. The steel ball stays near the front-center region of the container, far from the liquid surface, bottom, and side walls; the liquid remains still, transparent, and bubble-free. The ball remains fully visible with clear boundaries, and its 4 mm diameter can be used for pixel-to-meter scale calibration. Track only the steel-ball center and keep a sufficiently long sinking interval to observe a stable-speed segment."
311,B3.4,311,ETA011,"Generate a fixed side-view video of a standard steel bearing ball with diameter 5 mm sinking vertically in transparent silicone oil, with liquid viscosity η = 1.00 Pa·s. The camera is fixed, with no zoom, rotation, or shake, and the container front face is approximately parallel to the image plane. Use a simple, uniform background with consistent color and texture, no clutter, no occlusion, and no other similar moving targets. Lighting should be even and stable, with faint soft-edged shadows that do not interfere with automatic segmentation and tracking. The steel ball stays near the front-center region of the container, far from the liquid surface, bottom, and side walls; the liquid remains still, transparent, and bubble-free. The ball remains fully visible with clear boundaries, and its 5 mm diameter can be used for pixel-to-meter scale calibration. Track only the steel-ball center and keep a sufficiently long sinking interval to observe a stable-speed segment."
312,B3.4,312,ETA012,"Generate a fixed side-view video of a standard steel bearing ball with diameter 6 mm sinking vertically in transparent silicone oil, with liquid viscosity η = 0.20 Pa·s. The camera is fixed, with no zoom, rotation, or shake, and the container front face is approximately parallel to the image plane. Use a simple, uniform background with consistent color and texture, no clutter, no occlusion, and no other similar moving targets. Lighting should be even and stable, with faint soft-edged shadows that do not interfere with automatic segmentation and tracking. The steel ball stays near the front-center region of the container, far from the liquid surface, bottom, and side walls; the liquid remains still, transparent, and bubble-free. The ball remains fully visible with clear boundaries, and its 6 mm diameter can be used for pixel-to-meter scale calibration. Track only the steel-ball center and keep a sufficiently long sinking interval to observe a stable-speed segment."
313,B3.4,313,ETA013,"Generate a fixed side-view video of a standard steel bearing ball with diameter 3 mm sinking vertically in transparent silicone oil, with liquid viscosity η = 0.40 Pa·s. The camera is fixed, with no zoom, rotation, or shake, and the container front face is approximately parallel to the image plane. Use a simple, uniform background with consistent color and texture, no clutter, no occlusion, and no other similar moving targets. Lighting should be even and stable, with faint soft-edged shadows that do not interfere with automatic segmentation and tracking. The steel ball stays near the front-center region of the container, far from the liquid surface, bottom, and side walls; the liquid remains still, transparent, and bubble-free. The ball remains fully visible with clear boundaries, and its 3 mm diameter can be used for pixel-to-meter scale calibration. Track only the steel-ball center and keep a sufficiently long sinking interval to observe a stable-speed segment."
314,B3.4,314,ETA014,"Generate a fixed side-view video of a standard steel bearing ball with diameter 4 mm sinking vertically in transparent silicone oil, with liquid viscosity η = 0.60 Pa·s. The camera is fixed, with no zoom, rotation, or shake, and the container front face is approximately parallel to the image plane. Use a simple, uniform background with consistent color and texture, no clutter, no occlusion, and no other similar moving targets. Lighting should be even and stable, with faint soft-edged shadows that do not interfere with automatic segmentation and tracking. The steel ball stays near the front-center region of the container, far from the liquid surface, bottom, and side walls; the liquid remains still, transparent, and bubble-free. The ball remains fully visible with clear boundaries, and its 4 mm diameter can be used for pixel-to-meter scale calibration. Track only the steel-ball center and keep a sufficiently long sinking interval to observe a stable-speed segment."
315,B3.4,315,ETA015,"Generate a fixed side-view video of a standard steel bearing ball with diameter 5 mm sinking vertically in transparent silicone oil, with liquid viscosity η = 1.00 Pa·s. The camera is fixed, with no zoom, rotation, or shake, and the container front face is approximately parallel to the image plane. Use a simple, uniform background with consistent color and texture, no clutter, no occlusion, and no other similar moving targets. Lighting should be even and stable, with faint soft-edged shadows that do not interfere with automatic segmentation and tracking. The steel ball stays near the front-center region of the container, far from the liquid surface, bottom, and side walls; the liquid remains still, transparent, and bubble-free. The ball remains fully visible with clear boundaries, and its 5 mm diameter can be used for pixel-to-meter scale calibration. Track only the steel-ball center and keep a sufficiently long sinking interval to observe a stable-speed segment."
316,B3.4,316,ETA016,"Generate a fixed side-view video of a standard steel bearing ball with diameter 6 mm sinking vertically in transparent silicone oil, with liquid viscosity η = 0.20 Pa·s. The camera is fixed, with no zoom, rotation, or shake, and the container front face is approximately parallel to the image plane. Use a simple, uniform background with consistent color and texture, no clutter, no occlusion, and no other similar moving targets. Lighting should be even and stable, with faint soft-edged shadows that do not interfere with automatic segmentation and tracking. The steel ball stays near the front-center region of the container, far from the liquid surface, bottom, and side walls; the liquid remains still, transparent, and bubble-free. The ball remains fully visible with clear boundaries, and its 6 mm diameter can be used for pixel-to-meter scale calibration. Track only the steel-ball center and keep a sufficiently long sinking interval to observe a stable-speed segment."
317,B3.4,317,ETA017,"Generate a fixed side-view video of a standard steel bearing ball with diameter 3 mm sinking vertically in transparent silicone oil, with liquid viscosity η = 0.40 Pa·s. The camera is fixed, with no zoom, rotation, or shake, and the container front face is approximately parallel to the image plane. Use a simple, uniform background with consistent color and texture, no clutter, no occlusion, and no other similar moving targets. Lighting should be even and stable, with faint soft-edged shadows that do not interfere with automatic segmentation and tracking. The steel ball stays near the front-center region of the container, far from the liquid surface, bottom, and side walls; the liquid remains still, transparent, and bubble-free. The ball remains fully visible with clear boundaries, and its 3 mm diameter can be used for pixel-to-meter scale calibration. Track only the steel-ball center and keep a sufficiently long sinking interval to observe a stable-speed segment."
318,B3.4,318,ETA018,"Generate a fixed side-view video of a standard steel bearing ball with diameter 4 mm sinking vertically in transparent silicone oil, with liquid viscosity η = 0.60 Pa·s. The camera is fixed, with no zoom, rotation, or shake, and the container front face is approximately parallel to the image plane. Use a simple, uniform background with consistent color and texture, no clutter, no occlusion, and no other similar moving targets. Lighting should be even and stable, with faint soft-edged shadows that do not interfere with automatic segmentation and tracking. The steel ball stays near the front-center region of the container, far from the liquid surface, bottom, and side walls; the liquid remains still, transparent, and bubble-free. The ball remains fully visible with clear boundaries, and its 4 mm diameter can be used for pixel-to-meter scale calibration. Track only the steel-ball center and keep a sufficiently long sinking interval to observe a stable-speed segment."
319,B3.4,319,ETA019,"Generate a fixed side-view video of a standard steel bearing ball with diameter 5 mm sinking vertically in transparent silicone oil, with liquid viscosity η = 1.00 Pa·s. The camera is fixed, with no zoom, rotation, or shake, and the container front face is approximately parallel to the image plane. Use a simple, uniform background with consistent color and texture, no clutter, no occlusion, and no other similar moving targets. Lighting should be even and stable, with faint soft-edged shadows that do not interfere with automatic segmentation and tracking. The steel ball stays near the front-center region of the container, far from the liquid surface, bottom, and side walls; the liquid remains still, transparent, and bubble-free. The ball remains fully visible with clear boundaries, and its 5 mm diameter can be used for pixel-to-meter scale calibration. Track only the steel-ball center and keep a sufficiently long sinking interval to observe a stable-speed segment."
320,B3.4,320,ETA020,"Generate a fixed side-view video of a standard steel bearing ball with diameter 6 mm sinking vertically in transparent silicone oil, with liquid viscosity η = 0.20 Pa·s. The camera is fixed, with no zoom, rotation, or shake, and the container front face is approximately parallel to the image plane. Use a simple, uniform background with consistent color and texture, no clutter, no occlusion, and no other similar moving targets. Lighting should be even and stable, with faint soft-edged shadows that do not interfere with automatic segmentation and tracking. The steel ball stays near the front-center region of the container, far from the liquid surface, bottom, and side walls; the liquid remains still, transparent, and bubble-free. The ball remains fully visible with clear boundaries, and its 6 mm diameter can be used for pixel-to-meter scale calibration. Track only the steel-ball center and keep a sufficiently long sinking interval to observe a stable-speed segment."
321,B3.4,321,ETA021,"Generate a fixed side-view video of a standard steel bearing ball with diameter 3 mm sinking vertically in transparent silicone oil, with liquid viscosity η = 0.40 Pa·s. The camera is fixed, with no zoom, rotation, or shake, and the container front face is approximately parallel to the image plane. Use a simple, uniform background with consistent color and texture, no clutter, no occlusion, and no other similar moving targets. Lighting should be even and stable, with faint soft-edged shadows that do not interfere with automatic segmentation and tracking. The steel ball stays near the front-center region of the container, far from the liquid surface, bottom, and side walls; the liquid remains still, transparent, and bubble-free. The ball remains fully visible with clear boundaries, and its 3 mm diameter can be used for pixel-to-meter scale calibration. Track only the steel-ball center and keep a sufficiently long sinking interval to observe a stable-speed segment."
322,B3.4,322,ETA022,"Generate a fixed side-view video of a standard steel bearing ball with diameter 4 mm sinking vertically in transparent silicone oil, with liquid viscosity η = 0.60 Pa·s. The camera is fixed, with no zoom, rotation, or shake, and the container front face is approximately parallel to the image plane. Use a simple, uniform background with consistent color and texture, no clutter, no occlusion, and no other similar moving targets. Lighting should be even and stable, with faint soft-edged shadows that do not interfere with automatic segmentation and tracking. The steel ball stays near the front-center region of the container, far from the liquid surface, bottom, and side walls; the liquid remains still, transparent, and bubble-free. The ball remains fully visible with clear boundaries, and its 4 mm diameter can be used for pixel-to-meter scale calibration. Track only the steel-ball center and keep a sufficiently long sinking interval to observe a stable-speed segment."
323,B3.4,323,ETA023,"Generate a fixed side-view video of a standard steel bearing ball with diameter 5 mm sinking vertically in transparent silicone oil, with liquid viscosity η = 1.00 Pa·s. The camera is fixed, with no zoom, rotation, or shake, and the container front face is approximately parallel to the image plane. Use a simple, uniform background with consistent color and texture, no clutter, no occlusion, and no other similar moving targets. Lighting should be even and stable, with faint soft-edged shadows that do not interfere with automatic segmentation and tracking. The steel ball stays near the front-center region of the container, far from the liquid surface, bottom, and side walls; the liquid remains still, transparent, and bubble-free. The ball remains fully visible with clear boundaries, and its 5 mm diameter can be used for pixel-to-meter scale calibration. Track only the steel-ball center and keep a sufficiently long sinking interval to observe a stable-speed segment."
324,B3.4,324,ETA024,"Generate a fixed side-view video of a standard steel bearing ball with diameter 6 mm sinking vertically in transparent silicone oil, with liquid viscosity η = 0.20 Pa·s. The camera is fixed, with no zoom, rotation, or shake, and the container front face is approximately parallel to the image plane. Use a simple, uniform background with consistent color and texture, no clutter, no occlusion, and no other similar moving targets. Lighting should be even and stable, with faint soft-edged shadows that do not interfere with automatic segmentation and tracking. The steel ball stays near the front-center region of the container, far from the liquid surface, bottom, and side walls; the liquid remains still, transparent, and bubble-free. The ball remains fully visible with clear boundaries, and its 6 mm diameter can be used for pixel-to-meter scale calibration. Track only the steel-ball center and keep a sufficiently long sinking interval to observe a stable-speed segment."
325,B3.4,325,ETA025,"Generate a fixed side-view video of a standard steel bearing ball with diameter 3 mm sinking vertically in transparent silicone oil, with liquid viscosity η = 0.40 Pa·s. The camera is fixed, with no zoom, rotation, or shake, and the container front face is approximately parallel to the image plane. Use a simple, uniform background with consistent color and texture, no clutter, no occlusion, and no other similar moving targets. Lighting should be even and stable, with faint soft-edged shadows that do not interfere with automatic segmentation and tracking. The steel ball stays near the front-center region of the container, far from the liquid surface, bottom, and side walls; the liquid remains still, transparent, and bubble-free. The ball remains fully visible with clear boundaries, and its 3 mm diameter can be used for pixel-to-meter scale calibration. Track only the steel-ball center and keep a sufficiently long sinking interval to observe a stable-speed segment."
326,B3.4,326,ETA026,"Generate a fixed side-view video of a standard steel bearing ball with diameter 4 mm sinking vertically in transparent silicone oil, with liquid viscosity η = 0.60 Pa·s. The camera is fixed, with no zoom, rotation, or shake, and the container front face is approximately parallel to the image plane. Use a simple, uniform background with consistent color and texture, no clutter, no occlusion, and no other similar moving targets. Lighting should be even and stable, with faint soft-edged shadows that do not interfere with automatic segmentation and tracking. The steel ball stays near the front-center region of the container, far from the liquid surface, bottom, and side walls; the liquid remains still, transparent, and bubble-free. The ball remains fully visible with clear boundaries, and its 4 mm diameter can be used for pixel-to-meter scale calibration. Track only the steel-ball center and keep a sufficiently long sinking interval to observe a stable-speed segment."
327,B3.4,327,ETA027,"Generate a fixed side-view video of a standard steel bearing ball with diameter 5 mm sinking vertically in transparent silicone oil, with liquid viscosity η = 1.00 Pa·s. The camera is fixed, with no zoom, rotation, or shake, and the container front face is approximately parallel to the image plane. Use a simple, uniform background with consistent color and texture, no clutter, no occlusion, and no other similar moving targets. Lighting should be even and stable, with faint soft-edged shadows that do not interfere with automatic segmentation and tracking. The steel ball stays near the front-center region of the container, far from the liquid surface, bottom, and side walls; the liquid remains still, transparent, and bubble-free. The ball remains fully visible with clear boundaries, and its 5 mm diameter can be used for pixel-to-meter scale calibration. Track only the steel-ball center and keep a sufficiently long sinking interval to observe a stable-speed segment."
328,B3.4,328,ETA028,"Generate a fixed side-view video of a standard steel bearing ball with diameter 6 mm sinking vertically in transparent silicone oil, with liquid viscosity η = 0.20 Pa·s. The camera is fixed, with no zoom, rotation, or shake, and the container front face is approximately parallel to the image plane. Use a simple, uniform background with consistent color and texture, no clutter, no occlusion, and no other similar moving targets. Lighting should be even and stable, with faint soft-edged shadows that do not interfere with automatic segmentation and tracking. The steel ball stays near the front-center region of the container, far from the liquid surface, bottom, and side walls; the liquid remains still, transparent, and bubble-free. The ball remains fully visible with clear boundaries, and its 6 mm diameter can be used for pixel-to-meter scale calibration. Track only the steel-ball center and keep a sufficiently long sinking interval to observe a stable-speed segment."
329,B3.4,329,ETA029,"Generate a fixed side-view video of a standard steel bearing ball with diameter 3 mm sinking vertically in transparent silicone oil, with liquid viscosity η = 0.40 Pa·s. The camera is fixed, with no zoom, rotation, or shake, and the container front face is approximately parallel to the image plane. Use a simple, uniform background with consistent color and texture, no clutter, no occlusion, and no other similar moving targets. Lighting should be even and stable, with faint soft-edged shadows that do not interfere with automatic segmentation and tracking. The steel ball stays near the front-center region of the container, far from the liquid surface, bottom, and side walls; the liquid remains still, transparent, and bubble-free. The ball remains fully visible with clear boundaries, and its 3 mm diameter can be used for pixel-to-meter scale calibration. Track only the steel-ball center and keep a sufficiently long sinking interval to observe a stable-speed segment."
330,B3.4,330,ETA030,"Generate a fixed side-view video of a standard steel bearing ball with diameter 4 mm sinking vertically in transparent silicone oil, with liquid viscosity η = 0.60 Pa·s. The camera is fixed, with no zoom, rotation, or shake, and the container front face is approximately parallel to the image plane. Use a simple, uniform background with consistent color and texture, no clutter, no occlusion, and no other similar moving targets. Lighting should be even and stable, with faint soft-edged shadows that do not interfere with automatic segmentation and tracking. The steel ball stays near the front-center region of the container, far from the liquid surface, bottom, and side walls; the liquid remains still, transparent, and bubble-free. The ball remains fully visible with clear boundaries, and its 4 mm diameter can be used for pixel-to-meter scale calibration. Track only the steel-ball center and keep a sufficiently long sinking interval to observe a stable-speed segment."
331,B3.4,331,ETA031,"Generate a fixed side-view video of a standard steel bearing ball with diameter 5 mm sinking vertically in transparent silicone oil, with liquid viscosity η = 1.00 Pa·s. The camera is fixed, with no zoom, rotation, or shake, and the container front face is approximately parallel to the image plane. Use a simple, uniform background with consistent color and texture, no clutter, no occlusion, and no other similar moving targets. Lighting should be even and stable, with faint soft-edged shadows that do not interfere with automatic segmentation and tracking. The steel ball stays near the front-center region of the container, far from the liquid surface, bottom, and side walls; the liquid remains still, transparent, and bubble-free. The ball remains fully visible with clear boundaries, and its 5 mm diameter can be used for pixel-to-meter scale calibration. Track only the steel-ball center and keep a sufficiently long sinking interval to observe a stable-speed segment."
332,B3.4,332,ETA032,"Generate a fixed side-view video of a standard steel bearing ball with diameter 6 mm sinking vertically in transparent silicone oil, with liquid viscosity η = 0.20 Pa·s. The camera is fixed, with no zoom, rotation, or shake, and the container front face is approximately parallel to the image plane. Use a simple, uniform background with consistent color and texture, no clutter, no occlusion, and no other similar moving targets. Lighting should be even and stable, with faint soft-edged shadows that do not interfere with automatic segmentation and tracking. The steel ball stays near the front-center region of the container, far from the liquid surface, bottom, and side walls; the liquid remains still, transparent, and bubble-free. The ball remains fully visible with clear boundaries, and its 6 mm diameter can be used for pixel-to-meter scale calibration. Track only the steel-ball center and keep a sufficiently long sinking interval to observe a stable-speed segment."
333,B3.4,333,ETA033,"Generate a fixed side-view video of a standard steel bearing ball with diameter 3 mm sinking vertically in transparent silicone oil, with liquid viscosity η = 0.40 Pa·s. The camera is fixed, with no zoom, rotation, or shake, and the container front face is approximately parallel to the image plane. Use a simple, uniform background with consistent color and texture, no clutter, no occlusion, and no other similar moving targets. Lighting should be even and stable, with faint soft-edged shadows that do not interfere with automatic segmentation and tracking. The steel ball stays near the front-center region of the container, far from the liquid surface, bottom, and side walls; the liquid remains still, transparent, and bubble-free. The ball remains fully visible with clear boundaries, and its 3 mm diameter can be used for pixel-to-meter scale calibration. Track only the steel-ball center and keep a sufficiently long sinking interval to observe a stable-speed segment."
334,B3.4,334,ETA034,"Generate a fixed side-view video of a standard steel bearing ball with diameter 4 mm sinking vertically in transparent silicone oil, with liquid viscosity η = 0.60 Pa·s. The camera is fixed, with no zoom, rotation, or shake, and the container front face is approximately parallel to the image plane. Use a simple, uniform background with consistent color and texture, no clutter, no occlusion, and no other similar moving targets. Lighting should be even and stable, with faint soft-edged shadows that do not interfere with automatic segmentation and tracking. The steel ball stays near the front-center region of the container, far from the liquid surface, bottom, and side walls; the liquid remains still, transparent, and bubble-free. The ball remains fully visible with clear boundaries, and its 4 mm diameter can be used for pixel-to-meter scale calibration. Track only the steel-ball center and keep a sufficiently long sinking interval to observe a stable-speed segment."
335,B3.4,335,ETA035,"Generate a fixed side-view video of a standard steel bearing ball with diameter 5 mm sinking vertically in transparent silicone oil, with liquid viscosity η = 1.00 Pa·s. The camera is fixed, with no zoom, rotation, or shake, and the container front face is approximately parallel to the image plane. Use a simple, uniform background with consistent color and texture, no clutter, no occlusion, and no other similar moving targets. Lighting should be even and stable, with faint soft-edged shadows that do not interfere with automatic segmentation and tracking. The steel ball stays near the front-center region of the container, far from the liquid surface, bottom, and side walls; the liquid remains still, transparent, and bubble-free. The ball remains fully visible with clear boundaries, and its 5 mm diameter can be used for pixel-to-meter scale calibration. Track only the steel-ball center and keep a sufficiently long sinking interval to observe a stable-speed segment."
336,B3.4,336,ETA036,"Generate a fixed side-view video of a standard steel bearing ball with diameter 6 mm sinking vertically in transparent silicone oil, with liquid viscosity η = 0.20 Pa·s. The camera is fixed, with no zoom, rotation, or shake, and the container front face is approximately parallel to the image plane. Use a simple, uniform background with consistent color and texture, no clutter, no occlusion, and no other similar moving targets. Lighting should be even and stable, with faint soft-edged shadows that do not interfere with automatic segmentation and tracking. The steel ball stays near the front-center region of the container, far from the liquid surface, bottom, and side walls; the liquid remains still, transparent, and bubble-free. The ball remains fully visible with clear boundaries, and its 6 mm diameter can be used for pixel-to-meter scale calibration. Track only the steel-ball center and keep a sufficiently long sinking interval to observe a stable-speed segment."
337,B3.4,337,ETA037,"Generate a fixed side-view video of a standard steel bearing ball with diameter 3 mm sinking vertically in transparent silicone oil, with liquid viscosity η = 0.40 Pa·s. The camera is fixed, with no zoom, rotation, or shake, and the container front face is approximately parallel to the image plane. Use a simple, uniform background with consistent color and texture, no clutter, no occlusion, and no other similar moving targets. Lighting should be even and stable, with faint soft-edged shadows that do not interfere with automatic segmentation and tracking. The steel ball stays near the front-center region of the container, far from the liquid surface, bottom, and side walls; the liquid remains still, transparent, and bubble-free. The ball remains fully visible with clear boundaries, and its 3 mm diameter can be used for pixel-to-meter scale calibration. Track only the steel-ball center and keep a sufficiently long sinking interval to observe a stable-speed segment."
338,B3.4,338,ETA038,"Generate a fixed side-view video of a standard steel bearing ball with diameter 4 mm sinking vertically in transparent silicone oil, with liquid viscosity η = 0.60 Pa·s. The camera is fixed, with no zoom, rotation, or shake, and the container front face is approximately parallel to the image plane. Use a simple, uniform background with consistent color and texture, no clutter, no occlusion, and no other similar moving targets. Lighting should be even and stable, with faint soft-edged shadows that do not interfere with automatic segmentation and tracking. The steel ball stays near the front-center region of the container, far from the liquid surface, bottom, and side walls; the liquid remains still, transparent, and bubble-free. The ball remains fully visible with clear boundaries, and its 4 mm diameter can be used for pixel-to-meter scale calibration. Track only the steel-ball center and keep a sufficiently long sinking interval to observe a stable-speed segment."
339,B3.4,339,ETA039,"Generate a fixed side-view video of a standard steel bearing ball with diameter 5 mm sinking vertically in transparent silicone oil, with liquid viscosity η = 1.00 Pa·s. The camera is fixed, with no zoom, rotation, or shake, and the container front face is approximately parallel to the image plane. Use a simple, uniform background with consistent color and texture, no clutter, no occlusion, and no other similar moving targets. Lighting should be even and stable, with faint soft-edged shadows that do not interfere with automatic segmentation and tracking. The steel ball stays near the front-center region of the container, far from the liquid surface, bottom, and side walls; the liquid remains still, transparent, and bubble-free. The ball remains fully visible with clear boundaries, and its 5 mm diameter can be used for pixel-to-meter scale calibration. Track only the steel-ball center and keep a sufficiently long sinking interval to observe a stable-speed segment."
340,B3.4,340,ETA040,"Generate a fixed side-view video of a standard steel bearing ball with diameter 6 mm sinking vertically in transparent silicone oil, with liquid viscosity η = 0.20 Pa·s. The camera is fixed, with no zoom, rotation, or shake, and the container front face is approximately parallel to the image plane. Use a simple, uniform background with consistent color and texture, no clutter, no occlusion, and no other similar moving targets. Lighting should be even and stable, with faint soft-edged shadows that do not interfere with automatic segmentation and tracking. The steel ball stays near the front-center region of the container, far from the liquid surface, bottom, and side walls; the liquid remains still, transparent, and bubble-free. The ball remains fully visible with clear boundaries, and its 6 mm diameter can be used for pixel-to-meter scale calibration. Track only the steel-ball center and keep a sufficiently long sinking interval to observe a stable-speed segment."
341,B3.4,341,ETA041,"Generate a fixed side-view video of a standard steel bearing ball with diameter 3 mm sinking vertically in transparent silicone oil, with liquid viscosity η = 0.40 Pa·s. The camera is fixed, with no zoom, rotation, or shake, and the container front face is approximately parallel to the image plane. Use a simple, uniform background with consistent color and texture, no clutter, no occlusion, and no other similar moving targets. Lighting should be even and stable, with faint soft-edged shadows that do not interfere with automatic segmentation and tracking. The steel ball stays near the front-center region of the container, far from the liquid surface, bottom, and side walls; the liquid remains still, transparent, and bubble-free. The ball remains fully visible with clear boundaries, and its 3 mm diameter can be used for pixel-to-meter scale calibration. Track only the steel-ball center and keep a sufficiently long sinking interval to observe a stable-speed segment."
342,B3.4,342,ETA042,"Generate a fixed side-view video of a standard steel bearing ball with diameter 4 mm sinking vertically in transparent silicone oil, with liquid viscosity η = 0.60 Pa·s. The camera is fixed, with no zoom, rotation, or shake, and the container front face is approximately parallel to the image plane. Use a simple, uniform background with consistent color and texture, no clutter, no occlusion, and no other similar moving targets. Lighting should be even and stable, with faint soft-edged shadows that do not interfere with automatic segmentation and tracking. The steel ball stays near the front-center region of the container, far from the liquid surface, bottom, and side walls; the liquid remains still, transparent, and bubble-free. The ball remains fully visible with clear boundaries, and its 4 mm diameter can be used for pixel-to-meter scale calibration. Track only the steel-ball center and keep a sufficiently long sinking interval to observe a stable-speed segment."
343,B3.4,343,ETA043,"Generate a fixed side-view video of a standard steel bearing ball with diameter 5 mm sinking vertically in transparent silicone oil, with liquid viscosity η = 1.00 Pa·s. The camera is fixed, with no zoom, rotation, or shake, and the container front face is approximately parallel to the image plane. Use a simple, uniform background with consistent color and texture, no clutter, no occlusion, and no other similar moving targets. Lighting should be even and stable, with faint soft-edged shadows that do not interfere with automatic segmentation and tracking. The steel ball stays near the front-center region of the container, far from the liquid surface, bottom, and side walls; the liquid remains still, transparent, and bubble-free. The ball remains fully visible with clear boundaries, and its 5 mm diameter can be used for pixel-to-meter scale calibration. Track only the steel-ball center and keep a sufficiently long sinking interval to observe a stable-speed segment."
344,B3.4,344,ETA044,"Generate a fixed side-view video of a standard steel bearing ball with diameter 6 mm sinking vertically in transparent silicone oil, with liquid viscosity η = 0.20 Pa·s. The camera is fixed, with no zoom, rotation, or shake, and the container front face is approximately parallel to the image plane. Use a simple, uniform background with consistent color and texture, no clutter, no occlusion, and no other similar moving targets. Lighting should be even and stable, with faint soft-edged shadows that do not interfere with automatic segmentation and tracking. The steel ball stays near the front-center region of the container, far from the liquid surface, bottom, and side walls; the liquid remains still, transparent, and bubble-free. The ball remains fully visible with clear boundaries, and its 6 mm diameter can be used for pixel-to-meter scale calibration. Track only the steel-ball center and keep a sufficiently long sinking interval to observe a stable-speed segment."
345,B3.4,345,ETA045,"Generate a fixed side-view video of a standard steel bearing ball with diameter 3 mm sinking vertically in transparent silicone oil, with liquid viscosity η = 0.40 Pa·s. The camera is fixed, with no zoom, rotation, or shake, and the container front face is approximately parallel to the image plane. Use a simple, uniform background with consistent color and texture, no clutter, no occlusion, and no other similar moving targets. Lighting should be even and stable, with faint soft-edged shadows that do not interfere with automatic segmentation and tracking. The steel ball stays near the front-center region of the container, far from the liquid surface, bottom, and side walls; the liquid remains still, transparent, and bubble-free. The ball remains fully visible with clear boundaries, and its 3 mm diameter can be used for pixel-to-meter scale calibration. Track only the steel-ball center and keep a sufficiently long sinking interval to observe a stable-speed segment."
346,B3.4,346,ETA046,"Generate a fixed side-view video of a standard steel bearing ball with diameter 4 mm sinking vertically in transparent silicone oil, with liquid viscosity η = 0.60 Pa·s. The camera is fixed, with no zoom, rotation, or shake, and the container front face is approximately parallel to the image plane. Use a simple, uniform background with consistent color and texture, no clutter, no occlusion, and no other similar moving targets. Lighting should be even and stable, with faint soft-edged shadows that do not interfere with automatic segmentation and tracking. The steel ball stays near the front-center region of the container, far from the liquid surface, bottom, and side walls; the liquid remains still, transparent, and bubble-free. The ball remains fully visible with clear boundaries, and its 4 mm diameter can be used for pixel-to-meter scale calibration. Track only the steel-ball center and keep a sufficiently long sinking interval to observe a stable-speed segment."
347,B3.4,347,ETA047,"Generate a fixed side-view video of a standard steel bearing ball with diameter 5 mm sinking vertically in transparent silicone oil, with liquid viscosity η = 1.00 Pa·s. The camera is fixed, with no zoom, rotation, or shake, and the container front face is approximately parallel to the image plane. Use a simple, uniform background with consistent color and texture, no clutter, no occlusion, and no other similar moving targets. Lighting should be even and stable, with faint soft-edged shadows that do not interfere with automatic segmentation and tracking. The steel ball stays near the front-center region of the container, far from the liquid surface, bottom, and side walls; the liquid remains still, transparent, and bubble-free. The ball remains fully visible with clear boundaries, and its 5 mm diameter can be used for pixel-to-meter scale calibration. Track only the steel-ball center and keep a sufficiently long sinking interval to observe a stable-speed segment."
348,B3.4,348,ETA048,"Generate a fixed side-view video of a standard steel bearing ball with diameter 6 mm sinking vertically in transparent silicone oil, with liquid viscosity η = 0.20 Pa·s. The camera is fixed, with no zoom, rotation, or shake, and the container front face is approximately parallel to the image plane. Use a simple, uniform background with consistent color and texture, no clutter, no occlusion, and no other similar moving targets. Lighting should be even and stable, with faint soft-edged shadows that do not interfere with automatic segmentation and tracking. The steel ball stays near the front-center region of the container, far from the liquid surface, bottom, and side walls; the liquid remains still, transparent, and bubble-free. The ball remains fully visible with clear boundaries, and its 6 mm diameter can be used for pixel-to-meter scale calibration. Track only the steel-ball center and keep a sufficiently long sinking interval to observe a stable-speed segment."
349,B3.4,349,ETA049,"Generate a fixed side-view video of a standard steel bearing ball with diameter 3 mm sinking vertically in transparent silicone oil, with liquid viscosity η = 0.40 Pa·s. The camera is fixed, with no zoom, rotation, or shake, and the container front face is approximately parallel to the image plane. Use a simple, uniform background with consistent color and texture, no clutter, no occlusion, and no other similar moving targets. Lighting should be even and stable, with faint soft-edged shadows that do not interfere with automatic segmentation and tracking. The steel ball stays near the front-center region of the container, far from the liquid surface, bottom, and side walls; the liquid remains still, transparent, and bubble-free. The ball remains fully visible with clear boundaries, and its 3 mm diameter can be used for pixel-to-meter scale calibration. Track only the steel-ball center and keep a sufficiently long sinking interval to observe a stable-speed segment."
350,B3.4,350,ETA050,"Generate a fixed side-view video of a standard steel bearing ball with diameter 4 mm sinking vertically in transparent silicone oil, with liquid viscosity η = 0.60 Pa·s. The camera is fixed, with no zoom, rotation, or shake, and the container front face is approximately parallel to the image plane. Use a simple, uniform background with consistent color and texture, no clutter, no occlusion, and no other similar moving targets. Lighting should be even and stable, with faint soft-edged shadows that do not interfere with automatic segmentation and tracking. The steel ball stays near the front-center region of the container, far from the liquid surface, bottom, and side walls; the liquid remains still, transparent, and bubble-free. The ball remains fully visible with clear boundaries, and its 4 mm diameter can be used for pixel-to-meter scale calibration. Track only the steel-ball center and keep a sufficiently long sinking interval to observe a stable-speed segment."
351,B3.5,351,K001,"Generate a fixed side-view video of a cyan small cart attached to a horizontal spring and performing one-dimensional back-and-forth oscillation along the spring axis on a low-friction horizontal track, with spring constant k = 6 N/m and object mass 0.25 kg. The camera is fixed, with no zoom, rotation, or shake, and the spring axis and object motion direction are approximately parallel to the image plane. Use a simple, uniform background with consistent color and texture, no clutter, no occlusion, and no other similar moving targets. Lighting should be even and stable, with faint soft-edged shadows that do not interfere with automatic segmentation and tracking. The small cart remains fully visible with clear boundaries. Track only the small cart center and keep multiple clear oscillation cycles visible."
352,B3.5,352,K002,"Generate a fixed side-view video of a pink square slider attached to a horizontal spring and performing one-dimensional back-and-forth oscillation along the spring axis on a low-friction horizontal track, with spring constant k = 12 N/m and object mass 0.35 kg. Use a fixed near-perfect side view, with no motion, zoom, rotation, or shake; the camera optical axis is approximately perpendicular to the front face of the slider, so the slider appears as almost one visible face, with only slight perspective imperfection allowed. The spring axis and slider motion direction are approximately parallel to the image plane. Use a simple, uniform background with consistent color and texture, no clutter, no occlusion, and no other similar moving targets. Lighting should be even and stable, with faint soft-edged shadows that do not interfere with automatic segmentation and tracking. The square slider remains fully visible with clear boundaries. Track only the square slider center and keep multiple clear oscillation cycles visible."
353,B3.5,353,K003,"Generate a fixed side-view video of a red low-friction glider cart attached to a horizontal spring and performing one-dimensional back-and-forth oscillation along the spring axis on a low-friction horizontal track, with spring constant k = 4 N/m and object mass 0.15 kg. The camera is fixed, with no zoom, rotation, or shake, and the spring axis and object motion direction are approximately parallel to the image plane. Use a simple, uniform background with consistent color and texture, no clutter, no occlusion, and no other similar moving targets. Lighting should be even and stable, with faint soft-edged shadows that do not interfere with automatic segmentation and tracking. The low-friction glider cart remains fully visible with clear boundaries. Track only the low-friction glider cart center and keep multiple clear oscillation cycles visible."
354,B3.5,354,K004,"Generate a fixed side-view video of a blue small cart attached to a horizontal spring and performing one-dimensional back-and-forth oscillation along the spring axis on a low-friction horizontal track, with spring constant k = 8 N/m and object mass 0.25 kg. The camera is fixed, with no zoom, rotation, or shake, and the spring axis and object motion direction are approximately parallel to the image plane. Use a simple, uniform background with consistent color and texture, no clutter, no occlusion, and no other similar moving targets. Lighting should be even and stable, with faint soft-edged shadows that do not interfere with automatic segmentation and tracking. The small cart remains fully visible with clear boundaries. Track only the small cart center and keep multiple clear oscillation cycles visible."
355,B3.5,355,K005,"Generate a fixed top-view video of a green square slider attached to a horizontal spring and performing one-dimensional back-and-forth oscillation along the spring axis on a low-friction horizontal track, with spring constant k = 15 N/m and object mass 0.35 kg. The camera is fixed directly above the tabletop, with no motion, zoom, or rotation, and the spring axis and motion direction are approximately parallel to the image plane. Use a simple, uniform background with consistent color and texture, no clutter, no occlusion, and no other similar moving targets. Lighting should be even and stable, with faint soft-edged shadows that do not interfere with automatic segmentation and tracking. The square slider remains fully visible with clear boundaries. Track only the square slider center and keep multiple clear oscillation cycles visible."
356,B3.5,356,K006,"Generate a fixed side-view video of a yellow low-friction glider cart attached to a horizontal spring and performing one-dimensional back-and-forth oscillation along the spring axis on a low-friction horizontal track, with spring constant k = 5 N/m and object mass 0.15 kg. The camera is fixed, with no zoom, rotation, or shake, and the spring axis and object motion direction are approximately parallel to the image plane. Use a simple, uniform background with consistent color and texture, no clutter, no occlusion, and no other similar moving targets. Lighting should be even and stable, with faint soft-edged shadows that do not interfere with automatic segmentation and tracking. The low-friction glider cart remains fully visible with clear boundaries. Track only the low-friction glider cart center and keep multiple clear oscillation cycles visible."
357,B3.5,357,K007,"Generate a fixed side-view video of a orange small cart attached to a horizontal spring and performing one-dimensional back-and-forth oscillation along the spring axis on a low-friction horizontal track, with spring constant k = 10 N/m and object mass 0.25 kg. The camera is fixed, with no zoom, rotation, or shake, and the spring axis and object motion direction are approximately parallel to the image plane. Use a simple, uniform background with consistent color and texture, no clutter, no occlusion, and no other similar moving targets. Lighting should be even and stable, with faint soft-edged shadows that do not interfere with automatic segmentation and tracking. The small cart remains fully visible with clear boundaries. Track only the small cart center and keep multiple clear oscillation cycles visible."
358,B3.5,358,K008,"Generate a fixed side-view video of a purple square slider attached to a horizontal spring and performing one-dimensional back-and-forth oscillation along the spring axis on a low-friction horizontal track, with spring constant k = 3 N/m and object mass 0.35 kg. Use a fixed near-perfect side view, with no motion, zoom, rotation, or shake; the camera optical axis is approximately perpendicular to the front face of the slider, so the slider appears as almost one visible face, with only slight perspective imperfection allowed. The spring axis and slider motion direction are approximately parallel to the image plane. Use a simple, uniform background with consistent color and texture, no clutter, no occlusion, and no other similar moving targets. Lighting should be even and stable, with faint soft-edged shadows that do not interfere with automatic segmentation and tracking. The square slider remains fully visible with clear boundaries. Track only the square slider center and keep multiple clear oscillation cycles visible."
359,B3.5,359,K009,"Generate a fixed side-view video of a black low-friction glider cart attached to a horizontal spring and performing one-dimensional back-and-forth oscillation along the spring axis on a low-friction horizontal track, with spring constant k = 6 N/m and object mass 0.15 kg. The camera is fixed, with no zoom, rotation, or shake, and the spring axis and object motion direction are approximately parallel to the image plane. Use a simple, uniform background with consistent color and texture, no clutter, no occlusion, and no other similar moving targets. Lighting should be even and stable, with faint soft-edged shadows that do not interfere with automatic segmentation and tracking. The low-friction glider cart remains fully visible with clear boundaries. Track only the low-friction glider cart center and keep multiple clear oscillation cycles visible."
360,B3.5,360,K010,"Generate a fixed top-view video of a white small cart attached to a horizontal spring and performing one-dimensional back-and-forth oscillation along the spring axis on a low-friction horizontal track, with spring constant k = 12 N/m and object mass 0.25 kg. The camera is fixed directly above the tabletop, with no motion, zoom, or rotation, and the spring axis and motion direction are approximately parallel to the image plane. Use a simple, uniform background with consistent color and texture, no clutter, no occlusion, and no other similar moving targets. Lighting should be even and stable, with faint soft-edged shadows that do not interfere with automatic segmentation and tracking. The small cart remains fully visible with clear boundaries. Track only the small cart center and keep multiple clear oscillation cycles visible."
361,B3.5,361,K011,"Generate a fixed side-view video of a cyan square slider attached to a horizontal spring and performing one-dimensional back-and-forth oscillation along the spring axis on a low-friction horizontal track, with spring constant k = 4 N/m and object mass 0.35 kg. Use a fixed near-perfect side view, with no motion, zoom, rotation, or shake; the camera optical axis is approximately perpendicular to the front face of the slider, so the slider appears as almost one visible face, with only slight perspective imperfection allowed. The spring axis and slider motion direction are approximately parallel to the image plane. Use a simple, uniform background with consistent color and texture, no clutter, no occlusion, and no other similar moving targets. Lighting should be even and stable, with faint soft-edged shadows that do not interfere with automatic segmentation and tracking. The square slider remains fully visible with clear boundaries. Track only the square slider center and keep multiple clear oscillation cycles visible."
362,B3.5,362,K012,"Generate a fixed side-view video of a pink low-friction glider cart attached to a horizontal spring and performing one-dimensional back-and-forth oscillation along the spring axis on a low-friction horizontal track, with spring constant k = 8 N/m and object mass 0.15 kg. The camera is fixed, with no zoom, rotation, or shake, and the spring axis and object motion direction are approximately parallel to the image plane. Use a simple, uniform background with consistent color and texture, no clutter, no occlusion, and no other similar moving targets. Lighting should be even and stable, with faint soft-edged shadows that do not interfere with automatic segmentation and tracking. The low-friction glider cart remains fully visible with clear boundaries. Track only the low-friction glider cart center and keep multiple clear oscillation cycles visible."
363,B3.5,363,K013,"Generate a fixed side-view video of a red small cart attached to a horizontal spring and performing one-dimensional back-and-forth oscillation along the spring axis on a low-friction horizontal track, with spring constant k = 15 N/m and object mass 0.25 kg. The camera is fixed, with no zoom, rotation, or shake, and the spring axis and object motion direction are approximately parallel to the image plane. Use a simple, uniform background with consistent color and texture, no clutter, no occlusion, and no other similar moving targets. Lighting should be even and stable, with faint soft-edged shadows that do not interfere with automatic segmentation and tracking. The small cart remains fully visible with clear boundaries. Track only the small cart center and keep multiple clear oscillation cycles visible."
364,B3.5,364,K014,"Generate a fixed side-view video of a blue square slider attached to a horizontal spring and performing one-dimensional back-and-forth oscillation along the spring axis on a low-friction horizontal track, with spring constant k = 5 N/m and object mass 0.35 kg. Use a fixed near-perfect side view, with no motion, zoom, rotation, or shake; the camera optical axis is approximately perpendicular to the front face of the slider, so the slider appears as almost one visible face, with only slight perspective imperfection allowed. The spring axis and slider motion direction are approximately parallel to the image plane. Use a simple, uniform background with consistent color and texture, no clutter, no occlusion, and no other similar moving targets. Lighting should be even and stable, with faint soft-edged shadows that do not interfere with automatic segmentation and tracking. The square slider remains fully visible with clear boundaries. Track only the square slider center and keep multiple clear oscillation cycles visible."
365,B3.5,365,K015,"Generate a fixed top-view video of a green low-friction glider cart attached to a horizontal spring and performing one-dimensional back-and-forth oscillation along the spring axis on a low-friction horizontal track, with spring constant k = 10 N/m and object mass 0.15 kg. The camera is fixed directly above the tabletop, with no motion, zoom, or rotation, and the spring axis and motion direction are approximately parallel to the image plane. Use a simple, uniform background with consistent color and texture, no clutter, no occlusion, and no other similar moving targets. Lighting should be even and stable, with faint soft-edged shadows that do not interfere with automatic segmentation and tracking. The low-friction glider cart remains fully visible with clear boundaries. Track only the low-friction glider cart center and keep multiple clear oscillation cycles visible."
366,B3.5,366,K016,"Generate a fixed side-view video of a yellow small cart attached to a horizontal spring and performing one-dimensional back-and-forth oscillation along the spring axis on a low-friction horizontal track, with spring constant k = 3 N/m and object mass 0.25 kg. The camera is fixed, with no zoom, rotation, or shake, and the spring axis and object motion direction are approximately parallel to the image plane. Use a simple, uniform background with consistent color and texture, no clutter, no occlusion, and no other similar moving targets. Lighting should be even and stable, with faint soft-edged shadows that do not interfere with automatic segmentation and tracking. The small cart remains fully visible with clear boundaries. Track only the small cart center and keep multiple clear oscillation cycles visible."
367,B3.5,367,K017,"Generate a fixed side-view video of a orange square slider attached to a horizontal spring and performing one-dimensional back-and-forth oscillation along the spring axis on a low-friction horizontal track, with spring constant k = 6 N/m and object mass 0.35 kg. Use a fixed near-perfect side view, with no motion, zoom, rotation, or shake; the camera optical axis is approximately perpendicular to the front face of the slider, so the slider appears as almost one visible face, with only slight perspective imperfection allowed. The spring axis and slider motion direction are approximately parallel to the image plane. Use a simple, uniform background with consistent color and texture, no clutter, no occlusion, and no other similar moving targets. Lighting should be even and stable, with faint soft-edged shadows that do not interfere with automatic segmentation and tracking. The square slider remains fully visible with clear boundaries. Track only the square slider center and keep multiple clear oscillation cycles visible."
368,B3.5,368,K018,"Generate a fixed side-view video of a purple low-friction glider cart attached to a horizontal spring and performing one-dimensional back-and-forth oscillation along the spring axis on a low-friction horizontal track, with spring constant k = 12 N/m and object mass 0.15 kg. The camera is fixed, with no zoom, rotation, or shake, and the spring axis and object motion direction are approximately parallel to the image plane. Use a simple, uniform background with consistent color and texture, no clutter, no occlusion, and no other similar moving targets. Lighting should be even and stable, with faint soft-edged shadows that do not interfere with automatic segmentation and tracking. The low-friction glider cart remains fully visible with clear boundaries. Track only the low-friction glider cart center and keep multiple clear oscillation cycles visible."
369,B3.5,369,K019,"Generate a fixed side-view video of a black small cart attached to a horizontal spring and performing one-dimensional back-and-forth oscillation along the spring axis on a low-friction horizontal track, with spring constant k = 4 N/m and object mass 0.25 kg. The camera is fixed, with no zoom, rotation, or shake, and the spring axis and object motion direction are approximately parallel to the image plane. Use a simple, uniform background with consistent color and texture, no clutter, no occlusion, and no other similar moving targets. Lighting should be even and stable, with faint soft-edged shadows that do not interfere with automatic segmentation and tracking. The small cart remains fully visible with clear boundaries. Track only the small cart center and keep multiple clear oscillation cycles visible."
370,B3.5,370,K020,"Generate a fixed top-view video of a white square slider attached to a horizontal spring and performing one-dimensional back-and-forth oscillation along the spring axis on a low-friction horizontal track, with spring constant k = 8 N/m and object mass 0.35 kg. The camera is fixed directly above the tabletop, with no motion, zoom, or rotation, and the spring axis and motion direction are approximately parallel to the image plane. Use a simple, uniform background with consistent color and texture, no clutter, no occlusion, and no other similar moving targets. Lighting should be even and stable, with faint soft-edged shadows that do not interfere with automatic segmentation and tracking. The square slider remains fully visible with clear boundaries. Track only the square slider center and keep multiple clear oscillation cycles visible."
371,B3.5,371,K021,"Generate a fixed side-view video of a cyan low-friction glider cart attached to a horizontal spring and performing one-dimensional back-and-forth oscillation along the spring axis on a low-friction horizontal track, with spring constant k = 15 N/m and object mass 0.15 kg. The camera is fixed, with no zoom, rotation, or shake, and the spring axis and object motion direction are approximately parallel to the image plane. Use a simple, uniform background with consistent color and texture, no clutter, no occlusion, and no other similar moving targets. Lighting should be even and stable, with faint soft-edged shadows that do not interfere with automatic segmentation and tracking. The low-friction glider cart remains fully visible with clear boundaries. Track only the low-friction glider cart center and keep multiple clear oscillation cycles visible."
372,B3.5,372,K022,"Generate a fixed side-view video of a pink small cart attached to a horizontal spring and performing one-dimensional back-and-forth oscillation along the spring axis on a low-friction horizontal track, with spring constant k = 5 N/m and object mass 0.25 kg. The camera is fixed, with no zoom, rotation, or shake, and the spring axis and object motion direction are approximately parallel to the image plane. Use a simple, uniform background with consistent color and texture, no clutter, no occlusion, and no other similar moving targets. Lighting should be even and stable, with faint soft-edged shadows that do not interfere with automatic segmentation and tracking. The small cart remains fully visible with clear boundaries. Track only the small cart center and keep multiple clear oscillation cycles visible."
373,B3.5,373,K023,"Generate a fixed side-view video of a red square slider attached to a horizontal spring and performing one-dimensional back-and-forth oscillation along the spring axis on a low-friction horizontal track, with spring constant k = 10 N/m and object mass 0.35 kg. Use a fixed near-perfect side view, with no motion, zoom, rotation, or shake; the camera optical axis is approximately perpendicular to the front face of the slider, so the slider appears as almost one visible face, with only slight perspective imperfection allowed. The spring axis and slider motion direction are approximately parallel to the image plane. Use a simple, uniform background with consistent color and texture, no clutter, no occlusion, and no other similar moving targets. Lighting should be even and stable, with faint soft-edged shadows that do not interfere with automatic segmentation and tracking. The square slider remains fully visible with clear boundaries. Track only the square slider center and keep multiple clear oscillation cycles visible."
374,B3.5,374,K024,"Generate a fixed side-view video of a blue low-friction glider cart attached to a horizontal spring and performing one-dimensional back-and-forth oscillation along the spring axis on a low-friction horizontal track, with spring constant k = 3 N/m and object mass 0.15 kg. The camera is fixed, with no zoom, rotation, or shake, and the spring axis and object motion direction are approximately parallel to the image plane. Use a simple, uniform background with consistent color and texture, no clutter, no occlusion, and no other similar moving targets. Lighting should be even and stable, with faint soft-edged shadows that do not interfere with automatic segmentation and tracking. The low-friction glider cart remains fully visible with clear boundaries. Track only the low-friction glider cart center and keep multiple clear oscillation cycles visible."
375,B3.5,375,K025,"Generate a fixed top-view video of a green small cart attached to a horizontal spring and performing one-dimensional back-and-forth oscillation along the spring axis on a low-friction horizontal track, with spring constant k = 6 N/m and object mass 0.25 kg. The camera is fixed directly above the tabletop, with no motion, zoom, or rotation, and the spring axis and motion direction are approximately parallel to the image plane. Use a simple, uniform background with consistent color and texture, no clutter, no occlusion, and no other similar moving targets. Lighting should be even and stable, with faint soft-edged shadows that do not interfere with automatic segmentation and tracking. The small cart remains fully visible with clear boundaries. Track only the small cart center and keep multiple clear oscillation cycles visible."
376,B3.5,376,K026,"Generate a fixed side-view video of a yellow square slider attached to a horizontal spring and performing one-dimensional back-and-forth oscillation along the spring axis on a low-friction horizontal track, with spring constant k = 12 N/m and object mass 0.35 kg. Use a fixed near-perfect side view, with no motion, zoom, rotation, or shake; the camera optical axis is approximately perpendicular to the front face of the slider, so the slider appears as almost one visible face, with only slight perspective imperfection allowed. The spring axis and slider motion direction are approximately parallel to the image plane. Use a simple, uniform background with consistent color and texture, no clutter, no occlusion, and no other similar moving targets. Lighting should be even and stable, with faint soft-edged shadows that do not interfere with automatic segmentation and tracking. The square slider remains fully visible with clear boundaries. Track only the square slider center and keep multiple clear oscillation cycles visible."
377,B3.5,377,K027,"Generate a fixed side-view video of a orange low-friction glider cart attached to a horizontal spring and performing one-dimensional back-and-forth oscillation along the spring axis on a low-friction horizontal track, with spring constant k = 4 N/m and object mass 0.15 kg. The camera is fixed, with no zoom, rotation, or shake, and the spring axis and object motion direction are approximately parallel to the image plane. Use a simple, uniform background with consistent color and texture, no clutter, no occlusion, and no other similar moving targets. Lighting should be even and stable, with faint soft-edged shadows that do not interfere with automatic segmentation and tracking. The low-friction glider cart remains fully visible with clear boundaries. Track only the low-friction glider cart center and keep multiple clear oscillation cycles visible."
378,B3.5,378,K028,"Generate a fixed side-view video of a purple small cart attached to a horizontal spring and performing one-dimensional back-and-forth oscillation along the spring axis on a low-friction horizontal track, with spring constant k = 8 N/m and object mass 0.25 kg. The camera is fixed, with no zoom, rotation, or shake, and the spring axis and object motion direction are approximately parallel to the image plane. Use a simple, uniform background with consistent color and texture, no clutter, no occlusion, and no other similar moving targets. Lighting should be even and stable, with faint soft-edged shadows that do not interfere with automatic segmentation and tracking. The small cart remains fully visible with clear boundaries. Track only the small cart center and keep multiple clear oscillation cycles visible."
379,B3.5,379,K029,"Generate a fixed side-view video of a black square slider attached to a horizontal spring and performing one-dimensional back-and-forth oscillation along the spring axis on a low-friction horizontal track, with spring constant k = 15 N/m and object mass 0.35 kg. Use a fixed near-perfect side view, with no motion, zoom, rotation, or shake; the camera optical axis is approximately perpendicular to the front face of the slider, so the slider appears as almost one visible face, with only slight perspective imperfection allowed. The spring axis and slider motion direction are approximately parallel to the image plane. Use a simple, uniform background with consistent color and texture, no clutter, no occlusion, and no other similar moving targets. Lighting should be even and stable, with faint soft-edged shadows that do not interfere with automatic segmentation and tracking. The square slider remains fully visible with clear boundaries. Track only the square slider center and keep multiple clear oscillation cycles visible."
380,B3.5,380,K030,"Generate a fixed top-view video of a white low-friction glider cart attached to a horizontal spring and performing one-dimensional back-and-forth oscillation along the spring axis on a low-friction horizontal track, with spring constant k = 5 N/m and object mass 0.15 kg. The camera is fixed directly above the tabletop, with no motion, zoom, or rotation, and the spring axis and motion direction are approximately parallel to the image plane. Use a simple, uniform background with consistent color and texture, no clutter, no occlusion, and no other similar moving targets. Lighting should be even and stable, with faint soft-edged shadows that do not interfere with automatic segmentation and tracking. The low-friction glider cart remains fully visible with clear boundaries. Track only the low-friction glider cart center and keep multiple clear oscillation cycles visible."
381,B3.5,381,K031,"Generate a fixed side-view video of a cyan small cart attached to a horizontal spring and performing one-dimensional back-and-forth oscillation along the spring axis on a low-friction horizontal track, with spring constant k = 10 N/m and object mass 0.25 kg. The camera is fixed, with no zoom, rotation, or shake, and the spring axis and object motion direction are approximately parallel to the image plane. Use a simple, uniform background with consistent color and texture, no clutter, no occlusion, and no other similar moving targets. Lighting should be even and stable, with faint soft-edged shadows that do not interfere with automatic segmentation and tracking. The small cart remains fully visible with clear boundaries. Track only the small cart center and keep multiple clear oscillation cycles visible."
382,B3.5,382,K032,"Generate a fixed side-view video of a pink square slider attached to a horizontal spring and performing one-dimensional back-and-forth oscillation along the spring axis on a low-friction horizontal track, with spring constant k = 3 N/m and object mass 0.35 kg. Use a fixed near-perfect side view, with no motion, zoom, rotation, or shake; the camera optical axis is approximately perpendicular to the front face of the slider, so the slider appears as almost one visible face, with only slight perspective imperfection allowed. The spring axis and slider motion direction are approximately parallel to the image plane. Use a simple, uniform background with consistent color and texture, no clutter, no occlusion, and no other similar moving targets. Lighting should be even and stable, with faint soft-edged shadows that do not interfere with automatic segmentation and tracking. The square slider remains fully visible with clear boundaries. Track only the square slider center and keep multiple clear oscillation cycles visible."
383,B3.5,383,K033,"Generate a fixed side-view video of a red low-friction glider cart attached to a horizontal spring and performing one-dimensional back-and-forth oscillation along the spring axis on a low-friction horizontal track, with spring constant k = 6 N/m and object mass 0.15 kg. The camera is fixed, with no zoom, rotation, or shake, and the spring axis and object motion direction are approximately parallel to the image plane. Use a simple, uniform background with consistent color and texture, no clutter, no occlusion, and no other similar moving targets. Lighting should be even and stable, with faint soft-edged shadows that do not interfere with automatic segmentation and tracking. The low-friction glider cart remains fully visible with clear boundaries. Track only the low-friction glider cart center and keep multiple clear oscillation cycles visible."
384,B3.5,384,K034,"Generate a fixed side-view video of a blue small cart attached to a horizontal spring and performing one-dimensional back-and-forth oscillation along the spring axis on a low-friction horizontal track, with spring constant k = 12 N/m and object mass 0.25 kg. The camera is fixed, with no zoom, rotation, or shake, and the spring axis and object motion direction are approximately parallel to the image plane. Use a simple, uniform background with consistent color and texture, no clutter, no occlusion, and no other similar moving targets. Lighting should be even and stable, with faint soft-edged shadows that do not interfere with automatic segmentation and tracking. The small cart remains fully visible with clear boundaries. Track only the small cart center and keep multiple clear oscillation cycles visible."
385,B3.5,385,K035,"Generate a fixed top-view video of a green square slider attached to a horizontal spring and performing one-dimensional back-and-forth oscillation along the spring axis on a low-friction horizontal track, with spring constant k = 4 N/m and object mass 0.35 kg. The camera is fixed directly above the tabletop, with no motion, zoom, or rotation, and the spring axis and motion direction are approximately parallel to the image plane. Use a simple, uniform background with consistent color and texture, no clutter, no occlusion, and no other similar moving targets. Lighting should be even and stable, with faint soft-edged shadows that do not interfere with automatic segmentation and tracking. The square slider remains fully visible with clear boundaries. Track only the square slider center and keep multiple clear oscillation cycles visible."
386,B3.5,386,K036,"Generate a fixed side-view video of a yellow low-friction glider cart attached to a horizontal spring and performing one-dimensional back-and-forth oscillation along the spring axis on a low-friction horizontal track, with spring constant k = 8 N/m and object mass 0.15 kg. The camera is fixed, with no zoom, rotation, or shake, and the spring axis and object motion direction are approximately parallel to the image plane. Use a simple, uniform background with consistent color and texture, no clutter, no occlusion, and no other similar moving targets. Lighting should be even and stable, with faint soft-edged shadows that do not interfere with automatic segmentation and tracking. The low-friction glider cart remains fully visible with clear boundaries. Track only the low-friction glider cart center and keep multiple clear oscillation cycles visible."
387,B3.5,387,K037,"Generate a fixed side-view video of a orange small cart attached to a horizontal spring and performing one-dimensional back-and-forth oscillation along the spring axis on a low-friction horizontal track, with spring constant k = 15 N/m and object mass 0.25 kg. The camera is fixed, with no zoom, rotation, or shake, and the spring axis and object motion direction are approximately parallel to the image plane. Use a simple, uniform background with consistent color and texture, no clutter, no occlusion, and no other similar moving targets. Lighting should be even and stable, with faint soft-edged shadows that do not interfere with automatic segmentation and tracking. The small cart remains fully visible with clear boundaries. Track only the small cart center and keep multiple clear oscillation cycles visible."
388,B3.5,388,K038,"Generate a fixed side-view video of a purple square slider attached to a horizontal spring and performing one-dimensional back-and-forth oscillation along the spring axis on a low-friction horizontal track, with spring constant k = 5 N/m and object mass 0.35 kg. Use a fixed near-perfect side view, with no motion, zoom, rotation, or shake; the camera optical axis is approximately perpendicular to the front face of the slider, so the slider appears as almost one visible face, with only slight perspective imperfection allowed. The spring axis and slider motion direction are approximately parallel to the image plane. Use a simple, uniform background with consistent color and texture, no clutter, no occlusion, and no other similar moving targets. Lighting should be even and stable, with faint soft-edged shadows that do not interfere with automatic segmentation and tracking. The square slider remains fully visible with clear boundaries. Track only the square slider center and keep multiple clear oscillation cycles visible."
389,B3.5,389,K039,"Generate a fixed side-view video of a black low-friction glider cart attached to a horizontal spring and performing one-dimensional back-and-forth oscillation along the spring axis on a low-friction horizontal track, with spring constant k = 10 N/m and object mass 0.15 kg. The camera is fixed, with no zoom, rotation, or shake, and the spring axis and object motion direction are approximately parallel to the image plane. Use a simple, uniform background with consistent color and texture, no clutter, no occlusion, and no other similar moving targets. Lighting should be even and stable, with faint soft-edged shadows that do not interfere with automatic segmentation and tracking. The low-friction glider cart remains fully visible with clear boundaries. Track only the low-friction glider cart center and keep multiple clear oscillation cycles visible."
390,B3.5,390,K040,"Generate a fixed top-view video of a white small cart attached to a horizontal spring and performing one-dimensional back-and-forth oscillation along the spring axis on a low-friction horizontal track, with spring constant k = 3 N/m and object mass 0.25 kg. The camera is fixed directly above the tabletop, with no motion, zoom, or rotation, and the spring axis and motion direction are approximately parallel to the image plane. Use a simple, uniform background with consistent color and texture, no clutter, no occlusion, and no other similar moving targets. Lighting should be even and stable, with faint soft-edged shadows that do not interfere with automatic segmentation and tracking. The small cart remains fully visible with clear boundaries. Track only the small cart center and keep multiple clear oscillation cycles visible."
391,B3.5,391,K041,"Generate a fixed side-view video of a cyan square slider attached to a horizontal spring and performing one-dimensional back-and-forth oscillation along the spring axis on a low-friction horizontal track, with spring constant k = 6 N/m and object mass 0.35 kg. Use a fixed near-perfect side view, with no motion, zoom, rotation, or shake; the camera optical axis is approximately perpendicular to the front face of the slider, so the slider appears as almost one visible face, with only slight perspective imperfection allowed. The spring axis and slider motion direction are approximately parallel to the image plane. Use a simple, uniform background with consistent color and texture, no clutter, no occlusion, and no other similar moving targets. Lighting should be even and stable, with faint soft-edged shadows that do not interfere with automatic segmentation and tracking. The square slider remains fully visible with clear boundaries. Track only the square slider center and keep multiple clear oscillation cycles visible."
392,B3.5,392,K042,"Generate a fixed side-view video of a pink low-friction glider cart attached to a horizontal spring and performing one-dimensional back-and-forth oscillation along the spring axis on a low-friction horizontal track, with spring constant k = 12 N/m and object mass 0.15 kg. The camera is fixed, with no zoom, rotation, or shake, and the spring axis and object motion direction are approximately parallel to the image plane. Use a simple, uniform background with consistent color and texture, no clutter, no occlusion, and no other similar moving targets. Lighting should be even and stable, with faint soft-edged shadows that do not interfere with automatic segmentation and tracking. The low-friction glider cart remains fully visible with clear boundaries. Track only the low-friction glider cart center and keep multiple clear oscillation cycles visible."
393,B3.5,393,K043,"Generate a fixed side-view video of a red small cart attached to a horizontal spring and performing one-dimensional back-and-forth oscillation along the spring axis on a low-friction horizontal track, with spring constant k = 4 N/m and object mass 0.25 kg. The camera is fixed, with no zoom, rotation, or shake, and the spring axis and object motion direction are approximately parallel to the image plane. Use a simple, uniform background with consistent color and texture, no clutter, no occlusion, and no other similar moving targets. Lighting should be even and stable, with faint soft-edged shadows that do not interfere with automatic segmentation and tracking. The small cart remains fully visible with clear boundaries. Track only the small cart center and keep multiple clear oscillation cycles visible."
394,B3.5,394,K044,"Generate a fixed side-view video of a blue square slider attached to a horizontal spring and performing one-dimensional back-and-forth oscillation along the spring axis on a low-friction horizontal track, with spring constant k = 8 N/m and object mass 0.35 kg. Use a fixed near-perfect side view, with no motion, zoom, rotation, or shake; the camera optical axis is approximately perpendicular to the front face of the slider, so the slider appears as almost one visible face, with only slight perspective imperfection allowed. The spring axis and slider motion direction are approximately parallel to the image plane. Use a simple, uniform background with consistent color and texture, no clutter, no occlusion, and no other similar moving targets. Lighting should be even and stable, with faint soft-edged shadows that do not interfere with automatic segmentation and tracking. The square slider remains fully visible with clear boundaries. Track only the square slider center and keep multiple clear oscillation cycles visible."
395,B3.5,395,K045,"Generate a fixed top-view video of a green low-friction glider cart attached to a horizontal spring and performing one-dimensional back-and-forth oscillation along the spring axis on a low-friction horizontal track, with spring constant k = 15 N/m and object mass 0.15 kg. The camera is fixed directly above the tabletop, with no motion, zoom, or rotation, and the spring axis and motion direction are approximately parallel to the image plane. Use a simple, uniform background with consistent color and texture, no clutter, no occlusion, and no other similar moving targets. Lighting should be even and stable, with faint soft-edged shadows that do not interfere with automatic segmentation and tracking. The low-friction glider cart remains fully visible with clear boundaries. Track only the low-friction glider cart center and keep multiple clear oscillation cycles visible."
396,B3.5,396,K046,"Generate a fixed side-view video of a yellow small cart attached to a horizontal spring and performing one-dimensional back-and-forth oscillation along the spring axis on a low-friction horizontal track, with spring constant k = 5 N/m and object mass 0.25 kg. The camera is fixed, with no zoom, rotation, or shake, and the spring axis and object motion direction are approximately parallel to the image plane. Use a simple, uniform background with consistent color and texture, no clutter, no occlusion, and no other similar moving targets. Lighting should be even and stable, with faint soft-edged shadows that do not interfere with automatic segmentation and tracking. The small cart remains fully visible with clear boundaries. Track only the small cart center and keep multiple clear oscillation cycles visible."
397,B3.5,397,K047,"Generate a fixed side-view video of a orange square slider attached to a horizontal spring and performing one-dimensional back-and-forth oscillation along the spring axis on a low-friction horizontal track, with spring constant k = 10 N/m and object mass 0.35 kg. Use a fixed near-perfect side view, with no motion, zoom, rotation, or shake; the camera optical axis is approximately perpendicular to the front face of the slider, so the slider appears as almost one visible face, with only slight perspective imperfection allowed. The spring axis and slider motion direction are approximately parallel to the image plane. Use a simple, uniform background with consistent color and texture, no clutter, no occlusion, and no other similar moving targets. Lighting should be even and stable, with faint soft-edged shadows that do not interfere with automatic segmentation and tracking. The square slider remains fully visible with clear boundaries. Track only the square slider center and keep multiple clear oscillation cycles visible."
398,B3.5,398,K048,"Generate a fixed side-view video of a purple low-friction glider cart attached to a horizontal spring and performing one-dimensional back-and-forth oscillation along the spring axis on a low-friction horizontal track, with spring constant k = 3 N/m and object mass 0.15 kg. The camera is fixed, with no zoom, rotation, or shake, and the spring axis and object motion direction are approximately parallel to the image plane. Use a simple, uniform background with consistent color and texture, no clutter, no occlusion, and no other similar moving targets. Lighting should be even and stable, with faint soft-edged shadows that do not interfere with automatic segmentation and tracking. The low-friction glider cart remains fully visible with clear boundaries. Track only the low-friction glider cart center and keep multiple clear oscillation cycles visible."
399,B3.5,399,K049,"Generate a fixed side-view video of a black small cart attached to a horizontal spring and performing one-dimensional back-and-forth oscillation along the spring axis on a low-friction horizontal track, with spring constant k = 6 N/m and object mass 0.25 kg. The camera is fixed, with no zoom, rotation, or shake, and the spring axis and object motion direction are approximately parallel to the image plane. Use a simple, uniform background with consistent color and texture, no clutter, no occlusion, and no other similar moving targets. Lighting should be even and stable, with faint soft-edged shadows that do not interfere with automatic segmentation and tracking. The small cart remains fully visible with clear boundaries. Track only the small cart center and keep multiple clear oscillation cycles visible."
400,B3.5,400,K050,"Generate a fixed top-view video of a white square slider attached to a horizontal spring and performing one-dimensional back-and-forth oscillation along the spring axis on a low-friction horizontal track, with spring constant k = 12 N/m and object mass 0.35 kg. The camera is fixed directly above the tabletop, with no motion, zoom, or rotation, and the spring axis and motion direction are approximately parallel to the image plane. Use a simple, uniform background with consistent color and texture, no clutter, no occlusion, and no other similar moving targets. Lighting should be even and stable, with faint soft-edged shadows that do not interfere with automatic segmentation and tracking. The square slider remains fully visible with clear boundaries. Track only the square slider center and keep multiple clear oscillation cycles visible."
401,B4.1,401,E001,"Generate a fixed side-view video of a yellow square slider whose front face is a clearly visible square with side length 10 cm placed at a higher position on the left side of a smooth curved track, released from rest and moving down toward the lowest point. Use a fixed near-perfect side view, with no motion, zoom, rotation, or shake; the camera optical axis is approximately perpendicular to the front face of the slider, so the slider appears as almost one visible face, with only slight perspective imperfection allowed. The vertical plane of the track is approximately parallel to the image plane. Use a simple, uniform background with consistent color and texture, no clutter, no occlusion, and no other similar moving targets. Lighting should be even and stable, with faint soft-edged shadows that do not interfere with automatic segmentation and tracking. The object remains fully visible with clear boundaries, and the 10 cm side length can be used for scale calibration, so the center pixel trajectory can be converted into a real trajectory. Track only the object center, and keep the release point, downward motion, and motion near the lowest point visible."
402,B4.1,402,E002,"Generate a fixed side-view video of a orange solid sphere with diameter 4 cm placed at a higher position on the left side of a smooth U-shaped groove track, released from rest and moving down toward the lowest point. The camera is fixed, with no zoom, rotation, or shake, and the vertical plane of the track is approximately parallel to the image plane. Use a simple, uniform background with consistent color and texture, no clutter, no occlusion, and no other similar moving targets. Lighting should be even and stable, with faint soft-edged shadows that do not interfere with automatic segmentation and tracking. The object remains fully visible with clear boundaries, and the 4 cm diameter can be used for scale calibration, so the center pixel trajectory can be converted into a real trajectory. Track only the object center, and keep the release point, downward motion, and motion near the lowest point visible."
403,B4.1,403,E003,"Generate a fixed side-view video of a purple standard tennis ball placed at a higher position on the left side of a smooth inclined track, released from rest and moving down toward the lowest point. The camera is fixed, with no zoom, rotation, or shake, and the vertical plane of the track is approximately parallel to the image plane. Use a simple, uniform background with consistent color and texture, no clutter, no occlusion, and no other similar moving targets. Lighting should be even and stable, with faint soft-edged shadows that do not interfere with automatic segmentation and tracking. The object remains fully visible with clear boundaries, and the real-world standard size of the standard tennis ball can be used as the scale reference, so the center pixel trajectory can be converted into a real trajectory. Track only the object center, and keep the release point, downward motion, and motion near the lowest point visible."
404,B4.1,404,E004,"Generate a fixed side-view video of a black standard basketball placed at a higher position on the left side of a smooth curved track, released from rest and moving down toward the lowest point. The camera is fixed, with no zoom, rotation, or shake, and the vertical plane of the track is approximately parallel to the image plane. Use a simple, uniform background with consistent color and texture, no clutter, no occlusion, and no other similar moving targets. Lighting should be even and stable, with faint soft-edged shadows that do not interfere with automatic segmentation and tracking. The object remains fully visible with clear boundaries, and the real-world standard size of the standard basketball can be used as the scale reference, so the center pixel trajectory can be converted into a real trajectory. Track only the object center, and keep the release point, downward motion, and motion near the lowest point visible."
405,B4.1,405,E005,"Generate a fixed side-view video of a white square slider whose front face is a clearly visible square with side length 8 cm placed at a higher position on the left side of a smooth U-shaped groove track, released from rest and moving down toward the lowest point. Use a fixed near-perfect side view, with no motion, zoom, rotation, or shake; the camera optical axis is approximately perpendicular to the front face of the slider, so the slider appears as almost one visible face, with only slight perspective imperfection allowed. The vertical plane of the track is approximately parallel to the image plane. Use a simple, uniform background with consistent color and texture, no clutter, no occlusion, and no other similar moving targets. Lighting should be even and stable, with faint soft-edged shadows that do not interfere with automatic segmentation and tracking. The object remains fully visible with clear boundaries, and the 8 cm side length can be used for scale calibration, so the center pixel trajectory can be converted into a real trajectory. Track only the object center, and keep the release point, downward motion, and motion near the lowest point visible."
406,B4.1,406,E006,"Generate a fixed side-view video of a cyan solid sphere with diameter 3 cm placed at a higher position on the left side of a smooth inclined track, released from rest and moving down toward the lowest point. The camera is fixed, with no zoom, rotation, or shake, and the vertical plane of the track is approximately parallel to the image plane. Use a simple, uniform background with consistent color and texture, no clutter, no occlusion, and no other similar moving targets. Lighting should be even and stable, with faint soft-edged shadows that do not interfere with automatic segmentation and tracking. The object remains fully visible with clear boundaries, and the 3 cm diameter can be used for scale calibration, so the center pixel trajectory can be converted into a real trajectory. Track only the object center, and keep the release point, downward motion, and motion near the lowest point visible."
407,B4.1,407,E007,"Generate a fixed side-view video of a pink standard tennis ball placed at a higher position on the left side of a smooth curved track, released from rest and moving down toward the lowest point. The camera is fixed, with no zoom, rotation, or shake, and the vertical plane of the track is approximately parallel to the image plane. Use a simple, uniform background with consistent color and texture, no clutter, no occlusion, and no other similar moving targets. Lighting should be even and stable, with faint soft-edged shadows that do not interfere with automatic segmentation and tracking. The object remains fully visible with clear boundaries, and the real-world standard size of the standard tennis ball can be used as the scale reference, so the center pixel trajectory can be converted into a real trajectory. Track only the object center, and keep the release point, downward motion, and motion near the lowest point visible."
408,B4.1,408,E008,"Generate a fixed side-view video of a red standard basketball placed at a higher position on the left side of a smooth U-shaped groove track, released from rest and moving down toward the lowest point. The camera is fixed, with no zoom, rotation, or shake, and the vertical plane of the track is approximately parallel to the image plane. Use a simple, uniform background with consistent color and texture, no clutter, no occlusion, and no other similar moving targets. Lighting should be even and stable, with faint soft-edged shadows that do not interfere with automatic segmentation and tracking. The object remains fully visible with clear boundaries, and the real-world standard size of the standard basketball can be used as the scale reference, so the center pixel trajectory can be converted into a real trajectory. Track only the object center, and keep the release point, downward motion, and motion near the lowest point visible."
409,B4.1,409,E009,"Generate a fixed side-view video of a blue square slider whose front face is a clearly visible square with side length 6 cm placed at a higher position on the left side of a smooth inclined track, released from rest and moving down toward the lowest point. Use a fixed near-perfect side view, with no motion, zoom, rotation, or shake; the camera optical axis is approximately perpendicular to the front face of the slider, so the slider appears as almost one visible face, with only slight perspective imperfection allowed. The vertical plane of the track is approximately parallel to the image plane. Use a simple, uniform background with consistent color and texture, no clutter, no occlusion, and no other similar moving targets. Lighting should be even and stable, with faint soft-edged shadows that do not interfere with automatic segmentation and tracking. The object remains fully visible with clear boundaries, and the 6 cm side length can be used for scale calibration, so the center pixel trajectory can be converted into a real trajectory. Track only the object center, and keep the release point, downward motion, and motion near the lowest point visible."
410,B4.1,410,E010,"Generate a fixed side-view video of a green solid sphere with diameter 5 cm placed at a higher position on the left side of a smooth curved track, released from rest and moving down toward the lowest point. The camera is fixed, with no zoom, rotation, or shake, and the vertical plane of the track is approximately parallel to the image plane. Use a simple, uniform background with consistent color and texture, no clutter, no occlusion, and no other similar moving targets. Lighting should be even and stable, with faint soft-edged shadows that do not interfere with automatic segmentation and tracking. The object remains fully visible with clear boundaries, and the 5 cm diameter can be used for scale calibration, so the center pixel trajectory can be converted into a real trajectory. Track only the object center, and keep the release point, downward motion, and motion near the lowest point visible."
411,B4.1,411,E011,"Generate a fixed side-view video of a yellow standard tennis ball placed at a higher position on the left side of a smooth U-shaped groove track, released from rest and moving down toward the lowest point. The camera is fixed, with no zoom, rotation, or shake, and the vertical plane of the track is approximately parallel to the image plane. Use a simple, uniform background with consistent color and texture, no clutter, no occlusion, and no other similar moving targets. Lighting should be even and stable, with faint soft-edged shadows that do not interfere with automatic segmentation and tracking. The object remains fully visible with clear boundaries, and the real-world standard size of the standard tennis ball can be used as the scale reference, so the center pixel trajectory can be converted into a real trajectory. Track only the object center, and keep the release point, downward motion, and motion near the lowest point visible."
412,B4.1,412,E012,"Generate a fixed side-view video of a orange standard basketball placed at a higher position on the left side of a smooth inclined track, released from rest and moving down toward the lowest point. The camera is fixed, with no zoom, rotation, or shake, and the vertical plane of the track is approximately parallel to the image plane. Use a simple, uniform background with consistent color and texture, no clutter, no occlusion, and no other similar moving targets. Lighting should be even and stable, with faint soft-edged shadows that do not interfere with automatic segmentation and tracking. The object remains fully visible with clear boundaries, and the real-world standard size of the standard basketball can be used as the scale reference, so the center pixel trajectory can be converted into a real trajectory. Track only the object center, and keep the release point, downward motion, and motion near the lowest point visible."
413,B4.1,413,E013,"Generate a fixed side-view video of a purple square slider whose front face is a clearly visible square with side length 10 cm placed at a higher position on the left side of a smooth curved track, released from rest and moving down toward the lowest point. Use a fixed near-perfect side view, with no motion, zoom, rotation, or shake; the camera optical axis is approximately perpendicular to the front face of the slider, so the slider appears as almost one visible face, with only slight perspective imperfection allowed. The vertical plane of the track is approximately parallel to the image plane. Use a simple, uniform background with consistent color and texture, no clutter, no occlusion, and no other similar moving targets. Lighting should be even and stable, with faint soft-edged shadows that do not interfere with automatic segmentation and tracking. The object remains fully visible with clear boundaries, and the 10 cm side length can be used for scale calibration, so the center pixel trajectory can be converted into a real trajectory. Track only the object center, and keep the release point, downward motion, and motion near the lowest point visible."
414,B4.1,414,E014,"Generate a fixed side-view video of a black solid sphere with diameter 4 cm placed at a higher position on the left side of a smooth U-shaped groove track, released from rest and moving down toward the lowest point. The camera is fixed, with no zoom, rotation, or shake, and the vertical plane of the track is approximately parallel to the image plane. Use a simple, uniform background with consistent color and texture, no clutter, no occlusion, and no other similar moving targets. Lighting should be even and stable, with faint soft-edged shadows that do not interfere with automatic segmentation and tracking. The object remains fully visible with clear boundaries, and the 4 cm diameter can be used for scale calibration, so the center pixel trajectory can be converted into a real trajectory. Track only the object center, and keep the release point, downward motion, and motion near the lowest point visible."
415,B4.1,415,E015,"Generate a fixed side-view video of a white standard tennis ball placed at a higher position on the left side of a smooth inclined track, released from rest and moving down toward the lowest point. The camera is fixed, with no zoom, rotation, or shake, and the vertical plane of the track is approximately parallel to the image plane. Use a simple, uniform background with consistent color and texture, no clutter, no occlusion, and no other similar moving targets. Lighting should be even and stable, with faint soft-edged shadows that do not interfere with automatic segmentation and tracking. The object remains fully visible with clear boundaries, and the real-world standard size of the standard tennis ball can be used as the scale reference, so the center pixel trajectory can be converted into a real trajectory. Track only the object center, and keep the release point, downward motion, and motion near the lowest point visible."
416,B4.1,416,E016,"Generate a fixed side-view video of a cyan standard basketball placed at a higher position on the left side of a smooth curved track, released from rest and moving down toward the lowest point. The camera is fixed, with no zoom, rotation, or shake, and the vertical plane of the track is approximately parallel to the image plane. Use a simple, uniform background with consistent color and texture, no clutter, no occlusion, and no other similar moving targets. Lighting should be even and stable, with faint soft-edged shadows that do not interfere with automatic segmentation and tracking. The object remains fully visible with clear boundaries, and the real-world standard size of the standard basketball can be used as the scale reference, so the center pixel trajectory can be converted into a real trajectory. Track only the object center, and keep the release point, downward motion, and motion near the lowest point visible."
417,B4.1,417,E017,"Generate a fixed side-view video of a pink square slider whose front face is a clearly visible square with side length 8 cm placed at a higher position on the left side of a smooth U-shaped groove track, released from rest and moving down toward the lowest point. Use a fixed near-perfect side view, with no motion, zoom, rotation, or shake; the camera optical axis is approximately perpendicular to the front face of the slider, so the slider appears as almost one visible face, with only slight perspective imperfection allowed. The vertical plane of the track is approximately parallel to the image plane. Use a simple, uniform background with consistent color and texture, no clutter, no occlusion, and no other similar moving targets. Lighting should be even and stable, with faint soft-edged shadows that do not interfere with automatic segmentation and tracking. The object remains fully visible with clear boundaries, and the 8 cm side length can be used for scale calibration, so the center pixel trajectory can be converted into a real trajectory. Track only the object center, and keep the release point, downward motion, and motion near the lowest point visible."
418,B4.1,418,E018,"Generate a fixed side-view video of a red solid sphere with diameter 3 cm placed at a higher position on the left side of a smooth inclined track, released from rest and moving down toward the lowest point. The camera is fixed, with no zoom, rotation, or shake, and the vertical plane of the track is approximately parallel to the image plane. Use a simple, uniform background with consistent color and texture, no clutter, no occlusion, and no other similar moving targets. Lighting should be even and stable, with faint soft-edged shadows that do not interfere with automatic segmentation and tracking. The object remains fully visible with clear boundaries, and the 3 cm diameter can be used for scale calibration, so the center pixel trajectory can be converted into a real trajectory. Track only the object center, and keep the release point, downward motion, and motion near the lowest point visible."
419,B4.1,419,E019,"Generate a fixed side-view video of a blue standard tennis ball placed at a higher position on the left side of a smooth curved track, released from rest and moving down toward the lowest point. The camera is fixed, with no zoom, rotation, or shake, and the vertical plane of the track is approximately parallel to the image plane. Use a simple, uniform background with consistent color and texture, no clutter, no occlusion, and no other similar moving targets. Lighting should be even and stable, with faint soft-edged shadows that do not interfere with automatic segmentation and tracking. The object remains fully visible with clear boundaries, and the real-world standard size of the standard tennis ball can be used as the scale reference, so the center pixel trajectory can be converted into a real trajectory. Track only the object center, and keep the release point, downward motion, and motion near the lowest point visible."
420,B4.1,420,E020,"Generate a fixed side-view video of a green standard basketball placed at a higher position on the left side of a smooth U-shaped groove track, released from rest and moving down toward the lowest point. The camera is fixed, with no zoom, rotation, or shake, and the vertical plane of the track is approximately parallel to the image plane. Use a simple, uniform background with consistent color and texture, no clutter, no occlusion, and no other similar moving targets. Lighting should be even and stable, with faint soft-edged shadows that do not interfere with automatic segmentation and tracking. The object remains fully visible with clear boundaries, and the real-world standard size of the standard basketball can be used as the scale reference, so the center pixel trajectory can be converted into a real trajectory. Track only the object center, and keep the release point, downward motion, and motion near the lowest point visible."
421,B4.1,421,E021,"Generate a fixed side-view video of a yellow square slider whose front face is a clearly visible square with side length 6 cm placed at a higher position on the left side of a smooth inclined track, released from rest and moving down toward the lowest point. Use a fixed near-perfect side view, with no motion, zoom, rotation, or shake; the camera optical axis is approximately perpendicular to the front face of the slider, so the slider appears as almost one visible face, with only slight perspective imperfection allowed. The vertical plane of the track is approximately parallel to the image plane. Use a simple, uniform background with consistent color and texture, no clutter, no occlusion, and no other similar moving targets. Lighting should be even and stable, with faint soft-edged shadows that do not interfere with automatic segmentation and tracking. The object remains fully visible with clear boundaries, and the 6 cm side length can be used for scale calibration, so the center pixel trajectory can be converted into a real trajectory. Track only the object center, and keep the release point, downward motion, and motion near the lowest point visible."
422,B4.1,422,E022,"Generate a fixed side-view video of a orange solid sphere with diameter 5 cm placed at a higher position on the left side of a smooth curved track, released from rest and moving down toward the lowest point. The camera is fixed, with no zoom, rotation, or shake, and the vertical plane of the track is approximately parallel to the image plane. Use a simple, uniform background with consistent color and texture, no clutter, no occlusion, and no other similar moving targets. Lighting should be even and stable, with faint soft-edged shadows that do not interfere with automatic segmentation and tracking. The object remains fully visible with clear boundaries, and the 5 cm diameter can be used for scale calibration, so the center pixel trajectory can be converted into a real trajectory. Track only the object center, and keep the release point, downward motion, and motion near the lowest point visible."
423,B4.1,423,E023,"Generate a fixed side-view video of a purple standard tennis ball placed at a higher position on the left side of a smooth U-shaped groove track, released from rest and moving down toward the lowest point. The camera is fixed, with no zoom, rotation, or shake, and the vertical plane of the track is approximately parallel to the image plane. Use a simple, uniform background with consistent color and texture, no clutter, no occlusion, and no other similar moving targets. Lighting should be even and stable, with faint soft-edged shadows that do not interfere with automatic segmentation and tracking. The object remains fully visible with clear boundaries, and the real-world standard size of the standard tennis ball can be used as the scale reference, so the center pixel trajectory can be converted into a real trajectory. Track only the object center, and keep the release point, downward motion, and motion near the lowest point visible."
424,B4.1,424,E024,"Generate a fixed side-view video of a black standard basketball placed at a higher position on the left side of a smooth inclined track, released from rest and moving down toward the lowest point. The camera is fixed, with no zoom, rotation, or shake, and the vertical plane of the track is approximately parallel to the image plane. Use a simple, uniform background with consistent color and texture, no clutter, no occlusion, and no other similar moving targets. Lighting should be even and stable, with faint soft-edged shadows that do not interfere with automatic segmentation and tracking. The object remains fully visible with clear boundaries, and the real-world standard size of the standard basketball can be used as the scale reference, so the center pixel trajectory can be converted into a real trajectory. Track only the object center, and keep the release point, downward motion, and motion near the lowest point visible."
425,B4.1,425,E025,"Generate a fixed side-view video of a white square slider whose front face is a clearly visible square with side length 10 cm placed at a higher position on the left side of a smooth curved track, released from rest and moving down toward the lowest point. Use a fixed near-perfect side view, with no motion, zoom, rotation, or shake; the camera optical axis is approximately perpendicular to the front face of the slider, so the slider appears as almost one visible face, with only slight perspective imperfection allowed. The vertical plane of the track is approximately parallel to the image plane. Use a simple, uniform background with consistent color and texture, no clutter, no occlusion, and no other similar moving targets. Lighting should be even and stable, with faint soft-edged shadows that do not interfere with automatic segmentation and tracking. The object remains fully visible with clear boundaries, and the 10 cm side length can be used for scale calibration, so the center pixel trajectory can be converted into a real trajectory. Track only the object center, and keep the release point, downward motion, and motion near the lowest point visible."
426,B4.1,426,E026,"Generate a fixed side-view video of a cyan solid sphere with diameter 4 cm placed at a higher position on the left side of a smooth U-shaped groove track, released from rest and moving down toward the lowest point. The camera is fixed, with no zoom, rotation, or shake, and the vertical plane of the track is approximately parallel to the image plane. Use a simple, uniform background with consistent color and texture, no clutter, no occlusion, and no other similar moving targets. Lighting should be even and stable, with faint soft-edged shadows that do not interfere with automatic segmentation and tracking. The object remains fully visible with clear boundaries, and the 4 cm diameter can be used for scale calibration, so the center pixel trajectory can be converted into a real trajectory. Track only the object center, and keep the release point, downward motion, and motion near the lowest point visible."
427,B4.1,427,E027,"Generate a fixed side-view video of a pink standard tennis ball placed at a higher position on the left side of a smooth inclined track, released from rest and moving down toward the lowest point. The camera is fixed, with no zoom, rotation, or shake, and the vertical plane of the track is approximately parallel to the image plane. Use a simple, uniform background with consistent color and texture, no clutter, no occlusion, and no other similar moving targets. Lighting should be even and stable, with faint soft-edged shadows that do not interfere with automatic segmentation and tracking. The object remains fully visible with clear boundaries, and the real-world standard size of the standard tennis ball can be used as the scale reference, so the center pixel trajectory can be converted into a real trajectory. Track only the object center, and keep the release point, downward motion, and motion near the lowest point visible."
428,B4.1,428,E028,"Generate a fixed side-view video of a red standard basketball placed at a higher position on the left side of a smooth curved track, released from rest and moving down toward the lowest point. The camera is fixed, with no zoom, rotation, or shake, and the vertical plane of the track is approximately parallel to the image plane. Use a simple, uniform background with consistent color and texture, no clutter, no occlusion, and no other similar moving targets. Lighting should be even and stable, with faint soft-edged shadows that do not interfere with automatic segmentation and tracking. The object remains fully visible with clear boundaries, and the real-world standard size of the standard basketball can be used as the scale reference, so the center pixel trajectory can be converted into a real trajectory. Track only the object center, and keep the release point, downward motion, and motion near the lowest point visible."
429,B4.1,429,E029,"Generate a fixed side-view video of a blue square slider whose front face is a clearly visible square with side length 8 cm placed at a higher position on the left side of a smooth U-shaped groove track, released from rest and moving down toward the lowest point. Use a fixed near-perfect side view, with no motion, zoom, rotation, or shake; the camera optical axis is approximately perpendicular to the front face of the slider, so the slider appears as almost one visible face, with only slight perspective imperfection allowed. The vertical plane of the track is approximately parallel to the image plane. Use a simple, uniform background with consistent color and texture, no clutter, no occlusion, and no other similar moving targets. Lighting should be even and stable, with faint soft-edged shadows that do not interfere with automatic segmentation and tracking. The object remains fully visible with clear boundaries, and the 8 cm side length can be used for scale calibration, so the center pixel trajectory can be converted into a real trajectory. Track only the object center, and keep the release point, downward motion, and motion near the lowest point visible."
430,B4.1,430,E030,"Generate a fixed side-view video of a green solid sphere with diameter 3 cm placed at a higher position on the left side of a smooth inclined track, released from rest and moving down toward the lowest point. The camera is fixed, with no zoom, rotation, or shake, and the vertical plane of the track is approximately parallel to the image plane. Use a simple, uniform background with consistent color and texture, no clutter, no occlusion, and no other similar moving targets. Lighting should be even and stable, with faint soft-edged shadows that do not interfere with automatic segmentation and tracking. The object remains fully visible with clear boundaries, and the 3 cm diameter can be used for scale calibration, so the center pixel trajectory can be converted into a real trajectory. Track only the object center, and keep the release point, downward motion, and motion near the lowest point visible."
431,B4.1,431,E031,"Generate a fixed side-view video of a yellow standard tennis ball placed at a higher position on the left side of a smooth curved track, released from rest and moving down toward the lowest point. The camera is fixed, with no zoom, rotation, or shake, and the vertical plane of the track is approximately parallel to the image plane. Use a simple, uniform background with consistent color and texture, no clutter, no occlusion, and no other similar moving targets. Lighting should be even and stable, with faint soft-edged shadows that do not interfere with automatic segmentation and tracking. The object remains fully visible with clear boundaries, and the real-world standard size of the standard tennis ball can be used as the scale reference, so the center pixel trajectory can be converted into a real trajectory. Track only the object center, and keep the release point, downward motion, and motion near the lowest point visible."
432,B4.1,432,E032,"Generate a fixed side-view video of a orange standard basketball placed at a higher position on the left side of a smooth U-shaped groove track, released from rest and moving down toward the lowest point. The camera is fixed, with no zoom, rotation, or shake, and the vertical plane of the track is approximately parallel to the image plane. Use a simple, uniform background with consistent color and texture, no clutter, no occlusion, and no other similar moving targets. Lighting should be even and stable, with faint soft-edged shadows that do not interfere with automatic segmentation and tracking. The object remains fully visible with clear boundaries, and the real-world standard size of the standard basketball can be used as the scale reference, so the center pixel trajectory can be converted into a real trajectory. Track only the object center, and keep the release point, downward motion, and motion near the lowest point visible."
433,B4.1,433,E033,"Generate a fixed side-view video of a purple square slider whose front face is a clearly visible square with side length 6 cm placed at a higher position on the left side of a smooth inclined track, released from rest and moving down toward the lowest point. Use a fixed near-perfect side view, with no motion, zoom, rotation, or shake; the camera optical axis is approximately perpendicular to the front face of the slider, so the slider appears as almost one visible face, with only slight perspective imperfection allowed. The vertical plane of the track is approximately parallel to the image plane. Use a simple, uniform background with consistent color and texture, no clutter, no occlusion, and no other similar moving targets. Lighting should be even and stable, with faint soft-edged shadows that do not interfere with automatic segmentation and tracking. The object remains fully visible with clear boundaries, and the 6 cm side length can be used for scale calibration, so the center pixel trajectory can be converted into a real trajectory. Track only the object center, and keep the release point, downward motion, and motion near the lowest point visible."
434,B4.1,434,E034,"Generate a fixed side-view video of a black solid sphere with diameter 5 cm placed at a higher position on the left side of a smooth curved track, released from rest and moving down toward the lowest point. The camera is fixed, with no zoom, rotation, or shake, and the vertical plane of the track is approximately parallel to the image plane. Use a simple, uniform background with consistent color and texture, no clutter, no occlusion, and no other similar moving targets. Lighting should be even and stable, with faint soft-edged shadows that do not interfere with automatic segmentation and tracking. The object remains fully visible with clear boundaries, and the 5 cm diameter can be used for scale calibration, so the center pixel trajectory can be converted into a real trajectory. Track only the object center, and keep the release point, downward motion, and motion near the lowest point visible."
435,B4.1,435,E035,"Generate a fixed side-view video of a white standard tennis ball placed at a higher position on the left side of a smooth U-shaped groove track, released from rest and moving down toward the lowest point. The camera is fixed, with no zoom, rotation, or shake, and the vertical plane of the track is approximately parallel to the image plane. Use a simple, uniform background with consistent color and texture, no clutter, no occlusion, and no other similar moving targets. Lighting should be even and stable, with faint soft-edged shadows that do not interfere with automatic segmentation and tracking. The object remains fully visible with clear boundaries, and the real-world standard size of the standard tennis ball can be used as the scale reference, so the center pixel trajectory can be converted into a real trajectory. Track only the object center, and keep the release point, downward motion, and motion near the lowest point visible."
436,B4.1,436,E036,"Generate a fixed side-view video of a cyan standard basketball placed at a higher position on the left side of a smooth inclined track, released from rest and moving down toward the lowest point. The camera is fixed, with no zoom, rotation, or shake, and the vertical plane of the track is approximately parallel to the image plane. Use a simple, uniform background with consistent color and texture, no clutter, no occlusion, and no other similar moving targets. Lighting should be even and stable, with faint soft-edged shadows that do not interfere with automatic segmentation and tracking. The object remains fully visible with clear boundaries, and the real-world standard size of the standard basketball can be used as the scale reference, so the center pixel trajectory can be converted into a real trajectory. Track only the object center, and keep the release point, downward motion, and motion near the lowest point visible."
437,B4.1,437,E037,"Generate a fixed side-view video of a pink square slider whose front face is a clearly visible square with side length 10 cm placed at a higher position on the left side of a smooth curved track, released from rest and moving down toward the lowest point. Use a fixed near-perfect side view, with no motion, zoom, rotation, or shake; the camera optical axis is approximately perpendicular to the front face of the slider, so the slider appears as almost one visible face, with only slight perspective imperfection allowed. The vertical plane of the track is approximately parallel to the image plane. Use a simple, uniform background with consistent color and texture, no clutter, no occlusion, and no other similar moving targets. Lighting should be even and stable, with faint soft-edged shadows that do not interfere with automatic segmentation and tracking. The object remains fully visible with clear boundaries, and the 10 cm side length can be used for scale calibration, so the center pixel trajectory can be converted into a real trajectory. Track only the object center, and keep the release point, downward motion, and motion near the lowest point visible."
438,B4.1,438,E038,"Generate a fixed side-view video of a red solid sphere with diameter 4 cm placed at a higher position on the left side of a smooth U-shaped groove track, released from rest and moving down toward the lowest point. The camera is fixed, with no zoom, rotation, or shake, and the vertical plane of the track is approximately parallel to the image plane. Use a simple, uniform background with consistent color and texture, no clutter, no occlusion, and no other similar moving targets. Lighting should be even and stable, with faint soft-edged shadows that do not interfere with automatic segmentation and tracking. The object remains fully visible with clear boundaries, and the 4 cm diameter can be used for scale calibration, so the center pixel trajectory can be converted into a real trajectory. Track only the object center, and keep the release point, downward motion, and motion near the lowest point visible."
439,B4.1,439,E039,"Generate a fixed side-view video of a blue standard tennis ball placed at a higher position on the left side of a smooth inclined track, released from rest and moving down toward the lowest point. The camera is fixed, with no zoom, rotation, or shake, and the vertical plane of the track is approximately parallel to the image plane. Use a simple, uniform background with consistent color and texture, no clutter, no occlusion, and no other similar moving targets. Lighting should be even and stable, with faint soft-edged shadows that do not interfere with automatic segmentation and tracking. The object remains fully visible with clear boundaries, and the real-world standard size of the standard tennis ball can be used as the scale reference, so the center pixel trajectory can be converted into a real trajectory. Track only the object center, and keep the release point, downward motion, and motion near the lowest point visible."
440,B4.1,440,E040,"Generate a fixed side-view video of a green standard basketball placed at a higher position on the left side of a smooth curved track, released from rest and moving down toward the lowest point. The camera is fixed, with no zoom, rotation, or shake, and the vertical plane of the track is approximately parallel to the image plane. Use a simple, uniform background with consistent color and texture, no clutter, no occlusion, and no other similar moving targets. Lighting should be even and stable, with faint soft-edged shadows that do not interfere with automatic segmentation and tracking. The object remains fully visible with clear boundaries, and the real-world standard size of the standard basketball can be used as the scale reference, so the center pixel trajectory can be converted into a real trajectory. Track only the object center, and keep the release point, downward motion, and motion near the lowest point visible."
441,B4.1,441,E041,"Generate a fixed side-view video of a yellow square slider whose front face is a clearly visible square with side length 8 cm placed at a higher position on the left side of a smooth U-shaped groove track, released from rest and moving down toward the lowest point. Use a fixed near-perfect side view, with no motion, zoom, rotation, or shake; the camera optical axis is approximately perpendicular to the front face of the slider, so the slider appears as almost one visible face, with only slight perspective imperfection allowed. The vertical plane of the track is approximately parallel to the image plane. Use a simple, uniform background with consistent color and texture, no clutter, no occlusion, and no other similar moving targets. Lighting should be even and stable, with faint soft-edged shadows that do not interfere with automatic segmentation and tracking. The object remains fully visible with clear boundaries, and the 8 cm side length can be used for scale calibration, so the center pixel trajectory can be converted into a real trajectory. Track only the object center, and keep the release point, downward motion, and motion near the lowest point visible."
442,B4.1,442,E042,"Generate a fixed side-view video of a orange solid sphere with diameter 3 cm placed at a higher position on the left side of a smooth inclined track, released from rest and moving down toward the lowest point. The camera is fixed, with no zoom, rotation, or shake, and the vertical plane of the track is approximately parallel to the image plane. Use a simple, uniform background with consistent color and texture, no clutter, no occlusion, and no other similar moving targets. Lighting should be even and stable, with faint soft-edged shadows that do not interfere with automatic segmentation and tracking. The object remains fully visible with clear boundaries, and the 3 cm diameter can be used for scale calibration, so the center pixel trajectory can be converted into a real trajectory. Track only the object center, and keep the release point, downward motion, and motion near the lowest point visible."
443,B4.1,443,E043,"Generate a fixed side-view video of a purple standard tennis ball placed at a higher position on the left side of a smooth curved track, released from rest and moving down toward the lowest point. The camera is fixed, with no zoom, rotation, or shake, and the vertical plane of the track is approximately parallel to the image plane. Use a simple, uniform background with consistent color and texture, no clutter, no occlusion, and no other similar moving targets. Lighting should be even and stable, with faint soft-edged shadows that do not interfere with automatic segmentation and tracking. The object remains fully visible with clear boundaries, and the real-world standard size of the standard tennis ball can be used as the scale reference, so the center pixel trajectory can be converted into a real trajectory. Track only the object center, and keep the release point, downward motion, and motion near the lowest point visible."
444,B4.1,444,E044,"Generate a fixed side-view video of a black standard basketball placed at a higher position on the left side of a smooth U-shaped groove track, released from rest and moving down toward the lowest point. The camera is fixed, with no zoom, rotation, or shake, and the vertical plane of the track is approximately parallel to the image plane. Use a simple, uniform background with consistent color and texture, no clutter, no occlusion, and no other similar moving targets. Lighting should be even and stable, with faint soft-edged shadows that do not interfere with automatic segmentation and tracking. The object remains fully visible with clear boundaries, and the real-world standard size of the standard basketball can be used as the scale reference, so the center pixel trajectory can be converted into a real trajectory. Track only the object center, and keep the release point, downward motion, and motion near the lowest point visible."
445,B4.1,445,E045,"Generate a fixed side-view video of a white square slider whose front face is a clearly visible square with side length 6 cm placed at a higher position on the left side of a smooth inclined track, released from rest and moving down toward the lowest point. Use a fixed near-perfect side view, with no motion, zoom, rotation, or shake; the camera optical axis is approximately perpendicular to the front face of the slider, so the slider appears as almost one visible face, with only slight perspective imperfection allowed. The vertical plane of the track is approximately parallel to the image plane. Use a simple, uniform background with consistent color and texture, no clutter, no occlusion, and no other similar moving targets. Lighting should be even and stable, with faint soft-edged shadows that do not interfere with automatic segmentation and tracking. The object remains fully visible with clear boundaries, and the 6 cm side length can be used for scale calibration, so the center pixel trajectory can be converted into a real trajectory. Track only the object center, and keep the release point, downward motion, and motion near the lowest point visible."
446,B4.1,446,E046,"Generate a fixed side-view video of a cyan solid sphere with diameter 5 cm placed at a higher position on the left side of a smooth curved track, released from rest and moving down toward the lowest point. The camera is fixed, with no zoom, rotation, or shake, and the vertical plane of the track is approximately parallel to the image plane. Use a simple, uniform background with consistent color and texture, no clutter, no occlusion, and no other similar moving targets. Lighting should be even and stable, with faint soft-edged shadows that do not interfere with automatic segmentation and tracking. The object remains fully visible with clear boundaries, and the 5 cm diameter can be used for scale calibration, so the center pixel trajectory can be converted into a real trajectory. Track only the object center, and keep the release point, downward motion, and motion near the lowest point visible."
447,B4.1,447,E047,"Generate a fixed side-view video of a pink standard tennis ball placed at a higher position on the left side of a smooth U-shaped groove track, released from rest and moving down toward the lowest point. The camera is fixed, with no zoom, rotation, or shake, and the vertical plane of the track is approximately parallel to the image plane. Use a simple, uniform background with consistent color and texture, no clutter, no occlusion, and no other similar moving targets. Lighting should be even and stable, with faint soft-edged shadows that do not interfere with automatic segmentation and tracking. The object remains fully visible with clear boundaries, and the real-world standard size of the standard tennis ball can be used as the scale reference, so the center pixel trajectory can be converted into a real trajectory. Track only the object center, and keep the release point, downward motion, and motion near the lowest point visible."
448,B4.1,448,E048,"Generate a fixed side-view video of a red standard basketball placed at a higher position on the left side of a smooth inclined track, released from rest and moving down toward the lowest point. The camera is fixed, with no zoom, rotation, or shake, and the vertical plane of the track is approximately parallel to the image plane. Use a simple, uniform background with consistent color and texture, no clutter, no occlusion, and no other similar moving targets. Lighting should be even and stable, with faint soft-edged shadows that do not interfere with automatic segmentation and tracking. The object remains fully visible with clear boundaries, and the real-world standard size of the standard basketball can be used as the scale reference, so the center pixel trajectory can be converted into a real trajectory. Track only the object center, and keep the release point, downward motion, and motion near the lowest point visible."
449,B4.1,449,E049,"Generate a fixed side-view video of a blue square slider whose front face is a clearly visible square with side length 10 cm placed at a higher position on the left side of a smooth curved track, released from rest and moving down toward the lowest point. Use a fixed near-perfect side view, with no motion, zoom, rotation, or shake; the camera optical axis is approximately perpendicular to the front face of the slider, so the slider appears as almost one visible face, with only slight perspective imperfection allowed. The vertical plane of the track is approximately parallel to the image plane. Use a simple, uniform background with consistent color and texture, no clutter, no occlusion, and no other similar moving targets. Lighting should be even and stable, with faint soft-edged shadows that do not interfere with automatic segmentation and tracking. The object remains fully visible with clear boundaries, and the 10 cm side length can be used for scale calibration, so the center pixel trajectory can be converted into a real trajectory. Track only the object center, and keep the release point, downward motion, and motion near the lowest point visible."
450,B4.1,450,E050,"Generate a fixed side-view video of a green solid sphere with diameter 4 cm placed at a higher position on the left side of a smooth U-shaped groove track, released from rest and moving down toward the lowest point. The camera is fixed, with no zoom, rotation, or shake, and the vertical plane of the track is approximately parallel to the image plane. Use a simple, uniform background with consistent color and texture, no clutter, no occlusion, and no other similar moving targets. Lighting should be even and stable, with faint soft-edged shadows that do not interfere with automatic segmentation and tracking. The object remains fully visible with clear boundaries, and the 4 cm diameter can be used for scale calibration, so the center pixel trajectory can be converted into a real trajectory. Track only the object center, and keep the release point, downward motion, and motion near the lowest point visible."
451,B4.2,451,P001,"Generate a fixed side-view video of two differently colored square sliders undergoing a one-dimensional head-on collision on a low-friction horizontal straight track. The red object has mass 0.25 kg and moves from left to right in a straight line; the blue object has mass 0.20 kg and is initially stationary. The camera is fixed, with no zoom, rotation, or shake, and the motion line is approximately parallel to the image plane. Use a simple, uniform background with consistent color and texture, no clutter, no occlusion, and no other similar moving targets. Lighting should be even and stable, with faint soft-edged shadows that do not interfere with automatic segmentation and tracking. Both targets remain fully visible, clearly distinguishable in color, and clearly bounded. Track the centers of the two targets separately, and keep straight-motion windows before and after the collision or separation visible."
452,B4.2,452,P002,"Generate a fixed side-view video of two differently colored small carts undergoing a one-dimensional collision and sticking together on a low-friction horizontal straight track. The red object has mass 0.30 kg and moves from left to right in a straight line; the blue object has mass 0.15 kg and is initially stationary. The camera is fixed, with no zoom, rotation, or shake, and the motion line is approximately parallel to the image plane. Use a simple, uniform background with consistent color and texture, no clutter, no occlusion, and no other similar moving targets. Lighting should be even and stable, with faint soft-edged shadows that do not interfere with automatic segmentation and tracking. Both targets remain fully visible, clearly distinguishable in color, and clearly bounded. Track the centers of the two targets separately, and keep straight-motion windows before and after the collision or separation visible."
453,B4.2,453,P003,"Generate a fixed side-view video of two differently colored standard balls undergoing a pushed apart along the same line by an internal spring from rest on a low-friction horizontal straight track. The red object has mass 0.15 kg, the blue object has mass 0.30 kg, and both objects are initially stationary. The camera is fixed, with no zoom, rotation, or shake, and the motion line is approximately parallel to the image plane. Use a simple, uniform background with consistent color and texture, no clutter, no occlusion, and no other similar moving targets. Lighting should be even and stable, with faint soft-edged shadows that do not interfere with automatic segmentation and tracking. Both targets remain fully visible, clearly distinguishable in color, and clearly bounded. Track the centers of the two targets separately, and keep straight-motion windows before and after the collision or separation visible."
454,B4.2,454,P004,"Generate a fixed side-view video of two differently colored square sliders undergoing a one-dimensional head-on collision on a low-friction horizontal straight track. The red object has mass 0.10 kg and moves from left to right in a straight line; the blue object has mass 0.20 kg and is initially stationary. The camera is fixed, with no zoom, rotation, or shake, and the motion line is approximately parallel to the image plane. Use a simple, uniform background with consistent color and texture, no clutter, no occlusion, and no other similar moving targets. Lighting should be even and stable, with faint soft-edged shadows that do not interfere with automatic segmentation and tracking. Both targets remain fully visible, clearly distinguishable in color, and clearly bounded. Track the centers of the two targets separately, and keep straight-motion windows before and after the collision or separation visible."
455,B4.2,455,P005,"Generate a fixed top-view video of two differently colored small carts undergoing a one-dimensional collision and sticking together on a low-friction horizontal straight track. The red object has mass 0.20 kg and moves from left to right in a straight line; the blue object has mass 0.20 kg and is initially stationary. The camera is fixed directly above the motion plane, with no motion, zoom, or rotation, and the motion plane is approximately parallel to the image plane. Use a simple, uniform background with consistent color and texture, no clutter, no occlusion, and no other similar moving targets. Lighting should be even and stable, with faint soft-edged shadows that do not interfere with automatic segmentation and tracking. Both targets remain fully visible, clearly distinguishable in color, and clearly bounded. Track the centers of the two targets separately, and keep straight-motion windows before and after the collision or separation visible."
456,B4.2,456,P006,"Generate a fixed side-view video of two differently colored standard balls undergoing a pushed apart along the same line by an internal spring from rest on a low-friction horizontal straight track. The red object has mass 0.25 kg, the blue object has mass 0.20 kg, and both objects are initially stationary. The camera is fixed, with no zoom, rotation, or shake, and the motion line is approximately parallel to the image plane. Use a simple, uniform background with consistent color and texture, no clutter, no occlusion, and no other similar moving targets. Lighting should be even and stable, with faint soft-edged shadows that do not interfere with automatic segmentation and tracking. Both targets remain fully visible, clearly distinguishable in color, and clearly bounded. Track the centers of the two targets separately, and keep straight-motion windows before and after the collision or separation visible."
457,B4.2,457,P007,"Generate a fixed side-view video of two differently colored square sliders undergoing a one-dimensional head-on collision on a low-friction horizontal straight track. The red object has mass 0.30 kg and moves from left to right in a straight line; the blue object has mass 0.15 kg and is initially stationary. The camera is fixed, with no zoom, rotation, or shake, and the motion line is approximately parallel to the image plane. Use a simple, uniform background with consistent color and texture, no clutter, no occlusion, and no other similar moving targets. Lighting should be even and stable, with faint soft-edged shadows that do not interfere with automatic segmentation and tracking. Both targets remain fully visible, clearly distinguishable in color, and clearly bounded. Track the centers of the two targets separately, and keep straight-motion windows before and after the collision or separation visible."
458,B4.2,458,P008,"Generate a fixed side-view video of two differently colored small carts undergoing a one-dimensional collision and sticking together on a low-friction horizontal straight track. The red object has mass 0.15 kg and moves from left to right in a straight line; the blue object has mass 0.30 kg and is initially stationary. The camera is fixed, with no zoom, rotation, or shake, and the motion line is approximately parallel to the image plane. Use a simple, uniform background with consistent color and texture, no clutter, no occlusion, and no other similar moving targets. Lighting should be even and stable, with faint soft-edged shadows that do not interfere with automatic segmentation and tracking. Both targets remain fully visible, clearly distinguishable in color, and clearly bounded. Track the centers of the two targets separately, and keep straight-motion windows before and after the collision or separation visible."
459,B4.2,459,P009,"Generate a fixed side-view video of two differently colored standard balls undergoing a pushed apart along the same line by an internal spring from rest on a low-friction horizontal straight track. The red object has mass 0.10 kg, the blue object has mass 0.20 kg, and both objects are initially stationary. The camera is fixed, with no zoom, rotation, or shake, and the motion line is approximately parallel to the image plane. Use a simple, uniform background with consistent color and texture, no clutter, no occlusion, and no other similar moving targets. Lighting should be even and stable, with faint soft-edged shadows that do not interfere with automatic segmentation and tracking. Both targets remain fully visible, clearly distinguishable in color, and clearly bounded. Track the centers of the two targets separately, and keep straight-motion windows before and after the collision or separation visible."
460,B4.2,460,P010,"Generate a fixed top-view video of two differently colored square sliders undergoing a one-dimensional head-on collision on a low-friction horizontal straight track. The red object has mass 0.20 kg and moves from left to right in a straight line; the blue object has mass 0.20 kg and is initially stationary. The camera is fixed directly above the motion plane, with no motion, zoom, or rotation, and the motion plane is approximately parallel to the image plane. Use a simple, uniform background with consistent color and texture, no clutter, no occlusion, and no other similar moving targets. Lighting should be even and stable, with faint soft-edged shadows that do not interfere with automatic segmentation and tracking. Both targets remain fully visible, clearly distinguishable in color, and clearly bounded. Track the centers of the two targets separately, and keep straight-motion windows before and after the collision or separation visible."
461,B4.2,461,P011,"Generate a fixed side-view video of two differently colored small carts undergoing a one-dimensional collision and sticking together on a low-friction horizontal straight track. The red object has mass 0.25 kg and moves from left to right in a straight line; the blue object has mass 0.20 kg and is initially stationary. The camera is fixed, with no zoom, rotation, or shake, and the motion line is approximately parallel to the image plane. Use a simple, uniform background with consistent color and texture, no clutter, no occlusion, and no other similar moving targets. Lighting should be even and stable, with faint soft-edged shadows that do not interfere with automatic segmentation and tracking. Both targets remain fully visible, clearly distinguishable in color, and clearly bounded. Track the centers of the two targets separately, and keep straight-motion windows before and after the collision or separation visible."
462,B4.2,462,P012,"Generate a fixed side-view video of two differently colored standard balls undergoing a pushed apart along the same line by an internal spring from rest on a low-friction horizontal straight track. The red object has mass 0.30 kg, the blue object has mass 0.15 kg, and both objects are initially stationary. The camera is fixed, with no zoom, rotation, or shake, and the motion line is approximately parallel to the image plane. Use a simple, uniform background with consistent color and texture, no clutter, no occlusion, and no other similar moving targets. Lighting should be even and stable, with faint soft-edged shadows that do not interfere with automatic segmentation and tracking. Both targets remain fully visible, clearly distinguishable in color, and clearly bounded. Track the centers of the two targets separately, and keep straight-motion windows before and after the collision or separation visible."
463,B4.2,463,P013,"Generate a fixed side-view video of two differently colored square sliders undergoing a one-dimensional head-on collision on a low-friction horizontal straight track. The red object has mass 0.15 kg and moves from left to right in a straight line; the blue object has mass 0.30 kg and is initially stationary. The camera is fixed, with no zoom, rotation, or shake, and the motion line is approximately parallel to the image plane. Use a simple, uniform background with consistent color and texture, no clutter, no occlusion, and no other similar moving targets. Lighting should be even and stable, with faint soft-edged shadows that do not interfere with automatic segmentation and tracking. Both targets remain fully visible, clearly distinguishable in color, and clearly bounded. Track the centers of the two targets separately, and keep straight-motion windows before and after the collision or separation visible."
464,B4.2,464,P014,"Generate a fixed side-view video of two differently colored small carts undergoing a one-dimensional collision and sticking together on a low-friction horizontal straight track. The red object has mass 0.10 kg and moves from left to right in a straight line; the blue object has mass 0.20 kg and is initially stationary. The camera is fixed, with no zoom, rotation, or shake, and the motion line is approximately parallel to the image plane. Use a simple, uniform background with consistent color and texture, no clutter, no occlusion, and no other similar moving targets. Lighting should be even and stable, with faint soft-edged shadows that do not interfere with automatic segmentation and tracking. Both targets remain fully visible, clearly distinguishable in color, and clearly bounded. Track the centers of the two targets separately, and keep straight-motion windows before and after the collision or separation visible."
465,B4.2,465,P015,"Generate a fixed top-view video of two differently colored standard balls undergoing a pushed apart along the same line by an internal spring from rest on a low-friction horizontal straight track. The red object has mass 0.20 kg, the blue object has mass 0.20 kg, and both objects are initially stationary. The camera is fixed directly above the motion plane, with no motion, zoom, or rotation, and the motion plane is approximately parallel to the image plane. Use a simple, uniform background with consistent color and texture, no clutter, no occlusion, and no other similar moving targets. Lighting should be even and stable, with faint soft-edged shadows that do not interfere with automatic segmentation and tracking. Both targets remain fully visible, clearly distinguishable in color, and clearly bounded. Track the centers of the two targets separately, and keep straight-motion windows before and after the collision or separation visible."
466,B4.2,466,P016,"Generate a fixed side-view video of two differently colored square sliders undergoing a one-dimensional head-on collision on a low-friction horizontal straight track. The red object has mass 0.25 kg and moves from left to right in a straight line; the blue object has mass 0.20 kg and is initially stationary. The camera is fixed, with no zoom, rotation, or shake, and the motion line is approximately parallel to the image plane. Use a simple, uniform background with consistent color and texture, no clutter, no occlusion, and no other similar moving targets. Lighting should be even and stable, with faint soft-edged shadows that do not interfere with automatic segmentation and tracking. Both targets remain fully visible, clearly distinguishable in color, and clearly bounded. Track the centers of the two targets separately, and keep straight-motion windows before and after the collision or separation visible."
467,B4.2,467,P017,"Generate a fixed side-view video of two differently colored small carts undergoing a one-dimensional collision and sticking together on a low-friction horizontal straight track. The red object has mass 0.30 kg and moves from left to right in a straight line; the blue object has mass 0.15 kg and is initially stationary. The camera is fixed, with no zoom, rotation, or shake, and the motion line is approximately parallel to the image plane. Use a simple, uniform background with consistent color and texture, no clutter, no occlusion, and no other similar moving targets. Lighting should be even and stable, with faint soft-edged shadows that do not interfere with automatic segmentation and tracking. Both targets remain fully visible, clearly distinguishable in color, and clearly bounded. Track the centers of the two targets separately, and keep straight-motion windows before and after the collision or separation visible."
468,B4.2,468,P018,"Generate a fixed side-view video of two differently colored standard balls undergoing a pushed apart along the same line by an internal spring from rest on a low-friction horizontal straight track. The red object has mass 0.15 kg, the blue object has mass 0.30 kg, and both objects are initially stationary. The camera is fixed, with no zoom, rotation, or shake, and the motion line is approximately parallel to the image plane. Use a simple, uniform background with consistent color and texture, no clutter, no occlusion, and no other similar moving targets. Lighting should be even and stable, with faint soft-edged shadows that do not interfere with automatic segmentation and tracking. Both targets remain fully visible, clearly distinguishable in color, and clearly bounded. Track the centers of the two targets separately, and keep straight-motion windows before and after the collision or separation visible."
469,B4.2,469,P019,"Generate a fixed side-view video of two differently colored square sliders undergoing a one-dimensional head-on collision on a low-friction horizontal straight track. The red object has mass 0.10 kg and moves from left to right in a straight line; the blue object has mass 0.20 kg and is initially stationary. The camera is fixed, with no zoom, rotation, or shake, and the motion line is approximately parallel to the image plane. Use a simple, uniform background with consistent color and texture, no clutter, no occlusion, and no other similar moving targets. Lighting should be even and stable, with faint soft-edged shadows that do not interfere with automatic segmentation and tracking. Both targets remain fully visible, clearly distinguishable in color, and clearly bounded. Track the centers of the two targets separately, and keep straight-motion windows before and after the collision or separation visible."
470,B4.2,470,P020,"Generate a fixed top-view video of two differently colored small carts undergoing a one-dimensional collision and sticking together on a low-friction horizontal straight track. The red object has mass 0.20 kg and moves from left to right in a straight line; the blue object has mass 0.20 kg and is initially stationary. The camera is fixed directly above the motion plane, with no motion, zoom, or rotation, and the motion plane is approximately parallel to the image plane. Use a simple, uniform background with consistent color and texture, no clutter, no occlusion, and no other similar moving targets. Lighting should be even and stable, with faint soft-edged shadows that do not interfere with automatic segmentation and tracking. Both targets remain fully visible, clearly distinguishable in color, and clearly bounded. Track the centers of the two targets separately, and keep straight-motion windows before and after the collision or separation visible."
471,B4.2,471,P021,"Generate a fixed side-view video of two differently colored standard balls undergoing a pushed apart along the same line by an internal spring from rest on a low-friction horizontal straight track. The red object has mass 0.25 kg, the blue object has mass 0.20 kg, and both objects are initially stationary. The camera is fixed, with no zoom, rotation, or shake, and the motion line is approximately parallel to the image plane. Use a simple, uniform background with consistent color and texture, no clutter, no occlusion, and no other similar moving targets. Lighting should be even and stable, with faint soft-edged shadows that do not interfere with automatic segmentation and tracking. Both targets remain fully visible, clearly distinguishable in color, and clearly bounded. Track the centers of the two targets separately, and keep straight-motion windows before and after the collision or separation visible."
472,B4.2,472,P022,"Generate a fixed side-view video of two differently colored square sliders undergoing a one-dimensional head-on collision on a low-friction horizontal straight track. The red object has mass 0.30 kg and moves from left to right in a straight line; the blue object has mass 0.15 kg and is initially stationary. The camera is fixed, with no zoom, rotation, or shake, and the motion line is approximately parallel to the image plane. Use a simple, uniform background with consistent color and texture, no clutter, no occlusion, and no other similar moving targets. Lighting should be even and stable, with faint soft-edged shadows that do not interfere with automatic segmentation and tracking. Both targets remain fully visible, clearly distinguishable in color, and clearly bounded. Track the centers of the two targets separately, and keep straight-motion windows before and after the collision or separation visible."
473,B4.2,473,P023,"Generate a fixed side-view video of two differently colored small carts undergoing a one-dimensional collision and sticking together on a low-friction horizontal straight track. The red object has mass 0.15 kg and moves from left to right in a straight line; the blue object has mass 0.30 kg and is initially stationary. The camera is fixed, with no zoom, rotation, or shake, and the motion line is approximately parallel to the image plane. Use a simple, uniform background with consistent color and texture, no clutter, no occlusion, and no other similar moving targets. Lighting should be even and stable, with faint soft-edged shadows that do not interfere with automatic segmentation and tracking. Both targets remain fully visible, clearly distinguishable in color, and clearly bounded. Track the centers of the two targets separately, and keep straight-motion windows before and after the collision or separation visible."
474,B4.2,474,P024,"Generate a fixed side-view video of two differently colored standard balls undergoing a pushed apart along the same line by an internal spring from rest on a low-friction horizontal straight track. The red object has mass 0.10 kg, the blue object has mass 0.20 kg, and both objects are initially stationary. The camera is fixed, with no zoom, rotation, or shake, and the motion line is approximately parallel to the image plane. Use a simple, uniform background with consistent color and texture, no clutter, no occlusion, and no other similar moving targets. Lighting should be even and stable, with faint soft-edged shadows that do not interfere with automatic segmentation and tracking. Both targets remain fully visible, clearly distinguishable in color, and clearly bounded. Track the centers of the two targets separately, and keep straight-motion windows before and after the collision or separation visible."
475,B4.2,475,P025,"Generate a fixed top-view video of two differently colored square sliders undergoing a one-dimensional head-on collision on a low-friction horizontal straight track. The red object has mass 0.20 kg and moves from left to right in a straight line; the blue object has mass 0.20 kg and is initially stationary. The camera is fixed directly above the motion plane, with no motion, zoom, or rotation, and the motion plane is approximately parallel to the image plane. Use a simple, uniform background with consistent color and texture, no clutter, no occlusion, and no other similar moving targets. Lighting should be even and stable, with faint soft-edged shadows that do not interfere with automatic segmentation and tracking. Both targets remain fully visible, clearly distinguishable in color, and clearly bounded. Track the centers of the two targets separately, and keep straight-motion windows before and after the collision or separation visible."
476,B4.2,476,P026,"Generate a fixed side-view video of two differently colored small carts undergoing a one-dimensional collision and sticking together on a low-friction horizontal straight track. The red object has mass 0.25 kg and moves from left to right in a straight line; the blue object has mass 0.20 kg and is initially stationary. The camera is fixed, with no zoom, rotation, or shake, and the motion line is approximately parallel to the image plane. Use a simple, uniform background with consistent color and texture, no clutter, no occlusion, and no other similar moving targets. Lighting should be even and stable, with faint soft-edged shadows that do not interfere with automatic segmentation and tracking. Both targets remain fully visible, clearly distinguishable in color, and clearly bounded. Track the centers of the two targets separately, and keep straight-motion windows before and after the collision or separation visible."
477,B4.2,477,P027,"Generate a fixed side-view video of two differently colored standard balls undergoing a pushed apart along the same line by an internal spring from rest on a low-friction horizontal straight track. The red object has mass 0.30 kg, the blue object has mass 0.15 kg, and both objects are initially stationary. The camera is fixed, with no zoom, rotation, or shake, and the motion line is approximately parallel to the image plane. Use a simple, uniform background with consistent color and texture, no clutter, no occlusion, and no other similar moving targets. Lighting should be even and stable, with faint soft-edged shadows that do not interfere with automatic segmentation and tracking. Both targets remain fully visible, clearly distinguishable in color, and clearly bounded. Track the centers of the two targets separately, and keep straight-motion windows before and after the collision or separation visible."
478,B4.2,478,P028,"Generate a fixed side-view video of two differently colored square sliders undergoing a one-dimensional head-on collision on a low-friction horizontal straight track. The red object has mass 0.15 kg and moves from left to right in a straight line; the blue object has mass 0.30 kg and is initially stationary. The camera is fixed, with no zoom, rotation, or shake, and the motion line is approximately parallel to the image plane. Use a simple, uniform background with consistent color and texture, no clutter, no occlusion, and no other similar moving targets. Lighting should be even and stable, with faint soft-edged shadows that do not interfere with automatic segmentation and tracking. Both targets remain fully visible, clearly distinguishable in color, and clearly bounded. Track the centers of the two targets separately, and keep straight-motion windows before and after the collision or separation visible."
479,B4.2,479,P029,"Generate a fixed side-view video of two differently colored small carts undergoing a one-dimensional collision and sticking together on a low-friction horizontal straight track. The red object has mass 0.10 kg and moves from left to right in a straight line; the blue object has mass 0.20 kg and is initially stationary. The camera is fixed, with no zoom, rotation, or shake, and the motion line is approximately parallel to the image plane. Use a simple, uniform background with consistent color and texture, no clutter, no occlusion, and no other similar moving targets. Lighting should be even and stable, with faint soft-edged shadows that do not interfere with automatic segmentation and tracking. Both targets remain fully visible, clearly distinguishable in color, and clearly bounded. Track the centers of the two targets separately, and keep straight-motion windows before and after the collision or separation visible."
480,B4.2,480,P030,"Generate a fixed top-view video of two differently colored standard balls undergoing a pushed apart along the same line by an internal spring from rest on a low-friction horizontal straight track. The red object has mass 0.20 kg, the blue object has mass 0.20 kg, and both objects are initially stationary. The camera is fixed directly above the motion plane, with no motion, zoom, or rotation, and the motion plane is approximately parallel to the image plane. Use a simple, uniform background with consistent color and texture, no clutter, no occlusion, and no other similar moving targets. Lighting should be even and stable, with faint soft-edged shadows that do not interfere with automatic segmentation and tracking. Both targets remain fully visible, clearly distinguishable in color, and clearly bounded. Track the centers of the two targets separately, and keep straight-motion windows before and after the collision or separation visible."
481,B4.2,481,P031,"Generate a fixed side-view video of two differently colored square sliders undergoing a one-dimensional head-on collision on a low-friction horizontal straight track. The red object has mass 0.25 kg and moves from left to right in a straight line; the blue object has mass 0.20 kg and is initially stationary. The camera is fixed, with no zoom, rotation, or shake, and the motion line is approximately parallel to the image plane. Use a simple, uniform background with consistent color and texture, no clutter, no occlusion, and no other similar moving targets. Lighting should be even and stable, with faint soft-edged shadows that do not interfere with automatic segmentation and tracking. Both targets remain fully visible, clearly distinguishable in color, and clearly bounded. Track the centers of the two targets separately, and keep straight-motion windows before and after the collision or separation visible."
482,B4.2,482,P032,"Generate a fixed side-view video of two differently colored small carts undergoing a one-dimensional collision and sticking together on a low-friction horizontal straight track. The red object has mass 0.30 kg and moves from left to right in a straight line; the blue object has mass 0.15 kg and is initially stationary. The camera is fixed, with no zoom, rotation, or shake, and the motion line is approximately parallel to the image plane. Use a simple, uniform background with consistent color and texture, no clutter, no occlusion, and no other similar moving targets. Lighting should be even and stable, with faint soft-edged shadows that do not interfere with automatic segmentation and tracking. Both targets remain fully visible, clearly distinguishable in color, and clearly bounded. Track the centers of the two targets separately, and keep straight-motion windows before and after the collision or separation visible."
483,B4.2,483,P033,"Generate a fixed side-view video of two differently colored standard balls undergoing a pushed apart along the same line by an internal spring from rest on a low-friction horizontal straight track. The red object has mass 0.15 kg, the blue object has mass 0.30 kg, and both objects are initially stationary. The camera is fixed, with no zoom, rotation, or shake, and the motion line is approximately parallel to the image plane. Use a simple, uniform background with consistent color and texture, no clutter, no occlusion, and no other similar moving targets. Lighting should be even and stable, with faint soft-edged shadows that do not interfere with automatic segmentation and tracking. Both targets remain fully visible, clearly distinguishable in color, and clearly bounded. Track the centers of the two targets separately, and keep straight-motion windows before and after the collision or separation visible."
484,B4.2,484,P034,"Generate a fixed side-view video of two differently colored square sliders undergoing a one-dimensional head-on collision on a low-friction horizontal straight track. The red object has mass 0.10 kg and moves from left to right in a straight line; the blue object has mass 0.20 kg and is initially stationary. The camera is fixed, with no zoom, rotation, or shake, and the motion line is approximately parallel to the image plane. Use a simple, uniform background with consistent color and texture, no clutter, no occlusion, and no other similar moving targets. Lighting should be even and stable, with faint soft-edged shadows that do not interfere with automatic segmentation and tracking. Both targets remain fully visible, clearly distinguishable in color, and clearly bounded. Track the centers of the two targets separately, and keep straight-motion windows before and after the collision or separation visible."
485,B4.2,485,P035,"Generate a fixed top-view video of two differently colored small carts undergoing a one-dimensional collision and sticking together on a low-friction horizontal straight track. The red object has mass 0.20 kg and moves from left to right in a straight line; the blue object has mass 0.20 kg and is initially stationary. The camera is fixed directly above the motion plane, with no motion, zoom, or rotation, and the motion plane is approximately parallel to the image plane. Use a simple, uniform background with consistent color and texture, no clutter, no occlusion, and no other similar moving targets. Lighting should be even and stable, with faint soft-edged shadows that do not interfere with automatic segmentation and tracking. Both targets remain fully visible, clearly distinguishable in color, and clearly bounded. Track the centers of the two targets separately, and keep straight-motion windows before and after the collision or separation visible."
486,B4.2,486,P036,"Generate a fixed side-view video of two differently colored standard balls undergoing a pushed apart along the same line by an internal spring from rest on a low-friction horizontal straight track. The red object has mass 0.25 kg, the blue object has mass 0.20 kg, and both objects are initially stationary. The camera is fixed, with no zoom, rotation, or shake, and the motion line is approximately parallel to the image plane. Use a simple, uniform background with consistent color and texture, no clutter, no occlusion, and no other similar moving targets. Lighting should be even and stable, with faint soft-edged shadows that do not interfere with automatic segmentation and tracking. Both targets remain fully visible, clearly distinguishable in color, and clearly bounded. Track the centers of the two targets separately, and keep straight-motion windows before and after the collision or separation visible."
487,B4.2,487,P037,"Generate a fixed side-view video of two differently colored square sliders undergoing a one-dimensional head-on collision on a low-friction horizontal straight track. The red object has mass 0.30 kg and moves from left to right in a straight line; the blue object has mass 0.15 kg and is initially stationary. The camera is fixed, with no zoom, rotation, or shake, and the motion line is approximately parallel to the image plane. Use a simple, uniform background with consistent color and texture, no clutter, no occlusion, and no other similar moving targets. Lighting should be even and stable, with faint soft-edged shadows that do not interfere with automatic segmentation and tracking. Both targets remain fully visible, clearly distinguishable in color, and clearly bounded. Track the centers of the two targets separately, and keep straight-motion windows before and after the collision or separation visible."
488,B4.2,488,P038,"Generate a fixed side-view video of two differently colored small carts undergoing a one-dimensional collision and sticking together on a low-friction horizontal straight track. The red object has mass 0.15 kg and moves from left to right in a straight line; the blue object has mass 0.30 kg and is initially stationary. The camera is fixed, with no zoom, rotation, or shake, and the motion line is approximately parallel to the image plane. Use a simple, uniform background with consistent color and texture, no clutter, no occlusion, and no other similar moving targets. Lighting should be even and stable, with faint soft-edged shadows that do not interfere with automatic segmentation and tracking. Both targets remain fully visible, clearly distinguishable in color, and clearly bounded. Track the centers of the two targets separately, and keep straight-motion windows before and after the collision or separation visible."
489,B4.2,489,P039,"Generate a fixed side-view video of two differently colored standard balls undergoing a pushed apart along the same line by an internal spring from rest on a low-friction horizontal straight track. The red object has mass 0.10 kg, the blue object has mass 0.20 kg, and both objects are initially stationary. The camera is fixed, with no zoom, rotation, or shake, and the motion line is approximately parallel to the image plane. Use a simple, uniform background with consistent color and texture, no clutter, no occlusion, and no other similar moving targets. Lighting should be even and stable, with faint soft-edged shadows that do not interfere with automatic segmentation and tracking. Both targets remain fully visible, clearly distinguishable in color, and clearly bounded. Track the centers of the two targets separately, and keep straight-motion windows before and after the collision or separation visible."
490,B4.2,490,P040,"Generate a fixed top-view video of two differently colored square sliders undergoing a one-dimensional head-on collision on a low-friction horizontal straight track. The red object has mass 0.20 kg and moves from left to right in a straight line; the blue object has mass 0.20 kg and is initially stationary. The camera is fixed directly above the motion plane, with no motion, zoom, or rotation, and the motion plane is approximately parallel to the image plane. Use a simple, uniform background with consistent color and texture, no clutter, no occlusion, and no other similar moving targets. Lighting should be even and stable, with faint soft-edged shadows that do not interfere with automatic segmentation and tracking. Both targets remain fully visible, clearly distinguishable in color, and clearly bounded. Track the centers of the two targets separately, and keep straight-motion windows before and after the collision or separation visible."
491,B4.2,491,P041,"Generate a fixed side-view video of two differently colored small carts undergoing a one-dimensional collision and sticking together on a low-friction horizontal straight track. The red object has mass 0.25 kg and moves from left to right in a straight line; the blue object has mass 0.20 kg and is initially stationary. The camera is fixed, with no zoom, rotation, or shake, and the motion line is approximately parallel to the image plane. Use a simple, uniform background with consistent color and texture, no clutter, no occlusion, and no other similar moving targets. Lighting should be even and stable, with faint soft-edged shadows that do not interfere with automatic segmentation and tracking. Both targets remain fully visible, clearly distinguishable in color, and clearly bounded. Track the centers of the two targets separately, and keep straight-motion windows before and after the collision or separation visible."
492,B4.2,492,P042,"Generate a fixed side-view video of two differently colored standard balls undergoing a pushed apart along the same line by an internal spring from rest on a low-friction horizontal straight track. The red object has mass 0.30 kg, the blue object has mass 0.15 kg, and both objects are initially stationary. The camera is fixed, with no zoom, rotation, or shake, and the motion line is approximately parallel to the image plane. Use a simple, uniform background with consistent color and texture, no clutter, no occlusion, and no other similar moving targets. Lighting should be even and stable, with faint soft-edged shadows that do not interfere with automatic segmentation and tracking. Both targets remain fully visible, clearly distinguishable in color, and clearly bounded. Track the centers of the two targets separately, and keep straight-motion windows before and after the collision or separation visible."
493,B4.2,493,P043,"Generate a fixed side-view video of two differently colored square sliders undergoing a one-dimensional head-on collision on a low-friction horizontal straight track. The red object has mass 0.15 kg and moves from left to right in a straight line; the blue object has mass 0.30 kg and is initially stationary. The camera is fixed, with no zoom, rotation, or shake, and the motion line is approximately parallel to the image plane. Use a simple, uniform background with consistent color and texture, no clutter, no occlusion, and no other similar moving targets. Lighting should be even and stable, with faint soft-edged shadows that do not interfere with automatic segmentation and tracking. Both targets remain fully visible, clearly distinguishable in color, and clearly bounded. Track the centers of the two targets separately, and keep straight-motion windows before and after the collision or separation visible."
494,B4.2,494,P044,"Generate a fixed side-view video of two differently colored small carts undergoing a one-dimensional collision and sticking together on a low-friction horizontal straight track. The red object has mass 0.10 kg and moves from left to right in a straight line; the blue object has mass 0.20 kg and is initially stationary. The camera is fixed, with no zoom, rotation, or shake, and the motion line is approximately parallel to the image plane. Use a simple, uniform background with consistent color and texture, no clutter, no occlusion, and no other similar moving targets. Lighting should be even and stable, with faint soft-edged shadows that do not interfere with automatic segmentation and tracking. Both targets remain fully visible, clearly distinguishable in color, and clearly bounded. Track the centers of the two targets separately, and keep straight-motion windows before and after the collision or separation visible."
495,B4.2,495,P045,"Generate a fixed top-view video of two differently colored standard balls undergoing a pushed apart along the same line by an internal spring from rest on a low-friction horizontal straight track. The red object has mass 0.20 kg, the blue object has mass 0.20 kg, and both objects are initially stationary. The camera is fixed directly above the motion plane, with no motion, zoom, or rotation, and the motion plane is approximately parallel to the image plane. Use a simple, uniform background with consistent color and texture, no clutter, no occlusion, and no other similar moving targets. Lighting should be even and stable, with faint soft-edged shadows that do not interfere with automatic segmentation and tracking. Both targets remain fully visible, clearly distinguishable in color, and clearly bounded. Track the centers of the two targets separately, and keep straight-motion windows before and after the collision or separation visible."
496,B4.2,496,P046,"Generate a fixed side-view video of two differently colored square sliders undergoing a one-dimensional head-on collision on a low-friction horizontal straight track. The red object has mass 0.25 kg and moves from left to right in a straight line; the blue object has mass 0.20 kg and is initially stationary. The camera is fixed, with no zoom, rotation, or shake, and the motion line is approximately parallel to the image plane. Use a simple, uniform background with consistent color and texture, no clutter, no occlusion, and no other similar moving targets. Lighting should be even and stable, with faint soft-edged shadows that do not interfere with automatic segmentation and tracking. Both targets remain fully visible, clearly distinguishable in color, and clearly bounded. Track the centers of the two targets separately, and keep straight-motion windows before and after the collision or separation visible."
497,B4.2,497,P047,"Generate a fixed side-view video of two differently colored small carts undergoing a one-dimensional collision and sticking together on a low-friction horizontal straight track. The red object has mass 0.30 kg and moves from left to right in a straight line; the blue object has mass 0.15 kg and is initially stationary. The camera is fixed, with no zoom, rotation, or shake, and the motion line is approximately parallel to the image plane. Use a simple, uniform background with consistent color and texture, no clutter, no occlusion, and no other similar moving targets. Lighting should be even and stable, with faint soft-edged shadows that do not interfere with automatic segmentation and tracking. Both targets remain fully visible, clearly distinguishable in color, and clearly bounded. Track the centers of the two targets separately, and keep straight-motion windows before and after the collision or separation visible."
498,B4.2,498,P048,"Generate a fixed side-view video of two differently colored standard balls undergoing a pushed apart along the same line by an internal spring from rest on a low-friction horizontal straight track. The red object has mass 0.15 kg, the blue object has mass 0.30 kg, and both objects are initially stationary. The camera is fixed, with no zoom, rotation, or shake, and the motion line is approximately parallel to the image plane. Use a simple, uniform background with consistent color and texture, no clutter, no occlusion, and no other similar moving targets. Lighting should be even and stable, with faint soft-edged shadows that do not interfere with automatic segmentation and tracking. Both targets remain fully visible, clearly distinguishable in color, and clearly bounded. Track the centers of the two targets separately, and keep straight-motion windows before and after the collision or separation visible."
499,B4.2,499,P049,"Generate a fixed side-view video of two differently colored square sliders undergoing a one-dimensional head-on collision on a low-friction horizontal straight track. The red object has mass 0.10 kg and moves from left to right in a straight line; the blue object has mass 0.20 kg and is initially stationary. The camera is fixed, with no zoom, rotation, or shake, and the motion line is approximately parallel to the image plane. Use a simple, uniform background with consistent color and texture, no clutter, no occlusion, and no other similar moving targets. Lighting should be even and stable, with faint soft-edged shadows that do not interfere with automatic segmentation and tracking. Both targets remain fully visible, clearly distinguishable in color, and clearly bounded. Track the centers of the two targets separately, and keep straight-motion windows before and after the collision or separation visible."
500,B4.2,500,P050,"Generate a fixed top-view video of two differently colored small carts undergoing a one-dimensional collision and sticking together on a low-friction horizontal straight track. The red object has mass 0.20 kg and moves from left to right in a straight line; the blue object has mass 0.20 kg and is initially stationary. The camera is fixed directly above the motion plane, with no motion, zoom, or rotation, and the motion plane is approximately parallel to the image plane. Use a simple, uniform background with consistent color and texture, no clutter, no occlusion, and no other similar moving targets. Lighting should be even and stable, with faint soft-edged shadows that do not interfere with automatic segmentation and tracking. Both targets remain fully visible, clearly distinguishable in color, and clearly bounded. Track the centers of the two targets separately, and keep straight-motion windows before and after the collision or separation visible."
